temporada,id_partido,fecha,fecha_partido,nombre_equipo_local,nombre_equipo_visitante,goles_equipo_local,goles_equipo_visitante,puntos_acumulados_local,wins_last10_local,draws_last10_local,losses_last10_local,goles_favor_last10_local,goles_contra_last10_local,current_win_streak_local,current_loss_streak_local,puntos_ultimos5_local,goles_favor_ultimos5_local,goles_contra_ultimos5_local,prom_goles_favor_ultimos5_local,prom_goles_contra_ultimos5_local,clean_sheets_last10_local,btts_last10_local,over25_last10_local,clean_sheets_last5_local,btts_last5_local,over25_last5_local,home_win_rate_local,away_win_rate_local,puntos_acumulados_visitante,wins_last10_visitante,draws_last10_visitante,losses_last10_visitante,goles_favor_last10_visitante,goles_contra_last10_visitante,current_win_streak_visitante,current_loss_streak_visitante,puntos_ultimos5_visitante,goles_favor_ultimos5_visitante,goles_contra_ultimos5_visitante,prom_goles_favor_ultimos5_visitante,prom_goles_contra_ultimos5_visitante,clean_sheets_last10_visitante,btts_last10_visitante,over25_last10_visitante,clean_sheets_last5_visitante,btts_last5_visitante,over25_last5_visitante,home_win_rate_visitante,away_win_rate_visitante,head2head_local_wins,head2head_local_draws,head2head_local_losses,head2head_visitante_wins,head2head_visitante_draws,head2head_visitante_losses,puntos_balance,goles_balance,posicion_tabla_local,posicion_tabla_visitante,diff_posicion_tabla,dias_descanso_local,dias_descanso_visitante,diff_dias_descanso,elo_rating_local,elo_rating_visitante,diff_elo_rating,valor_mercado_local,valor_mercado_visitante,jugadores_lesionados_local,jugadores_lesionados_visitante,titulares_sancionados_local,titulares_sancionados_visitante
2024,1208494,1,Fecha inválida,Athletic Club,Getafe,1,1,0,0,0,0,0,0,0,0,0,0,0,0.0,0.0,0,0,0,0,0,0,0.0,0.0,0,0,0,0,0,0,0,0,0,0,0,0.0,0.0,0,0,0,0,0,0,0.0,0.0,9,15,4,4,15,9,0,0,12,7,5,0,0,0,1531,1546,-15,51000000,56000000,0,0,1,0
2024,1208495,1,Fecha inválida,Real Betis,Girona,1,1,0,0,0,0,0,0,0,0,0,0,0,0.0,0.0,0,0,0,0,0,0,0.0,0.0,0,0,0,0,0,0,0,0,0,0,0,0.0,0.0,0,0,0,0,0,0,0.0,0.0,5,4,1,1,4,5,0,0,4,8,-4,0,0,0,1543,1547,-4,53000000,57000000,0,1,1,1
2024,1208501,1,Fecha inválida,Celta Vigo,Alaves,2,1,0,0,0,0,0,0,0,0,0,0,0,0.0,0.0,0,0,0,0,0,0,0.0,0.0,0,0,0,0,0,0,0,0,0,0,0,0.0,0.0,0,0,0,0,0,0,0.0,0.0,8,3,5,5,3,8,0,0,19,3,16,0,0,0,1538,1542,-4,58000000,52000000,1,2,0,0
2024,1208497,1,Fecha inválida,Las Palmas,Sevilla,2,2,0,0,0,0,0,0,0,0,0,0,0,0.0,0.0,0,0,0,0,0,0,0.0,0.0,0,0,0,0,0,0,0,0,0,0,0,0.0,0.0,0,0,0,0,0,0,0.0,0.0,1,2,8,8,2,1,0,0,15,17,-2,0,0,0,1534,1536,-2,54000000,56000000,0,2,0,0
2024,1208502,1,Fecha inválida,Osasuna,Leganes,1,1,0,0,0,0,0,0,0,0,0,0,0,0.0,0.0,0,0,0,0,0,0,0.0,0.0,0,0,0,0,0,0,0,0,0,0,0,0.0,0.0,0,0,0,0,0,0,0.0,0.0,3,2,1,1,2,3,0,0,8,18,-10,0,0,0,1527,1537,-10,57000000,57000000,1,0,1,1
2024,1208499,1,Fecha inválida,Valencia,Barcelona,1,2,0,0,0,0,0,0,0,0,0,0,0,0.0,0.0,0,0,0,0,0,0,0.0,0.0,0,0,0,0,0,0,0,0,0,0,0,0.0,0.0,0,0,0,0,0,0,0.0,0.0,4,9,18,18,9,4,0,0,13,10,3,0,0,0,1532,1529,3,52000000,59000000,1,1,0,1
2024,1208500,1,Fecha inválida,Real Sociedad,Rayo Vallecano,1,2,0,0,0,0,0,0,0,0,0,0,0,0.0,0.0,0,0,0,0,0,0,0.0,0.0,0,0,0,0,0,0,0,0,0,0,0,0.0,0.0,0,0,0,0,0,0,0.0,0.0,8,9,5,5,9,8,0,0,9,9,0,0,0,0,1548,1528,20,58000000,58000000,2,2,0,0
2024,1208496,1,Fecha inválida,Mallorca,Real Madrid,1,1,0,0,0,0,0,0,0,0,0,0,0,0.0,0.0,0,0,0,0,0,0,0.0,0.0,0,0,0,0,0,0,0,0,0,0,0,0.0,0.0,0,0,0,0,0,0,0.0,0.0,2,3,12,12,3,2,0,0,19,2,17,0,0,0,1598,1541,57,58000000,51000000,0,1,0,1
2024,1212910,1,Fecha inválida,Valladolid,Espanyol,1,0,0,0,0,0,0,0,0,0,0,0,0,0.0,0.0,0,0,0,0,0,0,0.0,0.0,0,0,0,0,0,0,0,0,0,0,0,0.0,0.0,0,0,0,0,0,0,0.0,0.0,5,5,5,5,5,5,0,0,1,1,0,0,0,0,1520,1540,-20,50000000,50000000,0,0,0,0
2024,1208498,1,Fecha inválida,Villarreal,Atletico Madrid,2,2,0,0,0,0,0,0,0,0,0,0,0,0.0,0.0,0,0,0,0,0,0,0.0,0.0,0,0,0,0,0,0,0,0,0,0,0,0.0,0.0,0,0,0,0,0,0,0.0,0.0,7,11,10,10,11,7,0,0,14,11,3,0,0,0,1533,1530,3,53000000,50000000,2,2,1,0
2024,1208504,2,Fecha inválida,Celta Vigo,Valencia,3,1,3,1,0,0,2,1,1,0,3,2,1,2.0,1.0,0,1,1,0,1,1,1.0,0.0,0,0,0,1,1,2,0,1,0,1,2,1.0,2.0,0,1,1,0,1,1,0.0,0.0,7,7,13,13,7,7,3,2,19,13,6,7,5,2,1538,1532,6,58000000,52000000,1,1,0,0
2024,1208507,2,Fecha inválida,Sevilla,Villarreal,1,2,1,0,1,0,2,2,0,0,1,2,2,2.0,2.0,0,1,1,0,1,1,0.0,0.0,1,0,1,0,2,2,0,0,1,2,2,2.0,2.0,0,1,1,0,1,1,0.0,0.0,11,11,8,8,11,11,0,0,17,14,3,7,4,3,1536,1533,3,56000000,53000000,2,2,0,1
2024,1208511,2,Fecha inválida,Osasuna,Mallorca,1,0,1,0,1,0,1,1,0,0,1,1,1,1.0,1.0,0,1,0,0,1,0,0.0,0.0,1,0,1,0,1,1,0,0,1,1,1,1.0,1.0,0,1,0,0,1,0,0.0,0.0,4,10,4,4,10,4,0,0,8,19,-11,6,5,1,1527,1598,-71,57000000,58000000,1,0,1,0
2024,1208510,2,Fecha inválida,Barcelona,Athletic Club,2,1,3,1,0,0,2,1,1,0,3,2,1,2.0,1.0,0,1,1,0,1,1,0.0,1.0,1,0,1,0,1,1,0,0,1,1,1,1.0,1.0,0,1,0,0,1,0,0.0,0.0,23,7,6,6,7,23,2,1,10,12,-2,6,9,-3,1529,1531,-2,59000000,51000000,1,0,1,1
2024,1212911,2,Fecha inválida,Espanyol,Real Sociedad,0,1,0,0,0,1,0,1,0,1,0,0,1,0.0,1.0,0,0,0,0,0,0,0.0,0.0,0,0,0,1,1,2,0,1,0,1,2,1.0,2.0,0,1,1,0,1,1,0.0,0.0,7,6,14,14,6,7,0,0,1,9,-8,5,6,-1,1540,1548,-8,50000000,58000000,0,2,0,0
2024,1208505,2,Fecha inválida,Getafe,Rayo Vallecano,0,0,1,0,1,0,1,1,0,0,1,1,1,1.0,1.0,0,1,0,0,1,0,0.0,0.0,3,1,0,0,2,1,1,0,3,2,1,2.0,1.0,0,1,1,0,1,1,0.0,1.0,4,8,11,11,8,4,-2,-1,7,9,-2,9,6,3,1546,1528,18,56000000,58000000,0,2,0,0
2024,1208506,2,Fecha inválida,Real Madrid,Valladolid,3,0,1,0,1,0,1,1,0,0,1,1,1,1.0,1.0,0,1,0,0,1,0,0.0,0.0,3,1,0,0,1,0,1,0,3,1,0,1.0,0.0,1,0,0,1,0,0,1.0,0.0,11,3,0,0,3,11,-2,-1,2,1,1,6,5,1,1541,1520,21,51000000,50000000,1,0,1,0
2024,1208509,2,Fecha inválida,Leganes,Las Palmas,2,1,1,0,1,0,1,1,0,0,1,1,1,1.0,1.0,0,1,0,0,1,0,0.0,0.0,1,0,1,0,2,2,0,0,1,2,2,2.0,2.0,0,1,1,0,1,1,0.0,0.0,5,4,3,3,4,5,0,0,18,15,3,8,8,0,1537,1534,3,57000000,54000000,0,0,1,0
2024,1208508,2,Fecha inválida,Alaves,Real Betis,0,0,0,0,0,1,1,2,0,1,0,1,2,1.0,2.0,0,1,1,0,1,1,0.0,0.0,1,0,1,0,1,1,0,0,1,1,1,1.0,1.0,0,1,0,0,1,0,0.0,0.0,4,7,6,6,7,4,-1,-1,3,4,-1,9,9,0,1542,1543,-1,52000000,53000000,2,0,0,1
2024,1208503,2,Fecha inválida,Atletico Madrid,Girona,3,0,1,0,1,0,2,2,0,0,1,2,2,2.0,2.0,0,1,1,0,1,1,0.0,0.0,1,0,1,0,1,1,0,0,1,1,1,1.0,1.0,0,1,0,0,1,0,0.0,0.0,5,6,1,1,6,5,0,0,11,8,3,6,10,-4,1530,1547,-17,50000000,57000000,2,1,0,1
2024,1208518,3,Fecha inválida,Villarreal,Celta Vigo,4,3,4,1,1,0,4,3,0,0,4,4,3,2.0,1.5,0,2,2,0,2,2,0.0,1.0,6,2,0,0,5,2,2,0,6,5,2,2.5,1.0,0,2,2,0,2,2,1.0,0.0,12,5,7,7,5,12,-2,-2,14,19,-5,3,3,0,1533,1538,-5,53000000,58000000,2,1,1,0
2024,1208515,3,Fecha inválida,Mallorca,Sevilla,0,0,1,0,1,1,1,2,0,0,1,1,2,0.5,1.0,0,1,0,0,1,0,0.0,0.0,1,0,1,1,3,4,0,0,1,3,4,1.5,2.0,0,2,2,0,2,2,0.0,0.0,3,6,7,7,6,3,0,0,19,17,2,3,3,0,1598,1536,62,58000000,56000000,0,2,0,0
2024,1208517,3,Fecha inválida,Rayo Vallecano,Barcelona,1,2,4,1,1,0,2,1,1,0,4,2,1,1.0,0.5,1,1,1,1,1,1,0.0,0.5,6,2,0,0,4,2,2,0,6,4,2,2.0,1.0,0,2,2,0,2,2,1.0,1.0,3,3,15,15,3,3,-2,-1,9,10,-1,3,3,0,1528,1529,-1,58000000,59000000,2,1,0,1
2024,1208512,3,Fecha inválida,Athletic Club,Valencia,1,0,1,0,1,1,2,3,0,0,1,2,3,1.0,1.5,0,2,1,0,2,1,0.0,0.0,0,0,0,2,2,5,0,2,0,2,5,1.0,2.5,0,2,2,0,2,2,0.0,0.0,10,14,11,11,14,10,1,2,12,13,-1,4,5,-1,1531,1532,-1,51000000,52000000,0,1,1,0
2024,1208520,3,Fecha inválida,Valladolid,Leganes,0,0,3,1,0,1,1,3,1,0,3,1,3,0.5,1.5,1,0,1,1,0,1,1.0,0.0,4,1,1,0,3,2,0,0,4,3,2,1.5,1.0,0,2,1,0,2,1,1.0,0.0,3,5,4,4,5,3,-1,-3,1,18,-17,3,3,0,1520,1537,-17,50000000,57000000,0,0,0,1
2024,1212912,3,Fecha inválida,Atletico Madrid,Espanyol,0,0,4,1,1,0,5,2,0,0,4,5,2,2.5,1.0,1,1,2,1,1,2,1.0,0.0,0,0,0,2,0,2,0,2,0,0,2,0.0,1.0,0,0,0,0,0,0,0.0,0.0,12,8,6,6,8,12,4,5,11,1,10,3,4,-1,1530,1540,-10,50000000,50000000,2,0,0,0
2024,1208519,3,Fecha inválida,Real Sociedad,Alaves,1,2,3,1,0,1,2,2,0,1,3,2,2,1.0,1.0,1,1,1,1,1,1,0.0,1.0,1,0,1,1,1,2,0,1,1,1,2,0.5,1.0,1,1,1,1,1,1,0.0,0.0,10,4,5,5,4,10,2,1,9,3,6,4,3,1,1548,1542,6,58000000,52000000,2,2,0,0
2024,1208514,3,Fecha inválida,Girona,Osasuna,4,0,1,0,1,1,1,4,0,0,1,1,4,0.5,2.0,0,1,1,0,1,1,0.0,0.0,4,1,1,0,2,1,0,0,4,2,1,1.0,0.5,1,1,0,1,1,0,0.5,0.0,4,3,1,1,3,4,-3,-4,8,8,0,3,5,-2,1547,1527,20,57000000,57000000,1,1,1,1
2024,1208516,3,Fecha inválida,Las Palmas,Real Madrid,1,1,1,0,1,1,3,4,0,0,1,3,4,1.5,2.0,0,2,2,0,2,2,0.0,0.0,4,1,1,0,4,1,0,0,4,4,1,2.0,0.5,1,1,1,1,1,1,1.0,0.0,0,4,6,6,4,0,-3,-4,15,2,13,4,4,0,1534,1541,-7,54000000,51000000,0,1,0,1
2024,1208522,4,Fecha inválida,Barcelona,Valladolid,7,0,9,3,0,0,6,3,3,0,9,6,3,2.0,1.0,0,3,3,0,3,3,1.0,1.0,4,1,1,1,1,3,1,0,4,1,3,0.33,1.0,2,0,1,2,0,1,0.5,0.0,11,1,2,2,1,11,5,5,10,1,9,3,2,1,1529,1520,9,59000000,50000000,1,0,1,0
2024,1208521,4,Fecha inválida,Athletic Club,Atletico Madrid,0,1,4,1,1,1,3,3,0,0,4,3,3,1.0,1.0,1,2,1,1,2,1,0.5,0.0,5,1,2,0,5,2,0,0,5,5,2,1.67,0.67,2,1,2,2,1,2,0.5,0.0,10,5,18,18,5,10,-1,-3,12,11,1,3,2,1,1531,1530,1,51000000,50000000,0,2,1,0
2024,1212913,4,Fecha inválida,Espanyol,Rayo Vallecano,2,1,1,0,1,2,0,2,0,2,1,0,2,0.0,0.67,1,0,0,1,0,0,0.0,0.0,4,1,1,1,3,3,1,0,4,3,3,1.0,1.0,1,2,2,1,2,2,0.0,0.5,9,4,8,8,4,9,-3,-2,1,9,-8,2,3,-1,1540,1528,12,50000000,58000000,0,2,0,0
2024,1208524,4,Fecha inválida,Valencia,Villarreal,1,1,0,0,0,3,2,6,0,3,0,2,6,0.67,2.0,0,2,2,0,2,2,0.0,0.0,7,2,1,0,8,6,0,0,7,8,6,2.67,2.0,0,3,3,0,3,3,0.5,1.0,14,7,11,11,7,14,-7,-6,13,14,-1,3,5,-2,1532,1533,-1,52000000,53000000,1,2,0,1
2024,1208526,4,Fecha inválida,Leganes,Mallorca,0,1,5,1,2,0,3,2,0,0,5,3,2,1.0,0.67,1,2,1,1,2,1,1.0,0.0,2,0,2,1,1,2,0,0,2,1,2,0.33,0.67,1,1,0,1,1,0,0.0,0.0,1,2,3,3,2,1,3,2,18,19,-1,3,4,-1,1537,1598,-61,57000000,58000000,0,0,1,0
2024,1208525,4,Fecha inválida,Alaves,Las Palmas,2,0,4,1,1,1,3,3,0,1,4,3,3,1.0,1.0,1,2,2,1,2,2,0.0,0.5,2,0,2,1,4,5,0,0,2,4,5,1.33,1.67,0,3,2,0,3,2,0.0,0.0,3,6,1,1,6,3,2,1,3,15,-12,3,2,1,1542,1534,8,52000000,54000000,2,0,0,0
2024,1208528,4,Fecha inválida,Osasuna,Celta Vigo,3,2,4,1,1,1,2,5,0,0,4,2,5,0.67,1.67,1,1,1,1,1,1,0.5,0.0,6,2,0,1,8,6,2,0,6,8,6,2.67,2.0,0,3,3,0,3,3,1.0,0.0,6,6,6,6,6,6,-2,-5,8,19,-11,2,5,-3,1527,1538,-11,57000000,58000000,1,1,1,0
2024,1208529,4,Fecha inválida,Sevilla,Girona,0,2,2,0,2,1,3,4,0,0,2,3,4,1.0,1.33,1,2,2,1,2,2,0.0,0.0,4,1,1,1,5,4,0,0,4,5,4,1.67,1.33,1,1,2,1,1,2,1.0,0.0,3,1,6,6,1,3,-2,-2,17,8,9,5,3,2,1536,1547,-11,56000000,57000000,2,1,0,1
2024,1208523,4,Fecha inválida,Getafe,Real Sociedad,0,0,2,0,2,0,1,1,0,0,2,1,1,0.5,0.5,1,1,0,1,1,0,0.0,0.0,3,1,0,2,3,4,0,1,3,3,4,1.0,1.33,1,2,2,1,2,2,0.0,1.0,10,10,8,8,10,10,-1,1,7,9,-2,7,3,4,1546,1548,-2,56000000,58000000,0,2,0,0
2024,1208527,4,Fecha inválida,Real Madrid,Real Betis,2,0,5,1,2,0,5,2,0,0,5,5,2,1.67,0.67,1,2,1,1,2,1,1.0,0.0,2,0,2,0,1,1,0,0,2,1,1,0.5,0.5,1,1,0,1,1,0,0.0,0.0,14,8,4,4,8,14,3,3,2,4,-2,3,7,-4,1541,1543,-2,51000000,53000000,1,0,1,1
2024,1208531,5,Fecha inválida,Real Betis,Leganes,2,0,2,0,2,1,1,3,0,0,2,1,3,0.33,1.0,1,1,0,1,1,0,0.0,0.0,5,1,2,1,3,3,0,0,5,3,3,0.75,0.75,1,2,1,1,2,1,0.5,0.0,5,2,3,3,2,5,-3,-2,4,18,-14,11,12,-1,1543,1537,6,53000000,57000000,0,0,1,1
2024,1208533,5,Fecha inválida,Mallorca,Villarreal,1,2,5,1,2,1,2,2,0,0,5,2,2,0.5,0.5,2,1,0,2,1,0,0.0,0.5,8,2,2,0,9,7,0,0,8,9,7,2.25,1.75,0,4,3,0,4,3,0.5,0.5,4,4,6,6,4,4,-3,-2,19,14,5,13,13,0,1598,1533,65,58000000,53000000,0,2,0,1
2024,1212914,5,Fecha inválida,Espanyol,Alaves,3,2,4,1,1,2,2,3,0,2,4,2,3,0.5,0.75,1,1,1,1,1,1,0.5,0.0,7,2,1,1,5,3,0,1,7,5,3,1.25,0.75,2,2,2,2,2,2,0.5,0.5,6,3,3,3,3,6,-3,-3,1,3,-2,13,12,1,1540,1542,-2,50000000,52000000,0,2,0,0
2024,1208536,5,Fecha inválida,Sevilla,Getafe,1,0,2,0,2,2,3,6,0,0,2,3,6,0.75,1.5,1,2,2,1,2,2,0.0,0.0,3,0,3,0,1,1,0,0,3,1,1,0.33,0.33,2,1,0,2,1,0,0.0,0.0,16,4,9,9,4,16,-1,-3,17,7,10,12,12,0,1536,1546,-10,56000000,56000000,2,0,0,0
2024,1208538,5,Fecha inválida,Real Sociedad,Real Madrid,0,2,4,1,1,2,3,4,0,1,4,3,4,0.75,1.0,2,2,2,2,2,2,0.0,0.5,8,2,2,0,7,2,0,0,8,7,2,1.75,0.5,2,2,1,2,2,1,1.0,0.0,5,5,21,21,5,5,-4,-6,9,2,7,13,12,1,1548,1541,7,58000000,51000000,2,1,0,1
2024,1208532,5,Fecha inválida,Celta Vigo,Valladolid,3,1,6,2,0,2,10,9,2,0,6,10,9,2.5,2.25,0,4,4,0,4,4,1.0,0.0,4,1,1,2,1,10,1,0,4,1,10,0.25,2.5,2,0,2,2,0,2,0.5,0.0,5,6,3,3,6,5,2,10,19,1,18,13,14,-1,1538,1520,18,58000000,50000000,1,0,0,0
2024,1208535,5,Fecha inválida,Girona,Barcelona,1,4,7,2,1,1,7,4,0,0,7,7,4,1.75,1.0,2,1,2,2,1,2,1.0,0.33,12,4,0,0,13,3,4,0,12,13,3,3.25,0.75,1,3,4,1,3,4,1.0,1.0,2,3,6,6,3,2,-5,-7,8,10,-2,13,14,-1,1547,1529,18,57000000,59000000,1,1,1,1
2024,1208534,5,Fecha inválida,Las Palmas,Athletic Club,2,3,2,0,2,2,4,7,0,0,2,4,7,1.0,1.75,0,3,2,0,3,2,0.0,0.0,4,1,1,2,3,4,0,0,4,3,4,0.75,1.0,1,2,1,1,2,1,0.33,0.0,2,4,4,4,4,2,-2,-2,15,12,3,14,14,0,1534,1531,3,54000000,51000000,0,0,0,1
2024,1208530,5,Fecha inválida,Atletico Madrid,Valencia,3,0,8,2,2,0,6,2,0,0,8,6,2,1.5,0.5,3,1,2,3,1,2,0.5,0.5,1,0,1,3,3,7,0,3,1,3,7,0.75,1.75,0,3,2,0,3,2,0.0,0.0,15,10,5,5,10,15,7,8,11,13,-2,15,14,1,1530,1532,-2,50000000,52000000,2,1,0,0
2024,1208537,5,Fecha inválida,Rayo Vallecano,Osasuna,3,1,4,1,1,2,4,5,1,0,4,4,5,1.0,1.25,1,3,3,1,3,3,0.0,0.33,7,2,1,1,5,7,0,0,7,5,7,1.25,1.75,1,2,2,1,2,2,0.67,0.0,5,4,7,7,4,5,-3,1,9,8,1,16,15,1,1528,1527,1,58000000,57000000,2,1,0,1
2024,1208550,7,Fecha inválida,Mallorca,Real Sociedad,1,0,5,1,2,2,3,4,0,0,5,3,4,0.6,0.8,2,2,1,2,2,1,0.0,0.5,4,1,1,3,3,6,0,1,4,3,6,0.6,1.2,2,2,2,2,2,2,0.0,0.5,5,3,11,11,3,5,1,2,19,9,10,3,2,1,1598,1548,50,58000000,58000000,0,2,0,0
2024,1208513,3,Fecha inválida,Real Betis,Getafe,2,1,5,1,2,1,3,3,0,0,5,3,3,0.75,0.75,2,1,0,2,1,0,0.5,0.0,3,0,3,1,1,2,0,0,3,1,2,0.25,0.5,2,1,0,2,1,0,0.0,0.0,8,8,8,8,8,8,2,1,4,7,-3,4,4,0,1543,1546,-3,53000000,56000000,0,0,1,0
2024,1208552,7,Fecha inválida,Leganes,Athletic Club,0,2,5,1,2,2,3,5,0,0,5,3,5,0.6,1.0,1,2,1,1,2,1,0.5,0.0,7,2,1,2,6,6,0,0,7,6,6,1.2,1.2,1,3,2,1,3,2,0.33,0.5,2,4,4,4,4,2,-2,-2,18,12,6,5,4,1,1537,1531,6,57000000,51000000,0,0,1,1
2024,1208542,6,Fecha inválida,Alaves,Sevilla,2,1,7,2,1,2,7,6,0,1,7,7,6,1.4,1.2,2,3,3,2,3,3,0.5,0.33,5,1,2,2,4,6,0,0,5,4,6,0.8,1.2,2,2,2,2,2,2,0.33,0.0,4,6,7,7,6,4,2,3,3,17,-14,6,6,0,1542,1536,6,52000000,56000000,2,2,0,0
2024,1208546,6,Fecha inválida,Valladolid,Real Sociedad,0,0,4,1,1,3,2,13,1,0,4,2,13,0.4,2.6,2,1,3,2,1,3,0.5,0.0,4,1,1,4,3,7,0,1,4,3,6,0.6,1.2,2,2,2,2,2,2,0.0,0.33,3,7,4,4,7,3,0,-7,1,9,-8,6,3,3,1520,1548,-28,50000000,58000000,0,2,0,0
2024,1208547,6,Fecha inválida,Osasuna,Las Palmas,2,1,7,2,1,2,6,10,0,0,7,6,10,1.2,2.0,1,3,3,1,3,3,0.67,0.0,2,0,2,3,6,10,0,0,2,6,10,1.2,2.0,0,4,3,0,4,3,0.0,0.0,2,4,2,2,4,2,5,0,8,15,-7,4,5,-1,1527,1534,-7,57000000,54000000,1,0,1,0
2024,1208545,6,Fecha inválida,Valencia,Girona,2,0,1,0,1,4,3,10,0,3,1,3,10,0.6,2.0,0,3,3,0,3,3,0.0,0.0,7,2,1,2,8,8,0,0,7,8,8,1.6,1.6,2,2,3,2,2,3,0.5,0.33,5,1,4,4,1,5,-6,-7,13,8,5,5,6,-1,1532,1547,-15,52000000,57000000,1,1,0,1
2024,1212915,6,Fecha inválida,Real Madrid,Espanyol,4,1,11,3,2,0,9,2,0,0,11,9,2,1.8,0.4,3,2,1,3,2,1,1.0,0.33,7,2,1,2,5,5,0,2,7,5,5,1.0,1.0,1,2,2,1,2,2,0.67,0.0,21,3,2,2,3,21,4,7,2,1,1,7,7,0,1541,1540,1,51000000,50000000,1,0,1,0
2024,1208541,6,Fecha inválida,Getafe,Leganes,1,1,3,0,3,2,2,4,0,0,3,2,4,0.4,0.8,2,2,1,2,2,1,0.0,0.0,5,1,2,3,3,7,0,0,5,3,5,0.6,1.0,1,2,1,1,2,1,0.33,0.0,4,4,2,2,4,4,-2,2,7,18,-11,3,2,1,1546,1537,9,56000000,57000000,0,0,0,1
2024,1208539,6,Fecha inválida,Athletic Club,Celta Vigo,3,1,10,3,1,2,8,6,0,0,7,6,6,1.2,1.2,2,3,2,1,3,2,0.33,0.67,9,3,0,2,13,10,2,0,9,13,10,2.6,2.0,0,5,5,0,5,5,1.0,0.0,13,7,6,6,7,13,1,-1,12,19,-7,2,7,-5,1531,1538,-7,51000000,58000000,0,1,1,0
2024,1208544,6,Fecha inválida,Villarreal,Barcelona,1,5,11,3,2,0,11,8,0,0,11,11,8,2.2,1.6,0,5,4,0,5,4,0.5,0.67,15,5,0,0,17,4,5,0,15,17,4,3.4,0.8,1,4,5,1,4,5,1.0,1.0,2,5,21,21,5,2,-4,-10,14,10,4,8,7,1,1533,1529,4,53000000,59000000,2,1,1,1
2024,1208543,6,Fecha inválida,Rayo Vallecano,Atletico Madrid,1,1,7,2,1,2,7,6,1,0,7,7,6,1.4,1.2,1,4,4,1,4,4,0.5,0.33,11,3,2,0,9,2,0,0,11,9,2,1.8,0.4,4,1,3,4,1,3,0.67,0.5,1,4,15,15,4,1,-4,-6,9,11,-2,6,7,-1,1528,1530,-2,58000000,50000000,2,2,0,0
2024,1208540,6,Fecha inválida,Real Betis,Mallorca,1,2,8,2,2,1,5,4,0,0,8,5,4,1.0,0.8,2,2,1,2,2,1,0.67,0.0,8,2,2,2,4,4,0,0,5,3,4,0.6,0.8,3,2,1,2,2,1,0.25,0.5,7,3,4,4,3,7,0,1,4,19,-15,5,6,-1,1543,1598,-55,53000000,58000000,0,0,1,0
2024,1208555,7,Fecha inválida,Valencia,Osasuna,0,0,4,1,1,4,5,10,0,3,1,3,10,0.6,2.0,1,3,3,0,3,3,0.33,0.0,10,3,1,2,8,11,0,0,7,6,10,1.2,2.0,1,4,4,1,3,3,0.75,0.0,10,7,5,5,7,10,-6,-2,13,8,5,3,3,0,1532,1527,5,52000000,57000000,1,1,0,1
2024,1208551,7,Fecha inválida,Sevilla,Valladolid,2,1,5,1,2,3,5,8,0,0,5,4,6,0.8,1.2,2,3,3,2,2,2,0.33,0.0,5,1,2,3,2,13,1,0,4,2,13,0.4,2.6,3,1,3,2,1,3,0.33,0.0,6,7,1,1,7,6,0,8,17,1,16,3,3,0,1536,1520,16,56000000,50000000,2,0,0,0
2024,1208556,7,Fecha inválida,Real Madrid,Alaves,3,2,14,4,2,0,13,3,0,0,11,9,2,1.8,0.4,3,3,2,3,2,1,1.0,0.33,10,3,1,2,9,7,0,1,7,7,6,1.4,1.2,2,4,4,2,3,3,0.67,0.33,13,1,2,2,1,13,4,8,2,3,-1,3,4,-1,1541,1542,-1,51000000,52000000,1,2,1,0
2024,1208549,7,Fecha inválida,Girona,Rayo Vallecano,0,0,7,2,1,3,8,10,0,0,7,8,8,1.6,1.6,2,2,3,2,2,3,0.5,0.25,8,2,2,2,8,7,1,0,7,7,6,1.4,1.2,1,5,4,1,4,4,0.33,0.33,7,5,6,6,5,7,-1,-3,8,9,-1,4,2,2,1547,1528,19,57000000,58000000,1,2,1,0
2024,1208548,7,Fecha inválida,Barcelona,Getafe,1,0,18,6,0,0,22,5,6,0,15,17,4,3.4,0.8,1,5,6,1,4,5,1.0,1.0,4,0,4,2,3,5,0,0,3,2,4,0.4,0.8,2,3,1,2,2,1,0.0,0.0,19,7,2,2,7,19,14,19,10,7,3,3,3,0,1529,1546,-17,59000000,56000000,1,0,1,0
2024,1208554,7,Fecha inválida,Las Palmas,Real Betis,1,1,2,0,2,4,7,12,0,0,2,6,10,1.2,2.0,0,5,4,0,4,3,0.0,0.0,8,2,2,2,6,6,0,0,8,5,4,1.0,0.8,2,3,2,2,2,1,0.5,0.0,3,3,4,4,3,3,-6,-5,15,4,11,5,2,3,1534,1543,-9,54000000,53000000,0,0,0,1
2024,1212916,7,Fecha inválida,Espanyol,Villarreal,1,2,7,2,1,3,6,9,0,2,7,5,5,1.0,1.0,1,3,3,1,2,2,0.67,0.0,11,3,2,1,12,13,0,0,11,11,8,2.2,1.6,0,6,5,0,5,4,0.33,0.67,4,11,11,11,11,4,-4,-2,1,14,-13,4,4,0,1540,1533,7,50000000,53000000,0,2,0,1
2024,1208553,7,Fecha inválida,Celta Vigo,Atletico Madrid,0,1,9,3,0,3,14,13,2,0,9,13,10,2.6,2.0,0,6,6,0,5,5,1.0,0.0,12,3,3,0,10,3,0,0,11,9,2,1.8,0.4,4,2,3,4,1,3,0.67,0.33,2,5,19,19,5,2,-3,-6,19,11,8,4,4,0,1538,1530,8,58000000,50000000,1,2,0,0
2024,1208562,8,Fecha inválida,Valladolid,Mallorca,1,2,5,1,2,4,3,15,1,0,4,2,13,0.4,2.6,3,2,4,2,1,3,0.33,0.0,11,3,2,2,6,5,0,0,5,3,4,0.6,0.8,3,3,2,2,2,1,0.25,0.67,7,2,3,3,2,7,-6,-13,1,19,-18,3,4,-1,1520,1598,-78,50000000,58000000,0,0,0,0
2024,1208564,8,Fecha inválida,Getafe,Alaves,2,0,4,0,4,3,3,6,0,0,3,2,4,0.4,0.8,2,3,1,2,2,1,0.0,0.0,10,3,1,3,11,10,0,1,7,7,6,1.4,1.2,2,5,5,2,3,3,0.67,0.25,4,8,2,2,8,4,-6,-4,7,3,4,2,3,-1,1546,1542,4,56000000,52000000,0,2,0,0
2024,1208565,8,Fecha inválida,Rayo Vallecano,Leganes,1,1,9,2,3,2,8,7,1,0,7,7,6,1.4,1.2,2,5,4,1,4,4,0.33,0.25,6,1,3,3,4,8,0,0,5,3,5,0.6,1.0,1,3,1,1,2,1,0.33,0.0,4,4,5,5,4,4,3,5,9,18,-9,2,6,-4,1528,1537,-9,58000000,57000000,2,0,0,1
2024,1208560,8,Fecha inválida,Real Sociedad,Valencia,3,0,5,1,2,4,3,7,0,1,4,3,6,0.6,1.2,3,2,2,2,2,2,0.0,0.25,5,1,2,4,5,10,0,3,1,3,10,0.6,2.0,2,3,3,0,3,3,0.25,0.0,14,8,8,8,8,14,0,1,9,13,-4,7,3,4,1548,1532,16,58000000,52000000,2,1,0,0
2024,1208561,8,Fecha inválida,Osasuna,Barcelona,4,2,11,3,2,2,8,11,0,0,7,6,10,1.2,2.0,2,4,4,1,3,3,0.75,0.0,21,7,0,0,23,5,7,0,15,17,4,3.4,0.8,2,5,6,1,4,5,1.0,1.0,3,4,16,16,4,3,-10,-21,8,10,-2,4,3,1,1527,1529,-2,57000000,59000000,1,1,1,1
2024,1208559,8,Fecha inválida,Celta Vigo,Girona,1,1,9,3,0,4,14,14,2,0,9,13,10,2.6,2.0,0,6,6,0,5,5,0.75,0.0,8,2,2,3,8,10,0,0,7,8,8,1.6,1.6,3,2,3,2,2,3,0.33,0.25,2,4,4,4,4,2,1,2,19,8,11,2,3,-1,1538,1547,-9,58000000,57000000,1,1,0,1
2024,1208557,8,Fecha inválida,Athletic Club,Sevilla,1,1,13,4,1,2,11,7,0,0,7,6,6,1.2,1.2,2,4,3,1,3,2,0.5,0.67,8,2,2,3,7,9,0,0,5,4,6,0.8,1.2,2,4,4,2,2,2,0.5,0.0,15,5,14,14,5,15,5,6,12,17,-5,7,4,3,1531,1536,-5,51000000,56000000,0,2,1,0
2024,1212917,8,Fecha inválida,Real Betis,Espanyol,1,0,9,2,3,2,7,7,0,0,8,5,4,1.0,0.8,2,4,2,2,2,1,0.5,0.0,7,2,1,4,7,11,0,2,7,5,5,1.0,1.0,1,4,4,1,2,2,0.5,0.0,10,7,7,7,7,10,2,4,4,1,3,2,2,0,1543,1540,3,53000000,50000000,0,0,1,0
2024,1208558,8,Fecha inválida,Atletico Madrid,Real Madrid,1,1,15,4,3,0,11,3,0,0,11,9,2,1.8,0.4,5,2,3,4,1,3,0.67,0.5,17,5,2,0,16,5,0,0,11,9,2,1.8,0.4,3,4,3,3,2,1,1.0,0.33,10,13,19,19,13,10,-2,-3,11,2,9,3,5,-2,1530,1541,-11,50000000,51000000,2,1,0,1
2024,1208563,8,Fecha inválida,Villarreal,Las Palmas,3,1,14,4,2,1,14,14,0,0,11,11,8,2.2,1.6,0,7,6,0,5,4,0.33,0.75,3,0,3,4,8,13,0,0,2,6,10,1.2,2.0,0,6,4,0,4,3,0.0,0.0,4,2,4,4,2,4,11,5,14,15,-1,4,4,0,1533,1534,-1,53000000,54000000,2,0,1,0
2024,1208569,9,Fecha inválida,Leganes,Valencia,0,0,7,1,4,3,5,9,0,0,5,3,5,0.6,1.0,1,4,1,1,2,1,0.33,0.0,5,1,2,5,5,13,0,3,1,3,10,0.6,2.0,2,3,4,0,3,3,0.25,0.0,1,5,4,4,5,1,2,4,18,13,5,6,6,0,1537,1532,5,57000000,52000000,0,1,1,0
2024,1212918,9,Fecha inválida,Espanyol,Mallorca,2,1,7,2,1,5,7,12,0,2,7,5,5,1.0,1.0,1,4,4,1,2,2,0.5,0.0,14,4,2,2,8,6,0,0,5,3,4,0.6,0.8,3,4,3,2,2,1,0.25,0.75,8,3,6,6,3,8,-7,-7,1,19,-18,5,7,-2,1540,1598,-58,50000000,58000000,0,0,0,0
2024,1208566,9,Fecha inválida,Getafe,Osasuna,1,1,7,1,4,3,5,6,0,0,3,2,4,0.4,0.8,3,3,1,2,2,1,0.25,0.0,14,4,2,2,12,13,0,0,7,6,10,1.2,2.0,2,5,5,1,3,3,0.8,0.0,7,10,3,3,10,7,-7,0,7,8,-1,7,6,1,1546,1527,19,56000000,57000000,0,1,0,1
2024,1208573,9,Fecha inválida,Las Palmas,Celta Vigo,0,1,3,0,3,5,9,16,0,0,2,6,10,1.2,2.0,0,7,5,0,4,3,0.0,0.0,10,3,1,4,15,15,2,0,9,13,10,2.6,2.0,0,7,6,0,5,5,0.6,0.0,2,3,5,5,3,2,-7,-7,15,19,-4,4,6,-2,1534,1538,-4,54000000,58000000,0,1,0,0
2024,1208574,9,Fecha inválida,Valladolid,Rayo Vallecano,1,2,5,1,2,5,4,17,1,0,4,2,13,0.4,2.6,3,3,5,2,1,3,0.25,0.0,10,2,4,2,9,8,1,0,7,7,6,1.4,1.2,2,6,4,1,4,4,0.25,0.25,7,5,5,5,5,7,-5,-14,1,9,-8,7,7,0,1520,1528,-8,50000000,58000000,0,2,0,0
2024,1208567,9,Fecha inválida,Real Madrid,Villarreal,2,0,18,5,3,0,17,6,0,0,11,9,2,1.8,0.4,3,5,3,3,2,1,1.0,0.25,17,5,2,1,17,15,0,0,11,11,8,2.2,1.6,0,8,7,0,5,4,0.5,0.75,13,12,4,4,12,13,1,9,2,14,-12,6,5,1,1541,1533,8,51000000,53000000,1,2,1,1
2024,1208570,9,Fecha inválida,Girona,Athletic Club,2,1,9,2,3,3,9,11,0,0,7,8,8,1.6,1.6,3,3,3,2,2,3,0.33,0.2,14,4,2,2,12,8,0,0,7,6,6,1.2,1.2,2,5,3,1,3,2,0.4,0.67,4,2,4,4,2,4,-5,-6,8,12,-4,7,6,1,1547,1531,16,57000000,51000000,1,0,1,1
2024,1208568,9,Fecha inválida,Alaves,Barcelona,0,3,10,3,1,4,11,12,0,1,7,7,6,1.4,1.2,2,5,5,2,3,3,0.67,0.2,21,7,0,1,25,9,7,0,15,17,4,3.4,0.8,2,6,7,1,4,5,1.0,0.8,1,3,12,12,3,1,-11,-17,3,10,-7,8,7,1,1542,1529,13,52000000,59000000,2,1,0,1
2024,1208572,9,Fecha inválida,Sevilla,Real Betis,1,0,9,2,3,3,8,10,0,0,5,4,6,0.8,1.2,2,5,4,2,2,2,0.5,0.0,12,3,3,2,8,7,0,0,8,5,4,1.0,0.8,3,4,2,2,2,1,0.6,0.0,14,10,4,4,10,14,-3,-3,17,4,13,7,7,0,1536,1543,-7,56000000,53000000,2,0,0,1
2024,1208571,9,Fecha inválida,Real Sociedad,Atletico Madrid,1,1,8,2,2,4,6,7,0,1,4,3,6,0.6,1.2,4,2,3,2,2,2,0.25,0.25,16,4,4,0,12,4,0,0,11,9,2,1.8,0.4,5,3,3,4,1,3,0.5,0.5,6,8,19,19,8,6,-8,-9,9,11,-2,8,7,1,1548,1530,18,58000000,50000000,2,2,0,0
2024,1208580,10,Fecha inválida,Alaves,Valladolid,2,3,10,3,1,5,11,15,0,1,7,7,6,1.4,1.2,2,5,6,2,3,3,0.5,0.2,5,1,2,6,5,19,1,0,4,2,13,0.4,2.6,3,4,6,2,1,3,0.2,0.0,5,2,2,2,2,5,5,10,3,1,2,12,13,-1,1542,1520,22,52000000,50000000,2,0,0,0
2024,1212919,10,Fecha inválida,Athletic Club,Espanyol,4,1,14,4,2,3,13,10,0,0,7,6,6,1.2,1.2,2,6,4,1,3,2,0.4,0.5,10,3,1,5,9,13,0,2,7,5,5,1.0,1.0,1,5,5,1,2,2,0.6,0.0,9,8,10,10,8,9,4,7,12,1,11,13,14,-1,1531,1540,-9,51000000,50000000,0,0,1,0
2024,1208581,10,Fecha inválida,Osasuna,Real Betis,1,2,15,4,3,2,13,14,0,0,7,6,10,1.2,2.0,2,6,5,1,3,3,0.8,0.0,12,3,3,3,8,8,0,0,8,5,4,1.0,0.8,3,4,2,2,2,1,0.6,0.0,5,3,13,13,3,5,3,-1,8,4,4,14,12,2,1527,1543,-16,57000000,53000000,1,0,1,1
2024,1208578,10,Fecha inválida,Girona,Real Sociedad,0,1,12,3,3,3,11,12,0,0,7,8,8,1.6,1.6,3,4,4,2,2,3,0.5,0.2,9,2,3,4,7,8,0,1,4,3,6,0.6,1.2,4,3,3,2,2,2,0.2,0.25,0,7,3,3,7,0,3,0,8,9,-1,13,12,1,1547,1548,-1,57000000,58000000,1,2,1,0
2024,1208577,10,Fecha inválida,Celta Vigo,Real Madrid,1,2,13,4,1,4,16,15,2,0,9,13,10,2.6,2.0,1,7,6,0,5,5,0.6,0.25,21,6,3,0,19,6,0,0,11,9,2,1.8,0.4,4,5,3,3,2,1,1.0,0.25,1,4,22,22,4,1,-8,-12,19,2,17,14,14,0,1538,1541,-3,58000000,51000000,1,1,0,1
2024,1208579,10,Fecha inválida,Mallorca,Rayo Vallecano,1,0,14,4,2,3,9,8,0,0,5,3,4,0.6,0.8,3,5,4,2,2,1,0.25,0.6,13,3,4,2,11,9,1,0,7,7,6,1.4,1.2,2,7,5,1,4,4,0.25,0.4,9,3,5,5,3,9,1,-1,19,9,10,15,14,1,1598,1528,70,58000000,58000000,0,2,0,0
2024,1208575,10,Fecha inválida,Atletico Madrid,Leganes,3,1,17,4,5,0,13,5,0,0,11,9,2,1.8,0.4,5,4,3,4,1,3,0.5,0.4,8,1,5,3,5,9,0,0,5,3,5,0.6,1.0,2,4,1,1,2,1,0.25,0.0,5,5,0,0,5,5,9,12,11,18,-7,13,15,-2,1530,1537,-7,50000000,57000000,2,0,0,1
2024,1208582,10,Fecha inválida,Villarreal,Getafe,1,1,17,5,2,2,17,17,0,0,11,11,8,2.2,1.6,0,8,7,0,5,4,0.5,0.6,8,1,5,3,6,7,0,0,3,2,4,0.4,0.8,3,4,1,2,2,1,0.2,0.0,12,8,6,6,8,12,9,1,14,7,7,14,15,-1,1533,1546,-13,53000000,56000000,2,0,1,0
2024,1208576,10,Fecha inválida,Barcelona,Sevilla,5,1,24,8,0,1,28,9,7,0,15,17,4,3.4,0.8,3,6,8,1,4,5,1.0,0.83,12,3,3,3,9,10,0,0,5,4,6,0.8,1.2,3,5,4,2,2,2,0.6,0.0,26,8,3,3,8,26,12,20,10,17,-7,14,14,0,1529,1536,-7,59000000,56000000,1,2,1,0
2024,1208583,10,Fecha inválida,Valencia,Las Palmas,2,3,6,1,3,5,5,13,0,3,1,3,10,0.6,2.0,3,3,4,0,3,3,0.25,0.0,3,0,3,6,9,17,0,0,2,6,10,1.2,2.0,0,7,5,0,4,3,0.0,0.0,2,2,6,6,2,2,3,0,13,15,-2,17,16,1,1532,1534,-2,52000000,54000000,1,0,0,0
2024,1212920,11,Fecha inválida,Espanyol,Sevilla,0,2,10,3,1,6,10,17,0,2,7,5,5,1.0,1.0,1,6,6,1,2,2,0.6,0.0,12,3,3,4,10,15,0,0,5,4,6,0.8,1.2,3,6,5,2,2,2,0.6,0.0,3,7,16,16,7,3,-2,-2,1,17,-16,6,5,1,1540,1536,4,50000000,56000000,0,2,0,0
2024,1208591,11,Fecha inválida,Valladolid,Villarreal,1,2,8,2,2,6,8,21,1,0,4,2,13,0.4,2.6,3,5,7,2,1,3,0.2,0.2,18,5,3,2,18,18,0,0,11,11,8,2.2,1.6,0,9,7,0,5,4,0.4,0.6,3,3,6,6,3,3,-10,-13,1,14,-13,7,5,2,1520,1533,-13,50000000,53000000,0,2,0,1
2024,1208592,11,Fecha inválida,Rayo Vallecano,Alaves,1,0,13,3,4,3,11,10,1,0,7,7,6,1.4,1.2,2,7,5,1,4,4,0.25,0.33,10,3,1,6,13,18,0,1,7,7,6,1.4,1.2,2,6,7,2,3,3,0.4,0.2,4,1,3,3,1,4,3,6,9,3,6,6,7,-1,1528,1542,-14,58000000,52000000,2,2,0,0
2024,1208589,11,Fecha inválida,Las Palmas,Girona,1,0,6,1,3,6,12,19,0,0,2,6,10,1.2,2.0,0,8,6,0,4,3,0.0,0.2,12,3,3,4,11,13,0,0,7,8,8,1.6,1.6,3,4,4,2,2,3,0.4,0.2,1,4,7,7,4,1,-6,-5,15,8,7,4,7,-3,1534,1547,-13,54000000,57000000,0,1,0,1
2024,1208587,11,Fecha inválida,Real Madrid,Barcelona,0,4,24,7,3,0,21,7,0,0,11,9,2,1.8,0.4,4,6,4,3,2,1,1.0,0.4,27,9,0,1,33,10,7,0,15,17,4,3.4,0.8,3,7,9,1,4,5,1.0,0.83,16,8,21,21,8,16,-3,-9,2,10,-8,7,6,1,1541,1529,12,51000000,59000000,1,1,1,1
2024,1208588,11,Fecha inválida,Leganes,Celta Vigo,3,0,8,1,5,4,6,12,0,0,5,3,5,0.6,1.0,2,5,2,1,2,1,0.25,0.0,13,4,1,5,17,17,2,0,9,13,10,2.6,2.0,1,8,7,0,5,5,0.5,0.25,4,3,3,3,3,4,-5,-6,18,19,-1,6,7,-1,1537,1538,-1,57000000,58000000,0,1,1,0
2024,1208584,11,Fecha inválida,Getafe,Valencia,1,1,9,1,6,3,7,8,0,0,3,2,4,0.4,0.8,3,5,1,2,2,1,0.2,0.0,6,1,3,6,7,16,0,3,1,3,10,0.6,2.0,3,4,5,0,3,3,0.2,0.0,9,8,13,13,8,9,3,8,7,13,-6,6,5,1,1546,1532,14,56000000,52000000,0,1,0,0
2024,1208586,11,Fecha inválida,Real Betis,Atletico Madrid,1,0,15,4,3,3,10,9,0,0,8,5,4,1.0,0.8,3,5,3,2,2,1,0.6,0.2,20,5,5,0,16,6,0,0,11,9,2,1.8,0.4,5,5,4,4,1,3,0.6,0.4,3,6,17,17,6,3,-5,-9,4,11,-7,8,7,1,1543,1530,13,53000000,50000000,0,2,1,0
2024,1208590,11,Fecha inválida,Real Sociedad,Osasuna,0,2,12,3,3,4,8,8,0,1,4,3,6,0.6,1.2,5,3,3,2,2,2,0.2,0.4,15,4,3,3,14,16,0,0,7,6,10,1.2,2.0,2,7,6,1,3,3,0.67,0.0,13,8,7,7,8,13,-3,2,9,8,1,8,8,0,1548,1527,21,58000000,57000000,2,1,0,1
2024,1208585,11,Fecha inválida,Mallorca,Athletic Club,0,0,17,5,2,3,10,8,0,0,5,3,4,0.6,0.8,4,5,4,2,2,1,0.4,0.6,17,5,2,3,17,11,0,0,7,6,6,1.2,1.2,2,7,5,1,3,2,0.5,0.5,2,7,8,8,7,2,0,-4,19,12,7,8,9,-1,1598,1531,67,58000000,51000000,0,0,0,1
2024,1208598,12,Fecha inválida,Alaves,Mallorca,1,0,10,3,1,6,12,17,0,0,10,8,5,1.6,1.0,2,5,6,2,3,3,0.4,0.2,17,5,2,3,9,7,0,1,7,3,3,0.6,0.6,5,4,4,3,1,1,0.4,0.6,2,3,3,3,3,2,-7,-7,3,19,-16,6,4,2,1542,1598,-56,52000000,58000000,2,0,0,0
2024,1208597,12,Fecha inválida,Osasuna,Valladolid,1,0,17,5,2,3,15,15,1,0,9,7,10,1.4,2.0,3,6,6,1,3,4,0.8,0.2,5,1,2,7,8,23,0,1,2,1,13,0.2,2.6,2,6,8,2,1,3,0.0,0.2,6,7,3,3,7,6,12,15,8,1,7,5,7,-2,1527,1520,7,57000000,50000000,1,0,1,0
2024,1208596,12,Fecha inválida,Girona,Leganes,4,3,11,3,2,5,10,13,0,1,6,7,9,1.4,1.8,3,3,4,2,1,3,0.4,0.2,10,2,4,4,8,11,1,0,4,2,6,0.4,1.2,3,4,3,1,1,1,0.4,0.0,5,4,1,1,4,5,1,0,8,18,-10,6,6,0,1547,1537,10,57000000,57000000,1,0,1,1
2024,1208594,12,Fecha inválida,Atletico Madrid,Las Palmas,2,0,19,5,4,1,14,5,1,0,11,8,1,1.6,0.2,5,4,3,4,1,2,0.6,0.4,8,2,2,6,11,17,0,1,1,5,10,1.0,2.0,1,7,5,0,4,3,0.2,0.2,8,1,1,1,1,8,11,15,11,15,-4,6,7,-1,1530,1534,-4,50000000,54000000,2,0,0,0
2024,1212921,12,Fecha inválida,Barcelona,Espanyol,3,1,27,9,0,1,35,9,6,0,15,20,4,4.0,0.8,4,6,9,1,4,5,1.0,0.83,10,3,1,6,10,18,0,1,7,6,8,1.2,1.6,1,6,6,1,3,3,0.5,0.0,19,7,0,0,7,19,17,34,10,1,9,7,8,-1,1529,1540,-11,59000000,50000000,1,0,1,0
2024,1208601,12,Fecha inválida,Sevilla,Real Sociedad,0,2,14,4,2,4,10,13,0,1,4,3,6,0.6,1.2,4,5,4,2,2,2,0.6,0.2,12,3,3,4,7,8,1,0,4,2,5,0.4,1.0,5,2,2,2,1,1,0.2,0.4,12,7,11,11,7,12,2,-2,17,9,8,8,6,2,1536,1548,-12,56000000,58000000,2,2,0,0
2024,1208593,12,Fecha inválida,Athletic Club,Real Betis,1,1,17,5,2,3,16,10,0,1,9,7,5,1.4,1.0,3,6,5,2,2,2,0.6,0.4,17,5,2,3,10,8,0,0,7,5,5,1.0,1.0,4,4,3,2,2,2,0.8,0.2,13,6,8,8,6,13,0,4,12,4,8,6,7,-1,1531,1543,-12,51000000,53000000,0,0,1,1
2024,1208595,12,Fecha inválida,Celta Vigo,Getafe,1,0,10,3,1,6,15,19,1,0,6,12,12,2.4,2.4,1,7,7,0,5,5,0.4,0.2,9,1,6,3,7,8,0,0,3,2,4,0.4,0.8,3,5,1,2,2,1,0.17,0.0,6,9,9,9,9,6,1,-3,19,7,12,8,8,0,1538,1546,-8,58000000,56000000,1,0,0,0
2024,1208609,13,Fecha inválida,Rayo Vallecano,Las Palmas,1,3,13,3,4,3,10,9,0,0,5,6,6,1.2,1.2,3,6,4,1,4,3,0.4,0.2,8,2,2,6,10,17,0,0,2,5,9,1.0,1.8,1,6,4,0,4,2,0.2,0.2,4,4,2,2,4,4,5,8,9,15,-6,13,5,8,1528,1534,-6,58000000,54000000,2,0,0,0
2024,1208608,13,Fecha inválida,Real Madrid,Osasuna,4,0,23,7,2,1,20,10,1,0,13,12,2,2.4,0.4,4,5,5,3,2,2,0.83,0.5,17,5,2,3,15,15,0,1,7,6,10,1.2,2.0,3,6,6,1,3,4,0.8,0.2,16,6,1,1,6,16,6,10,2,8,-6,13,7,6,1541,1527,14,51000000,57000000,1,1,1,1
2024,1208610,13,Fecha inválida,Villarreal,Alaves,3,0,20,6,2,2,18,17,2,0,10,10,11,2.0,2.2,0,9,7,0,5,4,0.5,0.67,12,4,0,6,13,17,2,0,9,10,8,2.0,1.6,2,5,6,1,4,4,0.6,0.2,6,3,7,7,3,6,8,5,14,3,11,14,7,7,1533,1542,-9,53000000,52000000,2,2,1,0
2024,1208604,13,Fecha inválida,Leganes,Sevilla,1,0,7,1,4,5,9,14,0,0,2,1,6,0.2,1.2,3,4,3,1,1,0,0.25,0.0,14,4,2,4,9,13,0,0,7,4,5,0.8,1.0,4,4,3,2,2,2,0.6,0.2,3,3,5,5,3,3,-7,-1,18,17,1,7,6,1,1537,1536,1,57000000,56000000,0,2,1,0
2024,1208602,13,Fecha inválida,Real Betis,Celta Vigo,2,2,17,5,2,3,11,9,0,1,7,6,6,1.2,1.2,3,5,3,1,3,2,0.8,0.2,10,3,1,6,13,18,0,2,3,9,12,1.8,2.4,2,6,6,0,4,4,0.4,0.2,9,8,7,7,8,9,7,7,4,19,-15,6,5,1,1543,1538,5,53000000,58000000,0,1,1,0
2024,1208606,13,Fecha inválida,Mallorca,Atletico Madrid,0,1,17,5,2,3,9,7,0,0,10,5,3,1.0,0.6,5,4,4,3,2,2,0.4,0.6,19,5,4,1,13,5,0,0,11,6,1,1.2,0.2,5,4,2,4,1,1,0.6,0.4,4,4,8,8,4,4,-2,-6,19,11,8,8,7,1,1598,1530,68,58000000,50000000,0,2,0,0
2024,1208603,13,Fecha inválida,Getafe,Girona,0,1,8,1,5,4,7,9,0,0,2,2,5,0.4,1.0,2,5,1,1,2,1,0.2,0.0,14,4,2,4,14,13,2,0,7,7,6,1.4,1.2,3,4,4,3,1,2,0.5,0.25,3,3,6,6,3,3,-6,-3,7,8,-1,5,8,-3,1546,1547,-1,56000000,57000000,0,1,0,1
2024,1208605,13,Fecha inválida,Valladolid,Athletic Club,1,1,5,1,2,7,8,21,0,0,2,2,12,0.4,2.4,2,6,7,2,2,3,0.0,0.2,18,5,3,2,16,9,1,0,12,9,4,1.8,0.8,3,6,4,2,2,2,0.5,0.5,2,6,7,7,6,2,-13,-20,1,12,-11,8,6,2,1520,1531,-11,50000000,51000000,0,0,0,1
2024,1208607,13,Fecha inválida,Real Sociedad,Barcelona,1,0,12,3,3,4,8,8,0,1,2,1,5,0.2,1.0,5,2,2,2,1,1,0.2,0.4,27,9,0,1,36,9,5,0,15,19,3,3.8,0.6,4,6,9,2,3,4,1.0,0.83,7,4,21,21,4,7,-15,-27,9,10,-1,7,7,0,1548,1529,19,58000000,59000000,2,1,0,1
2024,1208612,14,Fecha inválida,Getafe,Valladolid,2,0,7,1,4,5,7,10,0,2,4,4,5,0.8,1.0,1,5,1,1,2,1,0.2,0.0,5,1,2,7,9,22,0,2,1,3,14,0.6,2.8,1,7,7,1,3,4,0.0,0.2,5,7,8,8,7,5,2,10,7,1,6,12,12,0,1546,1520,26,56000000,50000000,0,0,0,0
2024,1208617,14,Fecha inválida,Valencia,Real Betis,4,2,7,1,4,5,7,15,0,2,4,4,8,0.8,1.6,3,4,4,1,2,2,0.25,0.0,18,5,3,2,13,9,2,0,10,7,4,1.4,0.8,3,6,4,2,3,2,0.67,0.25,10,7,12,12,7,10,-11,-12,13,4,9,26,13,13,1532,1543,-11,52000000,53000000,1,0,0,1
2024,1208619,14,Fecha inválida,Atletico Madrid,Alaves,2,1,21,6,3,1,14,5,2,0,11,7,2,1.4,0.4,5,4,2,3,2,1,0.75,0.5,9,3,0,7,11,19,1,0,6,8,9,1.6,1.8,2,4,6,1,3,3,0.6,0.0,10,4,2,2,4,10,12,17,11,3,8,13,14,-1,1530,1542,-12,50000000,52000000,2,2,0,0
2024,1208614,14,Fecha inválida,Las Palmas,Mallorca,2,3,10,3,1,6,12,17,0,3,1,5,11,1.0,2.2,1,6,5,0,4,3,0.25,0.33,16,5,1,4,9,8,1,0,12,7,4,1.4,0.8,4,4,4,2,3,3,0.4,0.6,1,4,3,3,4,1,-6,-6,15,19,-4,14,13,1,1534,1598,-64,54000000,58000000,0,0,0,0
2024,1212923,14,Fecha inválida,Girona,Espanyol,4,1,14,4,2,4,11,13,1,0,5,4,7,0.8,1.4,3,4,3,2,2,1,0.4,0.4,10,3,1,6,11,20,0,0,7,7,9,1.4,1.8,1,7,7,1,4,4,0.6,0.0,6,3,2,2,3,6,4,7,8,1,7,13,20,-7,1547,1540,7,57000000,50000000,1,0,1,0
2024,1208616,14,Fecha inválida,Celta Vigo,Barcelona,2,2,11,3,2,5,12,16,0,1,4,7,9,1.4,1.8,2,6,6,0,4,3,0.4,0.2,24,8,0,2,34,9,4,0,12,19,6,3.8,1.2,4,5,8,2,3,4,1.0,0.67,6,7,13,13,7,6,-13,-29,19,10,9,13,13,0,1538,1529,9,58000000,59000000,1,1,0,1
2024,1208613,14,Fecha inválida,Osasuna,Villarreal,2,2,17,5,2,3,15,15,1,0,10,10,8,2.0,1.6,3,6,6,1,4,4,0.8,0.2,20,6,2,2,19,16,1,0,10,10,11,2.0,2.2,1,8,7,0,5,4,0.6,0.6,6,4,10,10,4,6,-3,-3,8,14,-6,15,14,1,1527,1533,-6,57000000,53000000,1,2,1,1
2024,1208618,14,Fecha inválida,Sevilla,Rayo Vallecano,1,0,13,4,1,5,9,14,0,1,7,5,6,1.0,1.2,3,4,3,1,3,2,0.6,0.2,12,3,3,4,11,12,0,2,5,6,6,1.2,1.2,2,7,5,1,4,3,0.33,0.25,12,6,2,2,6,12,1,-4,17,9,8,14,15,-1,1536,1528,8,56000000,58000000,2,2,0,0
2024,1208615,14,Fecha inválida,Leganes,Real Madrid,0,3,9,2,3,5,10,14,0,3,2,2,7,0.4,1.4,3,4,3,0,2,0,0.4,0.0,23,7,2,1,21,10,0,0,13,12,4,2.4,0.8,4,5,5,2,3,2,0.83,0.5,1,3,8,8,3,1,-14,-15,18,2,16,14,15,-1,1537,1541,-4,57000000,51000000,0,1,1,1
2024,1208611,14,Fecha inválida,Athletic Club,Real Sociedad,1,0,16,4,4,2,16,10,0,1,10,9,5,1.8,1.0,2,7,4,1,3,2,0.4,0.4,15,4,3,3,8,6,0,0,5,3,3,0.6,0.6,6,1,1,3,0,1,0.4,0.4,12,8,12,12,8,12,1,4,12,9,3,14,14,0,1531,1548,-17,51000000,58000000,0,2,1,0
2024,1208621,15,Fecha inválida,Mallorca,Valencia,2,1,16,5,1,4,11,10,0,1,9,7,6,1.4,1.2,3,5,5,1,4,4,0.4,0.6,10,2,4,4,10,14,0,1,5,3,5,0.6,1.0,3,4,4,2,1,1,0.4,0.0,6,6,4,4,6,6,6,5,19,13,6,6,6,0,1598,1532,66,58000000,52000000,0,1,0,0
2024,1208620,15,Fecha inválida,Barcelona,Las Palmas,1,2,22,7,1,2,29,11,3,0,12,15,6,3.0,1.2,3,6,8,2,3,4,1.0,0.57,10,3,1,6,14,18,0,2,1,5,10,1.0,2.0,1,7,6,0,4,3,0.2,0.4,7,2,1,1,2,7,12,22,10,15,-5,6,6,0,1529,1534,-5,59000000,54000000,1,0,1,0
2024,1208622,15,Fecha inválida,Alaves,Leganes,1,1,6,2,0,8,10,21,0,1,3,6,12,1.2,2.4,1,5,7,0,3,4,0.5,0.0,9,2,3,5,10,16,0,2,3,2,6,0.4,1.2,3,4,4,1,2,0,0.4,0.0,2,8,2,2,8,2,-3,-5,3,18,-15,7,5,2,1542,1537,5,52000000,57000000,2,0,0,1
2024,1212924,15,Fecha inválida,Espanyol,Celta Vigo,3,1,9,3,0,7,12,24,2,0,6,7,10,1.4,2.0,0,8,8,0,4,4,0.6,0.0,12,3,3,4,12,15,1,0,7,6,6,1.2,1.2,2,6,6,1,3,2,0.33,0.25,7,10,6,6,10,7,-3,-9,1,19,-18,7,6,1,1540,1538,2,50000000,58000000,0,1,0,0
2024,1208624,15,Fecha inválida,Valladolid,Atletico Madrid,0,5,5,1,2,7,9,17,0,1,1,4,9,0.8,1.8,1,7,6,1,4,4,0.0,0.2,21,6,3,1,15,6,1,0,9,7,3,1.4,0.6,4,5,3,2,3,1,0.8,0.4,0,2,12,12,2,0,-16,-17,1,11,-10,8,7,1,1520,1530,-10,50000000,50000000,0,2,0,0
2024,1208627,15,Fecha inválida,Villarreal,Girona,2,2,18,5,3,2,17,15,0,0,10,9,9,1.8,1.8,1,8,7,0,5,4,0.5,0.5,14,4,2,4,13,14,0,2,5,4,8,0.8,1.6,2,5,4,1,3,2,0.5,0.25,7,2,3,3,2,7,4,3,14,8,6,7,7,0,1533,1547,-14,53000000,57000000,2,1,1,1
2024,1208626,15,Fecha inválida,Real Madrid,Getafe,2,0,25,8,1,1,23,9,4,0,13,12,4,2.4,0.8,5,4,6,2,3,2,0.83,0.75,10,2,4,4,9,9,0,1,5,5,5,1.0,1.0,2,5,1,1,3,1,0.33,0.0,23,3,2,2,3,23,15,14,2,7,-5,6,8,-2,1541,1546,-5,51000000,56000000,1,0,1,0
2024,1208623,15,Fecha inválida,Rayo Vallecano,Athletic Club,1,2,12,3,3,4,10,11,0,1,6,6,5,1.2,1.0,2,6,4,1,4,2,0.4,0.2,19,5,4,1,17,9,3,0,10,10,6,2.0,1.2,3,7,4,1,4,3,0.6,0.4,3,5,12,12,5,3,-7,-9,9,12,-3,7,6,1,1528,1531,-3,58000000,51000000,2,0,0,1
2024,1208625,15,Fecha inválida,Real Sociedad,Real Betis,2,0,14,4,2,4,8,7,0,2,5,4,4,0.8,0.8,5,1,1,2,1,1,0.4,0.4,15,4,3,3,13,13,1,0,7,5,5,1.0,1.0,2,7,5,1,3,2,0.6,0.2,12,12,8,8,12,12,-1,1,9,4,5,7,8,-1,1548,1543,5,58000000,53000000,2,0,0,1
2024,1208628,15,Fecha inválida,Sevilla,Osasuna,1,1,16,5,1,4,10,12,1,0,10,6,4,1.2,0.8,4,4,3,2,3,2,0.8,0.2,15,4,3,3,14,15,0,1,8,8,7,1.6,1.4,3,6,6,1,4,3,0.6,0.2,11,7,5,5,7,11,1,-1,17,8,9,8,8,0,1536,1527,9,56000000,57000000,2,1,0,1
2024,1208661,19,Fecha inválida,Mallorca,Barcelona,1,5,19,6,1,3,12,9,3,0,12,7,4,1.4,0.8,3,5,5,2,3,3,0.6,0.6,19,6,1,3,26,12,2,0,12,16,6,3.2,1.2,3,6,8,2,3,4,0.75,0.5,0,3,13,13,3,0,0,-11,19,10,9,3,3,0,1598,1529,69,58000000,59000000,0,1,0,1
2024,1208656,19,Fecha inválida,Athletic Club,Real Madrid,2,1,19,5,4,1,16,8,2,0,10,11,5,2.2,1.0,3,7,4,1,4,3,0.6,0.4,25,8,1,1,23,9,3,0,13,12,4,2.4,0.8,5,4,6,2,3,2,0.83,0.75,4,7,22,22,7,4,-6,-6,12,2,10,3,3,0,1531,1541,-10,51000000,51000000,0,1,1,1
2024,1208631,16,Fecha inválida,Celta Vigo,Mallorca,2,0,9,2,3,5,10,17,0,2,4,4,7,0.8,1.4,2,6,6,1,3,2,0.2,0.2,16,5,1,4,12,14,2,0,10,6,4,1.2,0.8,2,6,6,2,3,3,0.4,0.6,2,5,5,5,5,2,-7,-5,19,19,0,6,3,3,1538,1598,-60,58000000,58000000,1,0,0,0
2024,1208633,16,Fecha inválida,Las Palmas,Valladolid,2,1,13,4,1,5,14,16,0,1,4,6,9,1.2,1.8,1,7,6,0,4,3,0.25,0.5,5,1,2,7,8,19,0,0,4,6,8,1.2,1.6,1,6,6,1,4,4,0.0,0.25,2,2,1,1,2,2,8,9,15,1,14,7,6,1,1534,1520,14,54000000,50000000,0,0,0,0
2024,1208635,16,Fecha inválida,Real Betis,Barcelona,2,2,12,3,3,4,11,14,0,1,7,5,5,1.0,1.0,2,6,4,1,3,2,0.5,0.17,19,6,1,3,26,12,1,0,12,15,5,3.0,1.0,3,6,8,3,2,4,0.75,0.5,2,5,21,21,5,2,-7,-17,4,10,-6,5,3,2,1543,1529,14,53000000,59000000,0,1,1,1
2024,1208636,16,Fecha inválida,Valencia,Rayo Vallecano,0,1,10,2,4,4,11,15,0,0,5,3,7,0.6,1.4,3,5,5,2,1,2,0.4,0.0,12,3,3,4,10,11,1,0,9,7,4,1.4,0.8,2,6,4,1,4,2,0.33,0.25,7,8,5,5,8,7,-2,-3,13,9,4,7,6,1,1532,1528,4,52000000,58000000,1,2,0,0
2024,1208632,16,Fecha inválida,Girona,Real Madrid,0,3,15,4,3,3,14,12,0,1,5,3,5,0.6,1.0,2,5,4,1,2,1,0.6,0.2,22,7,1,2,22,11,2,0,13,12,5,2.4,1.0,4,5,7,1,4,3,0.83,0.5,3,2,7,7,2,3,-7,-9,8,2,6,6,3,3,1547,1541,6,57000000,51000000,1,1,1,1
2024,1208634,16,Fecha inválida,Leganes,Real Sociedad,0,3,10,2,4,4,11,15,0,1,3,3,7,0.6,1.4,3,5,4,1,3,1,0.4,0.0,17,5,2,3,10,5,0,1,8,5,2,1.0,0.4,6,1,1,3,1,1,0.6,0.4,2,4,5,5,4,2,-7,-9,18,9,9,7,6,1,1537,1548,-11,57000000,58000000,0,2,1,0
2024,1208629,16,Fecha inválida,Athletic Club,Villarreal,2,0,19,5,4,1,16,9,1,0,8,9,5,1.8,1.0,2,8,5,1,4,3,0.67,0.25,18,5,3,2,18,16,1,0,9,8,10,1.6,2.0,1,8,8,0,4,4,0.4,0.6,9,12,7,7,12,9,1,5,12,14,-2,3,7,-4,1531,1533,-2,51000000,53000000,0,2,1,1
2024,1208637,16,Fecha inválida,Osasuna,Alaves,2,2,16,4,4,2,14,13,1,0,8,8,6,1.6,1.2,3,6,5,1,4,3,0.6,0.2,7,2,1,7,9,19,1,0,3,6,12,1.2,2.4,1,5,6,0,3,4,0.4,0.0,9,3,4,4,3,9,9,11,8,3,5,5,8,-3,1527,1542,-15,57000000,52000000,1,2,1,0
2024,1208630,16,Fecha inválida,Atletico Madrid,Sevilla,4,3,21,6,3,1,17,6,0,0,9,7,4,1.4,0.8,4,5,3,1,4,1,0.75,0.5,14,4,2,4,10,13,0,1,7,6,9,1.2,1.8,3,5,3,1,4,3,0.6,0.2,14,13,5,5,13,14,7,14,11,17,-6,8,6,2,1530,1536,-6,50000000,56000000,2,2,0,0
2024,1212925,16,Fecha inválida,Getafe,Espanyol,1,0,10,2,4,4,8,9,0,0,6,5,4,1.0,0.8,2,4,0,1,3,0,0.33,0.0,9,3,0,7,13,24,1,0,6,7,10,1.4,2.0,0,8,8,0,4,4,0.6,0.0,9,6,10,10,6,9,1,10,7,1,6,8,9,-1,1546,1540,6,56000000,50000000,0,0,0,0
2024,1208645,17,Fecha inválida,Valladolid,Valencia,1,0,4,1,1,8,9,21,0,3,3,7,10,1.4,2.0,0,7,7,0,5,5,0.0,0.2,9,2,3,5,10,15,0,1,5,2,6,0.4,1.2,3,4,5,3,0,2,0.4,0.0,2,6,6,6,6,2,-5,-7,1,13,-12,6,6,0,1520,1532,-12,50000000,52000000,0,1,0,0
2024,1212926,17,Fecha inválida,Espanyol,Osasuna,0,0,6,2,0,8,10,23,0,3,3,5,12,1.0,2.4,0,7,7,0,4,4,0.5,0.0,14,3,5,2,14,14,0,0,8,8,5,1.6,1.0,3,6,5,2,3,2,0.4,0.2,4,6,9,9,6,4,-8,-13,1,8,-7,4,5,-1,1540,1527,13,50000000,57000000,0,1,0,1
2024,1208644,17,Fecha inválida,Mallorca,Girona,2,1,13,4,1,5,10,15,1,0,7,4,4,0.8,0.8,2,5,5,2,2,2,0.4,0.4,15,4,3,3,14,13,0,0,5,3,4,0.6,0.8,2,5,5,1,2,1,0.5,0.25,6,2,3,3,2,6,-2,-6,19,8,11,7,6,1,1598,1547,51,58000000,57000000,0,1,0,1
2024,1208643,17,Fecha inválida,Sevilla,Celta Vigo,1,0,14,4,2,4,12,15,1,0,10,7,7,1.4,1.4,3,5,3,2,3,2,0.6,0.2,12,3,3,4,11,14,0,1,4,3,7,0.6,1.4,3,5,5,1,2,2,0.33,0.25,10,8,8,8,8,10,2,0,17,19,-2,5,7,-2,1536,1538,-2,56000000,58000000,2,1,0,0
2024,1208640,17,Fecha inválida,Rayo Vallecano,Real Madrid,3,3,12,3,3,4,8,10,0,0,6,4,4,0.8,0.8,3,5,3,1,3,1,0.2,0.4,22,7,1,2,21,10,1,0,10,8,8,1.6,1.6,5,4,7,1,3,3,0.8,0.6,2,4,14,14,4,2,-10,-13,9,2,7,7,7,0,1528,1541,-13,58000000,51000000,2,1,0,1
2024,1208638,17,Fecha inválida,Atletico Madrid,Getafe,1,0,23,7,2,1,20,8,1,0,8,6,4,1.2,0.8,4,5,4,1,3,1,0.8,0.6,12,3,3,4,8,8,0,1,6,5,4,1.0,0.8,3,3,0,1,3,0,0.5,0.0,22,6,1,1,6,22,11,12,11,7,4,6,5,1,1530,1546,-16,50000000,56000000,2,0,0,0
2024,1208641,17,Fecha inválida,Alaves,Athletic Club,1,1,5,1,2,7,9,20,0,5,0,4,12,0.8,2.4,1,5,6,0,2,3,0.25,0.0,19,5,4,1,15,8,0,0,6,7,5,1.4,1.0,3,7,4,1,4,2,0.67,0.25,4,8,6,6,8,4,-14,-18,3,12,-9,6,7,-1,1542,1531,11,52000000,51000000,2,0,0,1
2024,1208642,17,Fecha inválida,Villarreal,Real Betis,1,2,15,4,3,3,16,17,0,1,7,7,10,1.4,2.0,1,7,7,0,4,3,0.4,0.4,13,3,4,3,12,14,0,0,10,5,3,1.0,0.6,2,6,4,2,2,1,0.5,0.17,10,6,8,8,6,10,2,1,14,4,10,7,8,-1,1533,1543,-10,53000000,53000000,2,0,1,1
2024,1208646,17,Fecha inválida,Real Sociedad,Las Palmas,0,0,20,6,2,2,13,4,0,0,8,5,3,1.0,0.6,7,1,2,3,1,1,0.6,0.6,16,5,1,4,15,15,0,0,7,6,7,1.2,1.4,1,7,6,1,3,2,0.4,0.6,4,4,2,2,4,4,4,9,9,15,-6,7,8,-1,1548,1534,14,58000000,54000000,2,0,0,0
2024,1208639,17,Fecha inválida,Barcelona,Leganes,0,1,17,5,2,3,27,14,0,1,12,17,6,3.4,1.2,2,7,9,2,3,5,0.67,0.43,10,2,4,4,11,16,0,0,6,6,5,1.2,1.0,3,5,5,2,3,2,0.4,0.0,8,1,2,2,1,8,7,18,10,18,-8,8,7,1,1529,1537,-8,59000000,57000000,1,0,1,1
2024,1208599,12,Fecha inválida,Villarreal,Rayo Vallecano,1,1,15,4,3,3,16,14,2,0,10,8,6,1.6,1.2,1,7,7,0,4,3,0.4,0.4,12,3,3,4,10,12,0,0,8,4,3,0.8,0.6,3,5,4,2,2,1,0.2,0.4,11,4,4,4,4,11,3,4,14,9,5,3,4,-1,1533,1528,5,53000000,58000000,2,2,1,0
2024,1212922,13,Fecha inválida,Espanyol,Valencia,1,1,7,2,1,7,9,19,0,2,3,4,10,0.8,2.0,1,6,6,0,3,3,0.4,0.0,9,2,3,5,10,13,1,0,5,4,6,0.8,1.2,3,4,4,3,1,2,0.4,0.0,5,9,12,12,9,5,-2,-7,1,13,-12,4,5,-1,1540,1532,8,50000000,52000000,0,1,0,0
2024,1208650,18,Fecha inválida,Girona,Valladolid,3,0,14,4,2,4,15,15,0,0,7,7,7,1.4,1.4,1,6,6,0,3,2,0.6,0.2,7,2,1,7,9,19,0,2,3,6,9,1.2,1.8,1,6,6,0,4,4,0.17,0.25,4,3,3,3,3,4,7,10,8,1,7,6,7,-1,1547,1520,27,57000000,50000000,1,0,1,0
2024,1208649,18,Fecha inválida,Getafe,Mallorca,0,1,12,3,3,4,8,8,1,0,6,5,4,1.0,0.8,3,3,0,1,3,0,0.5,0.0,13,4,1,5,10,15,0,1,4,2,4,0.4,0.8,2,5,5,2,1,1,0.5,0.25,8,5,5,5,5,8,-1,5,7,19,-12,6,6,0,1546,1598,-52,56000000,58000000,0,0,0,0
2024,1208648,18,Fecha inválida,Celta Vigo,Real Sociedad,2,0,12,3,3,4,11,14,0,0,7,4,6,0.8,1.2,3,5,5,2,2,2,0.4,0.2,20,6,2,2,13,4,1,0,10,7,3,1.4,0.6,7,1,2,3,1,1,0.5,0.75,6,9,14,14,9,6,-8,-12,19,9,10,6,5,1,1538,1548,-10,58000000,58000000,1,2,0,0
2024,1208653,18,Fecha inválida,Osasuna,Athletic Club,1,2,14,3,5,2,14,14,1,0,10,9,5,1.8,1.0,3,6,5,2,3,2,0.4,0.2,19,5,4,1,15,8,0,1,6,7,5,1.4,1.0,3,7,4,1,4,2,0.8,0.2,5,7,14,14,7,5,-5,-7,8,12,-4,7,6,1,1527,1531,-4,57000000,51000000,1,0,1,1
2024,1208654,18,Fecha inválida,Barcelona,Atletico Madrid,1,2,17,5,2,3,25,11,4,0,12,15,3,3.0,0.6,2,6,8,2,2,4,0.5,0.5,23,7,2,1,20,8,0,0,8,7,4,1.4,0.8,4,5,4,1,3,1,0.83,0.5,20,9,6,6,9,20,-6,2,10,11,-1,6,6,0,1529,1530,-1,59000000,50000000,1,2,1,0
2024,1208655,18,Fecha inválida,Valencia,Alaves,2,2,7,1,4,5,9,14,0,0,3,3,7,0.6,1.4,2,5,4,2,2,2,0.25,0.0,6,1,3,6,8,18,0,4,3,3,9,0.6,1.8,1,5,5,1,1,2,0.2,0.0,7,5,6,6,5,7,1,5,13,3,10,3,6,-3,1532,1542,-10,52000000,52000000,1,2,0,0
2024,1208651,18,Fecha inválida,Real Madrid,Sevilla,4,2,20,6,2,2,21,11,0,0,10,9,6,1.8,1.2,5,4,7,2,2,3,0.75,0.5,14,4,2,4,11,14,0,0,7,5,8,1.0,1.6,4,4,2,2,2,1,0.6,0.2,22,3,6,6,3,22,6,13,2,17,-15,7,7,0,1541,1536,5,51000000,56000000,1,2,1,0
2024,1212927,18,Fecha inválida,Las Palmas,Espanyol,1,0,16,5,1,4,14,14,0,2,6,5,8,1.0,1.6,2,6,6,1,2,2,0.5,0.5,8,2,2,6,9,18,0,1,3,4,11,0.8,2.2,1,6,5,0,3,3,0.4,0.0,5,5,4,4,5,5,8,9,15,1,14,7,3,4,1534,1540,-6,54000000,50000000,0,0,0,0
2024,1208652,18,Fecha inválida,Leganes,Villarreal,2,5,12,3,3,4,11,15,0,0,5,8,8,1.6,1.6,4,4,5,2,3,3,0.4,0.2,13,3,4,3,15,14,1,0,10,9,5,1.8,1.0,1,7,6,1,3,3,0.33,0.25,2,2,6,6,2,2,-1,-5,18,14,4,6,3,3,1537,1533,4,57000000,53000000,0,2,1,1
2024,1208647,18,Fecha inválida,Real Betis,Rayo Vallecano,1,1,15,4,3,3,13,14,1,0,10,5,3,1.0,0.6,2,6,5,2,2,1,0.5,0.33,12,3,3,4,11,13,0,0,7,5,6,1.0,1.2,2,6,4,1,3,2,0.2,0.4,7,7,7,7,7,7,3,1,4,9,-5,7,3,4,1543,1528,15,53000000,58000000,0,2,1,0
2024,1208600,12,Fecha inválida,Valencia,Real Madrid,1,2,7,1,4,5,11,16,0,1,5,7,9,1.4,1.8,1,6,5,1,3,3,0.25,0.0,22,7,1,2,24,12,2,0,12,11,5,2.2,1.0,5,4,8,3,1,4,0.8,0.6,5,9,18,18,9,5,-15,-17,13,2,11,12,12,0,1532,1541,-9,52000000,51000000,1,1,0,1
2024,1208663,19,Fecha inválida,Rayo Vallecano,Celta Vigo,2,1,12,3,3,4,11,13,1,0,6,4,6,0.8,1.2,2,6,4,1,2,2,0.25,0.33,14,4,2,4,12,13,1,0,7,5,7,1.0,1.4,4,4,5,2,2,3,0.6,0.2,8,6,4,4,6,8,-2,-1,9,19,-10,19,20,-1,1528,1538,-10,58000000,58000000,2,1,0,0
2024,1208660,19,Fecha inválida,Alaves,Girona,0,1,7,1,4,5,10,18,0,3,3,3,10,0.6,2.0,1,6,6,1,1,3,0.2,0.0,16,5,1,4,17,14,1,0,9,7,6,1.4,1.2,2,5,7,1,2,2,0.67,0.25,2,4,4,4,4,2,-9,-11,3,8,-5,20,21,-1,1542,1547,-5,52000000,57000000,2,1,0,1
2024,1208662,19,Fecha inválida,Valladolid,Real Betis,1,0,7,2,1,7,8,20,0,1,4,6,8,1.2,1.6,1,5,6,0,4,3,0.2,0.2,13,3,4,3,13,15,0,1,8,6,5,1.2,1.0,1,7,5,1,3,2,0.25,0.33,4,5,6,6,5,4,-6,-10,1,4,-3,21,19,2,1520,1543,-23,50000000,53000000,0,0,0,1
2024,1212928,19,Fecha inválida,Espanyol,Leganes,1,1,8,2,2,6,9,18,1,0,3,5,14,1.0,2.8,1,6,5,0,4,4,0.4,0.0,11,3,2,5,12,19,0,0,7,8,7,1.6,1.4,4,4,6,3,2,3,0.33,0.25,5,3,6,6,3,5,-3,-2,1,18,-17,20,20,0,1540,1537,3,50000000,57000000,0,0,0,1
2024,1208659,19,Fecha inválida,Sevilla,Valencia,1,1,13,4,1,5,12,17,1,0,6,4,8,0.8,1.6,4,4,3,2,1,1,0.6,0.2,7,1,4,5,12,15,0,0,5,8,8,1.6,1.6,1,7,5,1,4,3,0.2,0.0,13,10,8,8,10,13,6,-2,17,13,4,20,8,12,1536,1532,4,56000000,52000000,2,1,0,0
2024,1208664,19,Fecha inválida,Las Palmas,Getafe,0,0,19,6,1,3,14,11,0,1,9,7,6,1.4,1.2,3,5,5,1,2,2,0.6,0.6,9,2,3,5,6,9,0,0,3,3,5,0.6,1.0,2,3,0,0,3,0,0.33,0.0,2,3,3,3,3,2,10,6,15,7,8,20,22,-2,1534,1546,-12,54000000,56000000,0,0,0,0
2024,1208657,19,Fecha inválida,Atletico Madrid,Osasuna,0,0,25,8,1,1,21,8,0,0,10,7,3,1.4,0.6,4,5,5,2,2,1,1.0,0.6,11,2,5,3,11,14,0,0,7,5,7,1.0,1.4,3,6,5,2,2,2,0.2,0.2,17,3,2,2,3,17,14,16,11,8,3,21,21,0,1530,1527,3,50000000,57000000,2,1,0,1
2024,1208658,19,Fecha inválida,Real Sociedad,Villarreal,0,0,17,5,2,3,10,6,0,0,10,5,3,1.0,0.6,6,1,1,3,1,0,0.4,0.6,13,3,4,3,17,15,0,1,8,8,6,1.6,1.2,1,7,6,1,3,3,0.2,0.4,7,8,14,14,8,7,4,2,9,14,-5,23,22,1,1548,1533,15,58000000,53000000,2,2,0,1
2024,1212929,20,Fecha inválida,Espanyol,Valladolid,0,0,6,1,3,6,8,18,0,4,3,6,14,1.2,2.8,1,6,4,0,4,4,0.2,0.0,10,3,1,6,8,18,1,0,4,5,8,1.0,1.6,2,4,5,0,3,2,0.4,0.2,5,5,5,5,5,5,-4,0,1,1,0,6,6,0,1540,1520,20,50000000,50000000,0,0,0,0
2024,1208665,20,Fecha inválida,Girona,Sevilla,0,0,16,5,1,4,16,13,0,2,9,9,6,1.8,1.2,3,4,6,1,2,2,0.6,0.4,11,3,2,5,12,18,0,1,6,4,8,0.8,1.6,3,5,3,2,1,1,0.4,0.2,6,1,3,3,1,6,5,9,8,17,-9,7,6,1,1547,1536,11,57000000,56000000,1,2,1,0
2024,1208668,20,Fecha inválida,Leganes,Atletico Madrid,0,0,11,3,2,5,13,20,0,1,6,8,10,1.6,2.0,3,5,6,2,2,4,0.4,0.2,25,8,1,1,21,8,0,0,10,7,3,1.4,0.6,4,5,5,2,2,1,1.0,0.6,0,5,5,5,5,0,-14,-20,18,11,7,6,27,-21,1537,1530,7,57000000,50000000,0,2,1,0
2024,1208673,20,Fecha inválida,Real Betis,Alaves,0,0,13,3,4,3,13,15,2,0,8,8,8,1.6,1.6,1,7,5,1,4,3,0.25,0.33,7,1,4,5,10,16,0,2,3,4,9,0.8,1.8,1,6,5,1,2,3,0.2,0.0,6,7,4,4,7,6,6,4,4,3,1,7,7,0,1543,1542,1,53000000,52000000,0,2,1,0
2024,1208669,20,Fecha inválida,Getafe,Barcelona,0,0,9,2,3,5,5,8,0,0,5,4,4,0.8,0.8,3,2,0,1,2,0,0.4,0.0,14,4,2,4,23,13,3,0,10,14,5,2.8,1.0,1,7,8,1,3,4,0.4,0.4,2,7,19,19,7,2,-5,-13,7,10,-3,6,28,-22,1546,1529,17,56000000,59000000,0,1,0,1
2024,1208667,20,Fecha inválida,Celta Vigo,Athletic Club,0,0,11,3,2,5,12,15,0,2,5,6,9,1.2,1.8,3,5,6,1,3,4,0.6,0.0,22,6,4,0,16,7,1,0,9,7,3,1.4,0.6,3,7,4,2,3,1,0.8,0.4,6,7,13,13,7,6,-11,-12,19,12,7,8,28,-20,1538,1531,7,58000000,51000000,1,0,0,1
2024,1208672,20,Fecha inválida,Real Madrid,Las Palmas,0,0,22,7,1,2,24,13,1,0,12,11,5,2.2,1.0,4,5,9,3,1,4,0.75,0.67,20,6,2,2,14,10,2,0,9,9,8,1.8,1.6,4,5,5,1,3,3,0.6,0.6,6,4,0,0,4,6,2,7,2,15,-13,15,7,8,1541,1534,7,51000000,54000000,1,0,1,0
2024,1208666,20,Fecha inválida,Osasuna,Rayo Vallecano,0,0,11,2,5,3,11,14,0,0,7,5,7,1.0,1.4,3,6,5,2,2,2,0.2,0.2,12,3,3,4,11,13,0,1,3,3,7,0.6,1.4,2,6,4,1,2,2,0.4,0.2,7,4,5,5,4,7,-1,-1,8,9,-1,29,8,21,1527,1528,-1,57000000,58000000,1,2,1,0
2024,1208671,20,Fecha inválida,Valencia,Real Sociedad,0,0,7,1,4,5,13,16,0,1,4,8,9,1.6,1.8,0,8,5,0,4,3,0.2,0.0,17,5,2,3,10,6,0,0,10,5,3,1.0,0.6,6,1,1,3,1,0,0.4,0.6,8,8,14,14,8,8,-10,-7,13,9,4,8,29,-21,1532,1548,-16,52000000,58000000,1,2,0,0
2024,1208670,20,Fecha inválida,Villarreal,Mallorca,0,0,13,3,4,3,17,15,0,1,8,8,6,1.6,1.2,1,7,6,1,3,3,0.2,0.4,16,5,1,4,10,13,1,0,7,4,4,0.8,0.8,3,4,4,2,1,1,0.5,0.5,6,4,4,4,4,6,-3,5,14,19,-5,29,30,-1,1533,1598,-65,53000000,58000000,2,0,1,0
2024,1208677,21,Fecha inválida,Las Palmas,Osasuna,0,0,20,6,2,2,14,10,2,0,9,9,8,1.8,1.6,4,5,5,1,3,3,0.6,0.6,11,2,5,3,11,14,0,0,7,5,7,1.0,1.4,3,6,5,2,2,2,0.2,0.2,2,4,2,2,4,2,9,7,15,8,7,12,34,-22,1534,1527,7,54000000,57000000,0,1,0,1
2024,1208679,21,Fecha inválida,Mallorca,Real Betis,0,0,16,5,1,4,10,13,1,0,7,4,4,0.8,0.8,3,4,4,2,1,1,0.5,0.5,13,3,4,3,13,15,2,0,8,8,8,1.6,1.6,1,7,5,1,4,3,0.25,0.33,4,3,7,7,3,4,3,-1,19,4,15,35,13,22,1598,1543,55,58000000,53000000,0,0,0,1
2024,1208675,21,Fecha inválida,Atletico Madrid,Villarreal,0,0,25,8,1,1,21,8,0,0,10,7,3,1.4,0.6,4,5,5,2,2,1,1.0,0.6,13,3,4,3,17,15,0,1,8,8,6,1.6,1.2,1,7,6,1,3,3,0.2,0.4,10,11,7,7,11,10,12,11,11,14,-3,34,33,1,1530,1533,-3,50000000,53000000,2,2,0,1
2024,1212930,21,Fecha inválida,Sevilla,Espanyol,0,0,11,3,2,5,12,18,0,1,6,4,8,0.8,1.6,3,5,3,2,1,1,0.4,0.2,6,1,3,6,8,18,0,4,3,6,14,1.2,2.8,1,6,4,0,4,4,0.2,0.0,16,7,3,3,7,16,5,4,17,1,16,13,14,-1,1536,1540,-4,56000000,50000000,2,0,0,0
2024,1208682,21,Fecha inválida,Valladolid,Real Madrid,0,0,10,3,1,6,8,18,1,0,4,5,8,1.0,1.6,2,4,5,0,3,2,0.4,0.2,22,7,1,2,24,13,1,0,12,11,5,2.2,1.0,4,5,9,3,1,4,0.75,0.67,0,3,11,11,3,0,-12,-21,1,2,-1,14,22,-8,1520,1541,-21,50000000,51000000,0,1,0,1
2024,1208681,21,Fecha inválida,Rayo Vallecano,Girona,0,0,12,3,3,4,11,13,0,1,3,3,7,0.6,1.4,2,6,4,1,2,2,0.4,0.2,16,5,1,4,16,13,0,2,9,9,6,1.8,1.2,3,4,6,1,2,2,0.6,0.4,6,5,7,7,5,6,-4,-5,9,8,1,15,15,0,1528,1547,-19,58000000,57000000,2,1,0,1
2024,1208680,21,Fecha inválida,Real Sociedad,Getafe,0,0,17,5,2,3,10,6,0,0,10,5,3,1.0,0.6,6,1,1,3,1,0,0.4,0.6,9,2,3,5,5,8,0,0,5,4,4,0.8,0.8,3,2,0,1,2,0,0.4,0.0,8,10,10,10,10,8,8,7,9,7,2,36,14,22,1548,1546,2,58000000,56000000,2,0,0,0
2024,1208674,21,Fecha inválida,Athletic Club,Leganes,0,0,22,6,4,0,16,7,1,0,9,7,3,1.4,0.6,3,7,4,2,3,1,0.8,0.4,11,3,2,5,13,20,0,1,6,8,10,1.6,2.0,3,5,6,2,2,4,0.4,0.2,4,4,2,2,4,4,11,16,12,18,-6,36,15,21,1531,1537,-6,51000000,57000000,0,0,1,1
2024,1208676,21,Fecha inválida,Barcelona,Valencia,0,0,14,4,2,4,23,13,3,0,10,14,5,2.8,1.0,1,7,8,1,3,4,0.4,0.4,7,1,4,5,13,16,0,1,4,8,9,1.6,1.8,0,8,5,0,4,3,0.2,0.0,18,9,4,4,9,18,7,13,10,13,-3,36,15,21,1529,1532,-3,59000000,52000000,1,1,1,0
2024,1208678,21,Fecha inválida,Alaves,Celta Vigo,0,0,7,1,4,5,10,16,0,2,3,4,9,0.8,1.8,1,6,5,1,2,3,0.2,0.0,11,3,2,5,12,15,0,2,5,6,9,1.2,1.8,3,5,6,1,3,4,0.6,0.0,5,3,8,8,3,5,-4,-3,3,19,-16,16,17,-1,1542,1538,4,52000000,58000000,2,1,0,0
2024,1208688,22,Fecha inválida,Leganes,Rayo Vallecano,0,0,11,3,2,5,13,20,0,1,6,8,10,1.6,2.0,3,5,6,2,2,4,0.4,0.2,12,3,3,4,11,13,0,1,3,3,7,0.6,1.4,2,6,4,1,2,2,0.4,0.2,5,4,4,4,4,5,-1,-5,18,9,9,20,21,-1,1537,1528,9,57000000,58000000,0,2,1,0
2024,1208687,22,Fecha inválida,Villarreal,Valladolid,0,0,13,3,4,3,17,15,0,1,8,8,6,1.6,1.2,1,7,6,1,3,3,0.2,0.4,10,3,1,6,8,18,1,0,4,5,8,1.0,1.6,2,4,5,0,3,2,0.4,0.2,6,3,3,3,3,6,3,12,14,1,13,40,21,19,1533,1520,13,53000000,50000000,2,0,1,0
2024,1208683,22,Fecha inválida,Atletico Madrid,Mallorca,0,0,25,8,1,1,21,8,0,0,10,7,3,1.4,0.6,4,5,5,2,2,1,1.0,0.6,16,5,1,4,10,13,1,0,7,4,4,0.8,0.8,3,4,4,2,1,1,0.5,0.5,8,4,4,4,4,8,9,16,11,19,-8,41,42,-1,1530,1598,-68,50000000,58000000,2,0,0,0
2024,1212931,22,Fecha inválida,Espanyol,Real Madrid,0,0,6,1,3,6,8,18,0,4,3,6,14,1.2,2.8,1,6,4,0,4,4,0.2,0.0,22,7,1,2,24,13,1,0,12,11,5,2.2,1.0,4,5,9,3,1,4,0.75,0.67,2,3,21,21,3,2,-16,-21,1,2,-1,21,29,-8,1540,1541,-1,50000000,51000000,0,1,0,1
2024,1208684,22,Fecha inválida,Getafe,Sevilla,0,0,9,2,3,5,5,8,0,0,5,4,4,0.8,0.8,3,2,0,1,2,0,0.4,0.0,11,3,2,5,12,18,0,1,6,4,8,0.8,1.6,3,5,3,2,1,1,0.4,0.2,9,4,16,16,4,9,-2,3,7,17,-10,20,21,-1,1546,1536,10,56000000,56000000,0,2,0,0
2024,1208691,22,Fecha inválida,Barcelona,Alaves,0,0,14,4,2,4,23,13,3,0,10,14,5,2.8,1.0,1,7,8,1,3,4,0.4,0.4,7,1,4,5,10,16,0,2,3,4,9,0.8,1.8,1,6,5,1,2,3,0.2,0.0,12,3,1,1,3,12,7,16,10,3,7,42,22,20,1529,1542,-13,59000000,52000000,1,2,1,0
2024,1208690,22,Fecha inválida,Valencia,Celta Vigo,0,0,7,1,4,5,13,16,0,1,4,8,9,1.6,1.8,0,8,5,0,4,3,0.2,0.0,11,3,2,5,12,15,0,2,5,6,9,1.2,1.8,3,5,6,1,3,4,0.6,0.0,13,7,7,7,7,13,-4,0,13,19,-6,21,22,-1,1532,1538,-6,52000000,58000000,1,1,0,0
2024,1208686,22,Fecha inválida,Osasuna,Real Sociedad,0,0,11,2,5,3,11,14,0,0,7,5,7,1.0,1.4,3,6,5,2,2,2,0.2,0.2,17,5,2,3,10,6,0,0,10,5,3,1.0,0.6,6,1,1,3,1,0,0.4,0.6,7,8,13,13,8,7,-6,-7,8,9,-1,43,43,0,1527,1548,-21,57000000,58000000,1,2,1,0
2024,1208689,22,Fecha inválida,Real Betis,Athletic Club,0,0,13,3,4,3,13,15,2,0,8,8,8,1.6,1.6,1,7,5,1,4,3,0.25,0.33,22,6,4,0,16,7,1,0,9,7,3,1.4,0.6,3,7,4,2,3,1,0.8,0.4,8,6,13,13,6,8,-9,-11,4,12,-8,22,43,-21,1543,1531,12,53000000,51000000,0,0,1,1
2024,1208685,22,Fecha inválida,Girona,Las Palmas,0,0,16,5,1,4,16,13,0,2,9,9,6,1.8,1.2,3,4,6,1,2,2,0.6,0.4,20,6,2,2,14,10,2,0,9,9,8,1.8,1.6,4,5,5,1,3,3,0.6,0.6,7,4,1,1,4,7,-4,-1,8,15,-7,23,22,1,1547,1534,13,57000000,54000000,1,0,1,0
2024,1208692,23,Fecha inválida,Athletic Club,Girona,0,0,22,6,4,0,16,7,1,0,9,7,3,1.4,0.6,3,7,4,2,3,1,0.8,0.4,16,5,1,4,16,13,0,2,9,9,6,1.8,1.2,3,4,6,1,2,2,0.6,0.4,4,2,4,4,2,4,6,6,12,8,4,49,28,21,1531,1547,-16,51000000,57000000,0,1,1,1
2024,1208700,23,Fecha inválida,Valencia,Leganes,0,0,7,1,4,5,13,16,0,1,4,8,9,1.6,1.8,0,8,5,0,4,3,0.2,0.0,11,3,2,5,13,20,0,1,6,8,10,1.6,2.0,3,5,6,2,2,4,0.4,0.2,4,5,1,1,5,4,-4,4,13,18,-5,28,28,0,1532,1537,-5,52000000,57000000,1,0,0,1
2024,1208695,23,Fecha inválida,Las Palmas,Villarreal,0,0,20,6,2,2,14,10,2,0,9,9,8,1.8,1.6,4,5,5,1,3,3,0.6,0.6,13,3,4,3,17,15,0,1,8,8,6,1.6,1.2,1,7,6,1,3,3,0.2,0.4,4,2,4,4,2,4,7,2,15,14,1,27,48,-21,1534,1533,1,54000000,53000000,0,2,0,1
2024,1208698,23,Fecha inválida,Sevilla,Barcelona,0,0,11,3,2,5,12,18,0,1,6,4,8,0.8,1.6,3,5,3,2,1,1,0.4,0.2,14,4,2,4,23,13,3,0,10,14,5,2.8,1.0,1,7,8,1,3,4,0.4,0.4,3,8,26,26,8,3,-3,-16,17,10,7,28,49,-21,1536,1529,7,56000000,59000000,2,1,0,1
2024,1208699,23,Fecha inválida,Celta Vigo,Real Betis,0,0,11,3,2,5,12,15,0,2,5,6,9,1.2,1.8,3,5,6,1,3,4,0.6,0.0,13,3,4,3,13,15,2,0,8,8,8,1.6,1.6,1,7,5,1,4,3,0.25,0.33,7,8,9,9,8,7,-2,-1,19,4,15,29,28,1,1538,1543,-5,58000000,53000000,1,0,0,1
2024,1208697,23,Fecha inválida,Real Madrid,Atletico Madrid,0,0,22,7,1,2,24,13,1,0,12,11,5,2.2,1.0,4,5,9,3,1,4,0.75,0.67,25,8,1,1,21,8,0,0,10,7,3,1.4,0.6,4,5,5,2,2,1,1.0,0.6,19,13,10,10,13,19,-3,-2,2,11,-9,36,49,-13,1541,1530,11,51000000,50000000,1,2,1,0
2024,1208696,23,Fecha inválida,Alaves,Getafe,0,0,7,1,4,5,10,16,0,2,3,4,9,0.8,1.8,1,6,5,1,2,3,0.2,0.0,9,2,3,5,5,8,0,0,5,4,4,0.8,0.8,3,2,0,1,2,0,0.4,0.0,2,8,4,4,8,2,-2,-3,3,7,-4,28,27,1,1542,1546,-4,52000000,56000000,2,0,0,0
2024,1212932,23,Fecha inválida,Real Sociedad,Espanyol,0,0,17,5,2,3,10,6,0,0,10,5,3,1.0,0.6,6,1,1,3,1,0,0.4,0.6,6,1,3,6,8,18,0,4,3,6,14,1.2,2.8,1,6,4,0,4,4,0.2,0.0,14,6,7,7,6,14,11,14,9,1,8,49,28,21,1548,1540,8,58000000,50000000,2,0,0,0
2024,1208694,23,Fecha inválida,Rayo Vallecano,Valladolid,0,0,12,3,3,4,11,13,0,1,3,3,7,0.6,1.4,2,6,4,1,2,2,0.4,0.2,10,3,1,6,8,18,1,0,4,5,8,1.0,1.6,2,4,5,0,3,2,0.4,0.2,5,5,7,7,5,5,2,8,9,1,8,29,28,1,1528,1520,8,58000000,50000000,2,0,0,0
2024,1208693,23,Fecha inválida,Mallorca,Osasuna,0,0,16,5,1,4,10,13,1,0,7,4,4,0.8,0.8,3,4,4,2,1,1,0.5,0.5,11,2,5,3,11,14,0,0,7,5,7,1.0,1.4,3,6,5,2,2,2,0.2,0.2,4,10,4,4,10,4,5,0,19,8,11,49,49,0,1598,1527,71,58000000,57000000,0,1,0,1
2024,1208702,24,Fecha inválida,Barcelona,Rayo Vallecano,0,0,14,4,2,4,23,13,3,0,10,14,5,2.8,1.0,1,7,8,1,3,4,0.4,0.4,12,3,3,4,11,13,0,1,3,3,7,0.6,1.4,2,6,4,1,2,2,0.4,0.2,15,3,3,3,3,15,2,12,10,9,1,56,36,20,1529,1528,1,59000000,58000000,1,2,1,0
2024,1208701,24,Fecha inválida,Atletico Madrid,Celta Vigo,0,0,25,8,1,1,21,8,0,0,10,7,3,1.4,0.6,4,5,5,2,2,1,1.0,0.6,11,3,2,5,12,15,0,2,5,6,9,1.2,1.8,3,5,6,1,3,4,0.6,0.0,19,5,2,2,5,19,14,16,11,19,-8,56,36,20,1530,1538,-8,50000000,58000000,2,1,0,0
2024,1208707,24,Fecha inválida,Villarreal,Valencia,0,0,13,3,4,3,17,15,0,1,8,8,6,1.6,1.2,1,7,6,1,3,3,0.2,0.4,7,1,4,5,13,16,0,1,4,8,9,1.6,1.8,0,8,5,0,4,3,0.2,0.0,11,7,14,14,7,11,6,5,14,13,1,55,35,20,1533,1532,1,53000000,52000000,2,1,1,0
2024,1208709,24,Fecha inválida,Leganes,Alaves,0,0,11,3,2,5,13,20,0,1,6,8,10,1.6,2.0,3,5,6,2,2,4,0.4,0.2,7,1,4,5,10,16,0,2,3,4,9,0.8,1.8,1,6,5,1,2,3,0.2,0.0,2,8,2,2,8,2,4,-1,18,3,15,35,35,0,1537,1542,-5,57000000,52000000,0,2,1,0
2024,1212933,24,Fecha inválida,Espanyol,Athletic Club,0,0,6,1,3,6,8,18,0,4,3,6,14,1.2,2.8,1,6,4,0,4,4,0.2,0.0,22,6,4,0,16,7,1,0,9,7,3,1.4,0.6,3,7,4,2,3,1,0.8,0.4,10,8,9,9,8,10,-16,-19,1,12,-11,35,56,-21,1540,1531,9,50000000,51000000,0,0,0,1
2024,1208703,24,Fecha inválida,Real Betis,Real Sociedad,0,0,13,3,4,3,13,15,2,0,8,8,8,1.6,1.6,1,7,5,1,4,3,0.25,0.33,17,5,2,3,10,6,0,0,10,5,3,1.0,0.6,6,1,1,3,1,0,0.4,0.6,8,12,12,12,12,8,-4,-6,4,9,-5,35,56,-21,1543,1548,-5,53000000,58000000,0,2,1,0
2024,1208705,24,Fecha inválida,Girona,Getafe,0,0,16,5,1,4,16,13,0,2,9,9,6,1.8,1.2,3,4,6,1,2,2,0.6,0.4,9,2,3,5,5,8,0,0,5,4,4,0.8,0.8,3,2,0,1,2,0,0.4,0.0,6,3,3,3,3,6,7,6,8,7,1,35,34,1,1547,1546,1,57000000,56000000,1,0,1,0
2024,1208706,24,Fecha inválida,Valladolid,Sevilla,0,0,10,3,1,6,8,18,1,0,4,5,8,1.0,1.6,2,4,5,0,3,2,0.4,0.2,11,3,2,5,12,18,0,1,6,4,8,0.8,1.6,3,5,3,2,1,1,0.4,0.2,1,7,6,6,7,1,-1,-4,1,17,-16,35,35,0,1520,1536,-16,50000000,56000000,0,2,0,0
2024,1208704,24,Fecha inválida,Osasuna,Real Madrid,0,0,11,2,5,3,11,14,0,0,7,5,7,1.0,1.4,3,6,5,2,2,2,0.2,0.2,22,7,1,2,24,13,1,0,12,11,5,2.2,1.0,4,5,9,3,1,4,0.75,0.67,1,6,16,16,6,1,-11,-14,8,2,6,56,43,13,1527,1541,-14,57000000,51000000,1,1,1,1
2024,1208708,24,Fecha inválida,Mallorca,Las Palmas,0,0,16,5,1,4,10,13,1,0,7,4,4,0.8,0.8,3,4,4,2,1,1,0.5,0.5,20,6,2,2,14,10,2,0,9,9,8,1.8,1.6,4,5,5,1,3,3,0.6,0.6,3,4,1,1,4,3,-4,-7,19,15,4,56,34,22,1598,1534,64,58000000,54000000,0,0,0,0
2024,1208710,25,Fecha inválida,Athletic Club,Valladolid,0,0,22,6,4,0,16,7,1,0,9,7,3,1.4,0.6,3,7,4,2,3,1,0.8,0.4,10,3,1,6,8,18,1,0,4,5,8,1.0,1.6,2,4,5,0,3,2,0.4,0.2,7,6,2,2,6,7,12,19,12,1,11,63,42,21,1531,1520,11,51000000,50000000,0,0,1,0
2024,1208713,25,Fecha inválida,Valencia,Atletico Madrid,0,0,7,1,4,5,13,16,0,1,4,8,9,1.6,1.8,0,8,5,0,4,3,0.2,0.0,25,8,1,1,21,8,0,0,10,7,3,1.4,0.6,4,5,5,2,2,1,1.0,0.6,5,10,15,15,10,5,-18,-16,13,11,2,42,63,-21,1532,1530,2,52000000,50000000,1,2,0,0
2024,1208714,25,Fecha inválida,Las Palmas,Barcelona,0,0,20,6,2,2,14,10,2,0,9,9,8,1.8,1.6,4,5,5,1,3,3,0.6,0.6,14,4,2,4,23,13,3,0,10,14,5,2.8,1.0,1,7,8,1,3,4,0.4,0.4,1,2,7,7,2,1,6,-6,15,10,5,41,63,-22,1534,1529,5,54000000,59000000,0,1,0,1
2024,1208717,25,Fecha inválida,Sevilla,Mallorca,0,0,11,3,2,5,12,18,0,1,6,4,8,0.8,1.6,3,5,3,2,1,1,0.4,0.2,16,5,1,4,10,13,1,0,7,4,4,0.8,0.8,3,4,4,2,1,1,0.5,0.5,7,6,3,3,6,7,-5,-3,17,19,-2,42,63,-21,1536,1598,-62,56000000,58000000,2,0,0,0
2024,1208711,25,Fecha inválida,Celta Vigo,Osasuna,0,0,11,3,2,5,12,15,0,2,5,6,9,1.2,1.8,3,5,6,1,3,4,0.6,0.0,11,2,5,3,11,14,0,0,7,5,7,1.0,1.4,3,6,5,2,2,2,0.2,0.2,6,6,6,6,6,6,0,0,19,8,11,43,63,-20,1538,1527,11,58000000,57000000,1,1,0,1
2024,1208716,25,Fecha inválida,Real Madrid,Girona,0,0,22,7,1,2,24,13,1,0,12,11,5,2.2,1.0,4,5,9,3,1,4,0.75,0.67,16,5,1,4,16,13,0,2,9,9,6,1.8,1.2,3,4,6,1,2,2,0.6,0.4,7,2,3,3,2,7,6,8,2,8,-6,50,42,8,1541,1547,-6,51000000,57000000,1,1,1,1
2024,1212934,25,Fecha inválida,Alaves,Espanyol,0,0,7,1,4,5,10,16,0,2,3,4,9,0.8,1.8,1,6,5,1,2,3,0.2,0.0,6,1,3,6,8,18,0,4,3,6,14,1.2,2.8,1,6,4,0,4,4,0.2,0.0,3,3,6,6,3,3,1,4,3,1,2,42,42,0,1542,1540,2,52000000,50000000,2,0,0,0
2024,1208715,25,Fecha inválida,Getafe,Real Betis,0,0,9,2,3,5,5,8,0,0,5,4,4,0.8,0.8,3,2,0,1,2,0,0.4,0.0,13,3,4,3,13,15,2,0,8,8,8,1.6,1.6,1,7,5,1,4,3,0.25,0.33,8,8,8,8,8,8,-4,-1,7,4,3,41,42,-1,1546,1543,3,56000000,53000000,0,0,0,1
2024,1208718,25,Fecha inválida,Real Sociedad,Leganes,0,0,17,5,2,3,10,6,0,0,10,5,3,1.0,0.6,6,1,1,3,1,0,0.4,0.6,11,3,2,5,13,20,0,1,6,8,10,1.6,2.0,3,5,6,2,2,4,0.4,0.2,5,4,2,2,4,5,6,11,9,18,-9,63,42,21,1548,1537,11,58000000,57000000,2,0,0,1
2024,1208712,25,Fecha inválida,Rayo Vallecano,Villarreal,0,0,12,3,3,4,11,13,0,1,3,3,7,0.6,1.4,2,6,4,1,2,2,0.4,0.2,13,3,4,3,17,15,0,1,8,8,6,1.6,1.2,1,7,6,1,3,3,0.2,0.4,4,4,11,11,4,4,-1,-4,9,14,-5,43,62,-19,1528,1533,-5,58000000,53000000,2,2,0,1
2024,1208719,26,Fecha inválida,Barcelona,Real Sociedad,0,0,14,4,2,4,23,13,3,0,10,14,5,2.8,1.0,1,7,8,1,3,4,0.4,0.4,17,5,2,3,10,6,0,0,10,5,3,1.0,0.6,6,1,1,3,1,0,0.4,0.6,21,4,7,7,4,21,-3,6,10,9,1,70,70,0,1529,1548,-19,59000000,58000000,1,2,1,0
2024,1208723,26,Fecha inválida,Atletico Madrid,Athletic Club,0,0,25,8,1,1,21,8,0,0,10,7,3,1.4,0.6,4,5,5,2,2,1,1.0,0.6,22,6,4,0,16,7,1,0,9,7,3,1.4,0.6,3,7,4,2,3,1,0.8,0.4,18,5,10,10,5,18,3,4,11,12,-1,70,70,0,1530,1531,-1,50000000,51000000,2,0,0,1
2024,1212935,26,Fecha inválida,Villarreal,Espanyol,0,0,13,3,4,3,17,15,0,1,8,8,6,1.6,1.2,1,7,6,1,3,3,0.2,0.4,6,1,3,6,8,18,0,4,3,6,14,1.2,2.8,1,6,4,0,4,4,0.2,0.0,11,11,4,4,11,11,7,12,14,1,13,69,49,20,1533,1540,-7,53000000,50000000,2,0,1,0
2024,1208725,26,Fecha inválida,Leganes,Getafe,0,0,11,3,2,5,13,20,0,1,6,8,10,1.6,2.0,3,5,6,2,2,4,0.4,0.2,9,2,3,5,5,8,0,0,5,4,4,0.8,0.8,3,2,0,1,2,0,0.4,0.0,2,4,4,4,4,2,2,-4,18,7,11,49,48,1,1537,1546,-9,57000000,56000000,0,0,1,0
2024,1208720,26,Fecha inválida,Real Betis,Real Madrid,0,0,13,3,4,3,13,15,2,0,8,8,8,1.6,1.6,1,7,5,1,4,3,0.25,0.33,22,7,1,2,24,13,1,0,12,11,5,2.2,1.0,4,5,9,3,1,4,0.75,0.67,4,8,14,14,8,4,-9,-13,4,2,2,49,57,-8,1543,1541,2,53000000,51000000,0,1,1,1
2024,1208724,26,Fecha inválida,Girona,Celta Vigo,0,0,16,5,1,4,16,13,0,2,9,9,6,1.8,1.2,3,4,6,1,2,2,0.6,0.4,11,3,2,5,12,15,0,2,5,6,9,1.2,1.8,3,5,6,1,3,4,0.6,0.0,4,4,2,2,4,4,5,6,8,19,-11,49,50,-1,1547,1538,9,57000000,58000000,1,1,1,0
2024,1208726,26,Fecha inválida,Valladolid,Las Palmas,0,0,10,3,1,6,8,18,1,0,4,5,8,1.0,1.6,2,4,5,0,3,2,0.4,0.2,20,6,2,2,14,10,2,0,9,9,8,1.8,1.6,4,5,5,1,3,3,0.6,0.6,1,2,2,2,2,1,-10,-14,1,15,-14,49,48,1,1520,1534,-14,50000000,54000000,0,0,0,0
2024,1208721,26,Fecha inválida,Osasuna,Valencia,0,0,11,2,5,3,11,14,0,0,7,5,7,1.0,1.4,3,6,5,2,2,2,0.2,0.2,7,1,4,5,13,16,0,1,4,8,9,1.6,1.8,0,8,5,0,4,3,0.2,0.0,5,7,10,10,7,5,4,0,8,13,-5,70,49,21,1527,1532,-5,57000000,52000000,1,1,1,0
2024,1208722,26,Fecha inválida,Rayo Vallecano,Sevilla,0,0,12,3,3,4,11,13,0,1,3,3,7,0.6,1.4,2,6,4,1,2,2,0.4,0.2,11,3,2,5,12,18,0,1,6,4,8,0.8,1.6,3,5,3,2,1,1,0.4,0.2,2,6,12,12,6,2,1,4,9,17,-8,50,49,1,1528,1536,-8,58000000,56000000,2,2,0,0
2024,1208727,26,Fecha inválida,Mallorca,Alaves,0,0,16,5,1,4,10,13,1,0,7,4,4,0.8,0.8,3,4,4,2,1,1,0.5,0.5,7,1,4,5,10,16,0,2,3,4,9,0.8,1.8,1,6,5,1,2,3,0.2,0.0,3,3,2,2,3,3,9,3,19,3,16,70,49,21,1598,1542,56,58000000,52000000,0,2,0,0
2024,1208729,27,Fecha inválida,Barcelona,Osasuna,0,0,14,4,2,4,23,13,3,0,10,14,5,2.8,1.0,1,7,8,1,3,4,0.4,0.4,11,2,5,3,11,14,0,0,7,5,7,1.0,1.4,3,6,5,2,2,2,0.2,0.2,16,4,3,3,4,16,3,13,10,8,2,77,77,0,1529,1527,2,59000000,57000000,1,1,1,1
2024,1208728,27,Fecha inválida,Athletic Club,Mallorca,0,0,22,6,4,0,16,7,1,0,9,7,3,1.4,0.6,3,7,4,2,3,1,0.8,0.4,16,5,1,4,10,13,1,0,7,4,4,0.8,0.8,3,4,4,2,1,1,0.5,0.5,8,7,2,2,7,8,6,12,12,19,-7,77,77,0,1531,1598,-67,51000000,58000000,0,0,1,0
2024,1208733,27,Fecha inválida,Valencia,Valladolid,0,0,7,1,4,5,13,16,0,1,4,8,9,1.6,1.8,0,8,5,0,4,3,0.2,0.0,10,3,1,6,8,18,1,0,4,5,8,1.0,1.6,2,4,5,0,3,2,0.4,0.2,6,6,2,2,6,6,-3,7,13,1,12,56,56,0,1532,1520,12,52000000,50000000,1,0,0,0
2024,1208731,27,Fecha inválida,Celta Vigo,Leganes,0,0,11,3,2,5,12,15,0,2,5,6,9,1.2,1.8,3,5,6,1,3,4,0.6,0.0,11,3,2,5,13,20,0,1,6,8,10,1.6,2.0,3,5,6,2,2,4,0.4,0.2,3,3,4,4,3,3,0,4,19,18,1,57,56,1,1538,1537,1,58000000,57000000,1,0,0,1
2024,1212936,27,Fecha inválida,Espanyol,Girona,0,0,6,1,3,6,8,18,0,4,3,6,14,1.2,2.8,1,6,4,0,4,4,0.2,0.0,16,5,1,4,16,13,0,2,9,9,6,1.8,1.2,3,4,6,1,2,2,0.6,0.4,2,3,6,6,3,2,-10,-13,1,8,-7,56,56,0,1540,1547,-7,50000000,57000000,0,1,0,1
2024,1208736,27,Fecha inválida,Real Madrid,Rayo Vallecano,0,0,22,7,1,2,24,13,1,0,12,11,5,2.2,1.0,4,5,9,3,1,4,0.75,0.67,12,3,3,4,11,13,0,1,3,3,7,0.6,1.4,2,6,4,1,2,2,0.4,0.2,14,4,2,2,4,14,10,13,2,9,-7,64,57,7,1541,1528,13,51000000,58000000,1,2,1,0
2024,1208734,27,Fecha inválida,Alaves,Villarreal,0,0,7,1,4,5,10,16,0,2,3,4,9,0.8,1.8,1,6,5,1,2,3,0.2,0.0,13,3,4,3,17,15,0,1,8,8,6,1.6,1.2,1,7,6,1,3,3,0.2,0.4,7,3,6,6,3,7,-6,-8,3,14,-11,56,76,-20,1542,1533,9,52000000,53000000,2,2,0,1
2024,1208730,27,Fecha inválida,Real Betis,Las Palmas,0,0,13,3,4,3,13,15,2,0,8,8,8,1.6,1.6,1,7,5,1,4,3,0.25,0.33,20,6,2,2,14,10,2,0,9,9,8,1.8,1.6,4,5,5,1,3,3,0.6,0.6,4,3,3,3,3,4,-7,-6,4,15,-11,56,55,1,1543,1534,9,53000000,54000000,0,0,1,0
2024,1208735,27,Fecha inválida,Getafe,Atletico Madrid,0,0,9,2,3,5,5,8,0,0,5,4,4,0.8,0.8,3,2,0,1,2,0,0.4,0.0,25,8,1,1,21,8,0,0,10,7,3,1.4,0.6,4,5,5,2,2,1,1.0,0.6,1,6,22,22,6,1,-16,-16,7,11,-4,55,77,-22,1546,1530,16,56000000,50000000,0,2,0,0
2024,1208732,27,Fecha inválida,Real Sociedad,Sevilla,0,0,17,5,2,3,10,6,0,0,10,5,3,1.0,0.6,6,1,1,3,1,0,0.4,0.6,11,3,2,5,12,18,0,1,6,4,8,0.8,1.6,3,5,3,2,1,1,0.4,0.2,11,7,12,12,7,11,6,10,9,17,-8,77,56,21,1548,1536,12,58000000,56000000,2,2,0,0
2024,1208737,28,Fecha inválida,Atletico Madrid,Barcelona,0,0,25,8,1,1,21,8,0,0,10,7,3,1.4,0.6,4,5,5,2,2,1,1.0,0.6,14,4,2,4,23,13,3,0,10,14,5,2.8,1.0,1,7,8,1,3,4,0.4,0.4,6,9,20,20,9,6,11,3,11,10,1,84,84,0,1530,1529,1,50000000,59000000,2,1,0,1
2024,1208744,28,Fecha inválida,Villarreal,Real Madrid,0,0,13,3,4,3,17,15,0,1,8,8,6,1.6,1.2,1,7,6,1,3,3,0.2,0.4,22,7,1,2,24,13,1,0,12,11,5,2.2,1.0,4,5,9,3,1,4,0.75,0.67,4,12,13,13,12,4,-9,-9,14,2,12,83,71,12,1533,1541,-8,53000000,51000000,2,1,1,1
2024,1208745,28,Fecha inválida,Las Palmas,Alaves,0,0,20,6,2,2,14,10,2,0,9,9,8,1.8,1.6,4,5,5,1,3,3,0.6,0.6,7,1,4,5,10,16,0,2,3,4,9,0.8,1.8,1,6,5,1,2,3,0.2,0.0,1,6,3,3,6,1,13,10,15,3,12,62,63,-1,1534,1542,-8,54000000,52000000,0,2,0,0
2024,1208740,28,Fecha inválida,Sevilla,Athletic Club,0,0,11,3,2,5,12,18,0,1,6,4,8,0.8,1.6,3,5,3,2,1,1,0.4,0.2,22,6,4,0,16,7,1,0,9,7,3,1.4,0.6,3,7,4,2,3,1,0.8,0.4,14,5,15,15,5,14,-11,-15,17,12,5,63,84,-21,1536,1531,5,56000000,51000000,2,0,0,1
2024,1208741,28,Fecha inválida,Leganes,Real Betis,0,0,11,3,2,5,13,20,0,1,6,8,10,1.6,2.0,3,5,6,2,2,4,0.4,0.2,13,3,4,3,13,15,2,0,8,8,8,1.6,1.6,1,7,5,1,4,3,0.25,0.33,3,2,5,5,2,3,-2,-5,18,4,14,63,63,0,1537,1543,-6,57000000,53000000,0,0,1,1
2024,1208738,28,Fecha inválida,Girona,Valencia,0,0,16,5,1,4,16,13,0,2,9,9,6,1.8,1.2,3,4,6,1,2,2,0.6,0.4,7,1,4,5,13,16,0,1,4,8,9,1.6,1.8,0,8,5,0,4,3,0.2,0.0,4,1,5,5,1,4,9,6,8,13,-5,63,63,0,1547,1532,15,57000000,52000000,1,1,1,0
2024,1208742,28,Fecha inválida,Valladolid,Celta Vigo,0,0,10,3,1,6,8,18,1,0,4,5,8,1.0,1.6,2,4,5,0,3,2,0.4,0.2,11,3,2,5,12,15,0,2,5,6,9,1.2,1.8,3,5,6,1,3,4,0.6,0.0,3,6,5,5,6,3,-1,-7,1,19,-18,63,64,-1,1520,1538,-18,50000000,58000000,0,1,0,0
2024,1208743,28,Fecha inválida,Osasuna,Getafe,0,0,11,2,5,3,11,14,0,0,7,5,7,1.0,1.4,3,6,5,2,2,2,0.2,0.2,9,2,3,5,5,8,0,0,5,4,4,0.8,0.8,3,2,0,1,2,0,0.4,0.0,3,10,7,7,10,3,2,0,8,7,1,84,62,22,1527,1546,-19,57000000,56000000,1,0,1,0
2024,1208739,28,Fecha inválida,Rayo Vallecano,Real Sociedad,0,0,12,3,3,4,11,13,0,1,3,3,7,0.6,1.4,2,6,4,1,2,2,0.4,0.2,17,5,2,3,10,6,0,0,10,5,3,1.0,0.6,6,1,1,3,1,0,0.4,0.6,5,9,8,8,9,5,-5,-6,9,9,0,64,84,-20,1528,1548,-20,58000000,58000000,2,2,0,0
2024,1212937,28,Fecha inválida,Mallorca,Espanyol,0,0,16,5,1,4,10,13,1,0,7,4,4,0.8,0.8,3,4,4,2,1,1,0.5,0.5,6,1,3,6,8,18,0,4,3,6,14,1.2,2.8,1,6,4,0,4,4,0.2,0.0,6,3,8,8,3,6,10,7,19,1,18,84,63,21,1598,1540,58,58000000,50000000,0,0,0,0
2024,1208747,29,Fecha inválida,Barcelona,Girona,0,0,14,4,2,4,23,13,3,0,10,14,5,2.8,1.0,1,7,8,1,3,4,0.4,0.4,16,5,1,4,16,13,0,2,9,9,6,1.8,1.2,3,4,6,1,2,2,0.6,0.4,6,3,2,2,3,6,-2,7,10,8,2,98,77,21,1529,1547,-18,59000000,57000000,1,1,1,1
2024,1208746,29,Fecha inválida,Athletic Club,Osasuna,0,0,22,6,4,0,16,7,1,0,9,7,3,1.4,0.6,3,7,4,2,3,1,0.8,0.4,11,2,5,3,11,14,0,0,7,5,7,1.0,1.4,3,6,5,2,2,2,0.2,0.2,14,7,5,5,7,14,11,12,12,8,4,98,98,0,1531,1527,4,51000000,57000000,0,1,1,1
2024,1208753,29,Fecha inválida,Valencia,Mallorca,0,0,7,1,4,5,13,16,0,1,4,8,9,1.6,1.8,0,8,5,0,4,3,0.2,0.0,16,5,1,4,10,13,1,0,7,4,4,0.8,0.8,3,4,4,2,1,1,0.5,0.5,4,6,6,6,6,4,-9,0,13,19,-6,77,98,-21,1532,1598,-66,52000000,58000000,1,0,0,0
2024,1208749,29,Fecha inválida,Celta Vigo,Las Palmas,0,0,11,3,2,5,12,15,0,2,5,6,9,1.2,1.8,3,5,6,1,3,4,0.6,0.0,20,6,2,2,14,10,2,0,9,9,8,1.8,1.6,4,5,5,1,3,3,0.6,0.6,5,3,2,2,3,5,-9,-7,19,15,4,78,76,2,1538,1534,4,58000000,54000000,1,0,0,0
2024,1212938,29,Fecha inválida,Espanyol,Atletico Madrid,0,0,6,1,3,6,8,18,0,4,3,6,14,1.2,2.8,1,6,4,0,4,4,0.2,0.0,25,8,1,1,21,8,0,0,10,7,3,1.4,0.6,4,5,5,2,2,1,1.0,0.6,6,8,12,12,8,6,-19,-23,1,11,-10,77,98,-21,1540,1530,10,50000000,50000000,0,2,0,0
2024,1208754,29,Fecha inválida,Real Madrid,Leganes,0,0,22,7,1,2,24,13,1,0,12,11,5,2.2,1.0,4,5,9,3,1,4,0.75,0.67,11,3,2,5,13,20,0,1,6,8,10,1.6,2.0,3,5,6,2,2,4,0.4,0.2,8,3,1,1,3,8,11,18,2,18,-16,85,77,8,1541,1537,4,51000000,57000000,1,0,1,1
2024,1208752,29,Fecha inválida,Alaves,Rayo Vallecano,0,0,7,1,4,5,10,16,0,2,3,4,9,0.8,1.8,1,6,5,1,2,3,0.2,0.0,12,3,3,4,11,13,0,1,3,3,7,0.6,1.4,2,6,4,1,2,2,0.4,0.2,3,1,4,4,1,3,-5,-4,3,9,-6,77,78,-1,1542,1528,14,52000000,58000000,2,2,0,0
2024,1208748,29,Fecha inválida,Real Betis,Sevilla,0,0,13,3,4,3,13,15,2,0,8,8,8,1.6,1.6,1,7,5,1,4,3,0.25,0.33,11,3,2,5,12,18,0,1,6,4,8,0.8,1.6,3,5,3,2,1,1,0.4,0.2,4,10,14,14,10,4,2,4,4,17,-13,77,77,0,1543,1536,7,53000000,56000000,0,2,1,0
2024,1208750,29,Fecha inválida,Getafe,Villarreal,0,0,9,2,3,5,5,8,0,0,5,4,4,0.8,0.8,3,2,0,1,2,0,0.4,0.0,13,3,4,3,17,15,0,1,8,8,6,1.6,1.2,1,7,6,1,3,3,0.2,0.4,6,8,12,12,8,6,-4,-5,7,14,-7,76,97,-21,1546,1533,13,56000000,53000000,0,2,0,1
2024,1208751,29,Fecha inválida,Real Sociedad,Valladolid,0,0,17,5,2,3,10,6,0,0,10,5,3,1.0,0.6,6,1,1,3,1,0,0.4,0.6,10,3,1,6,8,18,1,0,4,5,8,1.0,1.6,2,4,5,0,3,2,0.4,0.2,4,7,3,3,7,4,7,14,9,1,8,98,77,21,1548,1520,28,58000000,50000000,2,0,0,0
2024,1208755,30,Fecha inválida,Barcelona,Real Betis,0,0,14,4,2,4,23,13,3,0,10,14,5,2.8,1.0,1,7,8,1,3,4,0.4,0.4,13,3,4,3,13,15,2,0,8,8,8,1.6,1.6,1,7,5,1,4,3,0.25,0.33,21,5,2,2,5,21,1,12,10,4,6,105,84,21,1529,1543,-14,59000000,53000000,1,0,1,1
2024,1208759,30,Fecha inválida,Villarreal,Athletic Club,0,0,13,3,4,3,17,15,0,1,8,8,6,1.6,1.2,1,7,6,1,3,3,0.2,0.4,22,6,4,0,16,7,1,0,9,7,3,1.4,0.6,3,7,4,2,3,1,0.8,0.4,7,12,9,9,12,7,-9,-7,14,12,2,104,105,-1,1533,1531,2,53000000,51000000,2,0,1,1
2024,1208757,30,Fecha inválida,Las Palmas,Real Sociedad,0,0,20,6,2,2,14,10,2,0,9,9,8,1.8,1.6,4,5,5,1,3,3,0.6,0.6,17,5,2,3,10,6,0,0,10,5,3,1.0,0.6,6,1,1,3,1,0,0.4,0.6,2,4,4,4,4,2,3,0,15,9,6,83,105,-22,1534,1548,-14,54000000,58000000,0,2,0,0
2024,1208760,30,Fecha inválida,Sevilla,Atletico Madrid,0,0,11,3,2,5,12,18,0,1,6,4,8,0.8,1.6,3,5,3,2,1,1,0.4,0.2,25,8,1,1,21,8,0,0,10,7,3,1.4,0.6,4,5,5,2,2,1,1.0,0.6,5,13,14,14,13,5,-14,-19,17,11,6,84,105,-21,1536,1530,6,56000000,50000000,2,2,0,0
2024,1208758,30,Fecha inválida,Leganes,Osasuna,0,0,11,3,2,5,13,20,0,1,6,8,10,1.6,2.0,3,5,6,2,2,4,0.4,0.2,11,2,5,3,11,14,0,0,7,5,7,1.0,1.4,3,6,5,2,2,2,0.2,0.2,1,2,3,3,2,1,0,-4,18,8,10,84,105,-21,1537,1527,10,57000000,57000000,0,1,1,1
2024,1208756,30,Fecha inválida,Real Madrid,Valencia,0,0,22,7,1,2,24,13,1,0,12,11,5,2.2,1.0,4,5,9,3,1,4,0.75,0.67,7,1,4,5,13,16,0,1,4,8,9,1.6,1.8,0,8,5,0,4,3,0.2,0.0,18,9,5,5,9,18,15,14,2,13,-11,92,84,8,1541,1532,9,51000000,52000000,1,1,1,0
2024,1208763,30,Fecha inválida,Girona,Alaves,0,0,16,5,1,4,16,13,0,2,9,9,6,1.8,1.2,3,4,6,1,2,2,0.6,0.4,7,1,4,5,10,16,0,2,3,4,9,0.8,1.8,1,6,5,1,2,3,0.2,0.0,4,4,2,2,4,4,9,9,8,3,5,84,84,0,1547,1542,5,57000000,52000000,1,2,1,0
2024,1208762,30,Fecha inválida,Valladolid,Getafe,0,0,10,3,1,6,8,18,1,0,4,5,8,1.0,1.6,2,4,5,0,3,2,0.4,0.2,9,2,3,5,5,8,0,0,5,4,4,0.8,0.8,3,2,0,1,2,0,0.4,0.0,8,7,5,5,7,8,1,-7,1,7,-6,84,83,1,1520,1546,-26,50000000,56000000,0,0,0,0
2024,1212939,30,Fecha inválida,Rayo Vallecano,Espanyol,0,0,12,3,3,4,11,13,0,1,3,3,7,0.6,1.4,2,6,4,1,2,2,0.4,0.2,6,1,3,6,8,18,0,4,3,6,14,1.2,2.8,1,6,4,0,4,4,0.2,0.0,8,4,9,9,4,8,6,8,9,1,8,85,84,1,1528,1540,-12,58000000,50000000,2,0,0,0
2024,1208761,30,Fecha inválida,Mallorca,Celta Vigo,0,0,16,5,1,4,10,13,1,0,7,4,4,0.8,0.8,3,4,4,2,1,1,0.5,0.5,11,3,2,5,12,15,0,2,5,6,9,1.2,1.8,3,5,6,1,3,4,0.6,0.0,5,5,2,2,5,5,5,0,19,19,0,105,85,20,1598,1538,60,58000000,58000000,0,1,0,0
2024,1208765,31,Fecha inválida,Atletico Madrid,Valladolid,0,0,25,8,1,1,21,8,0,0,10,7,3,1.4,0.6,4,5,5,2,2,1,1.0,0.6,10,3,1,6,8,18,1,0,4,5,8,1.0,1.6,2,4,5,0,3,2,0.4,0.2,12,2,0,0,2,12,15,23,11,1,10,112,91,21,1530,1520,10,50000000,50000000,2,0,0,0
2024,1208764,31,Fecha inválida,Athletic Club,Rayo Vallecano,0,0,22,6,4,0,16,7,1,0,9,7,3,1.4,0.6,3,7,4,2,3,1,0.8,0.4,12,3,3,4,11,13,0,1,3,3,7,0.6,1.4,2,6,4,1,2,2,0.4,0.2,12,5,3,3,5,12,10,11,12,9,3,112,92,20,1531,1528,3,51000000,58000000,0,2,1,0
2024,1208772,31,Fecha inválida,Valencia,Sevilla,0,0,7,1,4,5,13,16,0,1,4,8,9,1.6,1.8,0,8,5,0,4,3,0.2,0.0,11,3,2,5,12,18,0,1,6,4,8,0.8,1.6,3,5,3,2,1,1,0.4,0.2,8,10,13,13,10,8,-4,3,13,17,-4,91,91,0,1532,1536,-4,52000000,56000000,1,2,0,0
2024,1208769,31,Fecha inválida,Leganes,Barcelona,0,0,11,3,2,5,13,20,0,1,6,8,10,1.6,2.0,3,5,6,2,2,4,0.4,0.2,14,4,2,4,23,13,3,0,10,14,5,2.8,1.0,1,7,8,1,3,4,0.4,0.4,2,1,8,8,1,2,-3,-17,18,10,8,91,112,-21,1537,1529,8,57000000,59000000,0,1,1,1
2024,1212940,31,Fecha inválida,Celta Vigo,Espanyol,0,0,11,3,2,5,12,15,0,2,5,6,9,1.2,1.8,3,5,6,1,3,4,0.6,0.0,6,1,3,6,8,18,0,4,3,6,14,1.2,2.8,1,6,4,0,4,4,0.2,0.0,6,10,7,7,10,6,5,7,19,1,18,92,91,1,1538,1540,-2,58000000,50000000,1,0,0,0
2024,1208768,31,Fecha inválida,Alaves,Real Madrid,0,0,7,1,4,5,10,16,0,2,3,4,9,0.8,1.8,1,6,5,1,2,3,0.2,0.0,22,7,1,2,24,13,1,0,12,11,5,2.2,1.0,4,5,9,3,1,4,0.75,0.67,2,1,13,13,1,2,-15,-17,3,2,1,91,99,-8,1542,1541,1,52000000,51000000,2,1,0,1
2024,1208766,31,Fecha inválida,Real Betis,Villarreal,0,0,13,3,4,3,13,15,2,0,8,8,8,1.6,1.6,1,7,5,1,4,3,0.25,0.33,13,3,4,3,17,15,0,1,8,8,6,1.6,1.2,1,7,6,1,3,3,0.2,0.4,8,6,10,10,6,8,0,-4,4,14,-10,91,111,-20,1543,1533,10,53000000,53000000,0,2,1,1
2024,1208767,31,Fecha inválida,Getafe,Las Palmas,0,0,9,2,3,5,5,8,0,0,5,4,4,0.8,0.8,3,2,0,1,2,0,0.4,0.0,20,6,2,2,14,10,2,0,9,9,8,1.8,1.6,4,5,5,1,3,3,0.6,0.6,3,3,2,2,3,3,-11,-7,7,15,-8,90,90,0,1546,1534,12,56000000,54000000,0,0,0,0
2024,1208771,31,Fecha inválida,Real Sociedad,Mallorca,0,0,17,5,2,3,10,6,0,0,10,5,3,1.0,0.6,6,1,1,3,1,0,0.4,0.6,16,5,1,4,10,13,1,0,7,4,4,0.8,0.8,3,4,4,2,1,1,0.5,0.5,11,3,5,5,3,11,1,7,9,19,-10,112,112,0,1548,1598,-50,58000000,58000000,2,0,0,0
2024,1208770,31,Fecha inválida,Osasuna,Girona,0,0,11,2,5,3,11,14,0,0,7,5,7,1.0,1.4,3,6,5,2,2,2,0.2,0.2,16,5,1,4,16,13,0,2,9,9,6,1.8,1.2,3,4,6,1,2,2,0.6,0.4,1,3,4,4,3,1,-5,-6,8,8,0,112,91,21,1527,1547,-20,57000000,57000000,1,1,1,1
2024,1208773,32,Fecha inválida,Barcelona,Celta Vigo,0,0,14,4,2,4,23,13,3,0,10,14,5,2.8,1.0,1,7,8,1,3,4,0.4,0.4,11,3,2,5,12,15,0,2,5,6,9,1.2,1.8,3,5,6,1,3,4,0.6,0.0,13,7,6,6,7,13,3,13,10,19,-9,119,99,20,1529,1538,-9,59000000,58000000,1,1,1,0
2024,1208779,32,Fecha inválida,Villarreal,Real Sociedad,0,0,13,3,4,3,17,15,0,1,8,8,6,1.6,1.2,1,7,6,1,3,3,0.2,0.4,17,5,2,3,10,6,0,0,10,5,3,1.0,0.6,6,1,1,3,1,0,0.4,0.6,14,8,7,7,8,14,-4,-2,14,9,5,118,119,-1,1533,1548,-15,53000000,58000000,2,2,1,0
2024,1208776,32,Fecha inválida,Las Palmas,Atletico Madrid,0,0,20,6,2,2,14,10,2,0,9,9,8,1.8,1.6,4,5,5,1,3,3,0.6,0.6,25,8,1,1,21,8,0,0,10,7,3,1.4,0.6,4,5,5,2,2,1,1.0,0.6,1,1,8,8,1,1,-5,-9,15,11,4,97,119,-22,1534,1530,4,54000000,50000000,0,2,0,0
2024,1208780,32,Fecha inválida,Sevilla,Alaves,0,0,11,3,2,5,12,18,0,1,6,4,8,0.8,1.6,3,5,3,2,1,1,0.4,0.2,7,1,4,5,10,16,0,2,3,4,9,0.8,1.8,1,6,5,1,2,3,0.2,0.0,7,6,4,4,6,7,4,0,17,3,14,98,98,0,1536,1542,-6,56000000,52000000,2,2,0,0
2024,1212941,32,Fecha inválida,Espanyol,Getafe,0,0,6,1,3,6,8,18,0,4,3,6,14,1.2,2.8,1,6,4,0,4,4,0.2,0.0,9,2,3,5,5,8,0,0,5,4,4,0.8,0.8,3,2,0,1,2,0,0.4,0.0,10,6,9,9,6,10,-3,-7,1,7,-6,98,97,1,1540,1546,-6,50000000,56000000,0,0,0,0
2024,1208775,32,Fecha inválida,Real Madrid,Athletic Club,0,0,22,7,1,2,24,13,1,0,12,11,5,2.2,1.0,4,5,9,3,1,4,0.75,0.67,22,6,4,0,16,7,1,0,9,7,3,1.4,0.6,3,7,4,2,3,1,0.8,0.4,22,7,4,4,7,22,0,2,2,12,-10,106,119,-13,1541,1531,10,51000000,51000000,1,0,1,1
2024,1208777,32,Fecha inválida,Girona,Real Betis,0,0,16,5,1,4,16,13,0,2,9,9,6,1.8,1.2,3,4,6,1,2,2,0.6,0.4,13,3,4,3,13,15,2,0,8,8,8,1.6,1.6,1,7,5,1,4,3,0.25,0.33,1,4,5,5,4,1,3,5,8,4,4,98,98,0,1547,1543,4,57000000,53000000,1,0,1,1
2024,1208778,32,Fecha inválida,Valladolid,Osasuna,0,0,10,3,1,6,8,18,1,0,4,5,8,1.0,1.6,2,4,5,0,3,2,0.4,0.2,11,2,5,3,11,14,0,0,7,5,7,1.0,1.4,3,6,5,2,2,2,0.2,0.2,3,7,6,6,7,3,-1,-7,1,8,-7,98,119,-21,1520,1527,-7,50000000,57000000,0,1,0,1
2024,1208774,32,Fecha inválida,Rayo Vallecano,Valencia,0,0,12,3,3,4,11,13,0,1,3,3,7,0.6,1.4,2,6,4,1,2,2,0.4,0.2,7,1,4,5,13,16,0,1,4,8,9,1.6,1.8,0,8,5,0,4,3,0.2,0.0,5,8,7,7,8,5,5,1,9,13,-4,99,98,1,1528,1532,-4,58000000,52000000,2,1,0,0
2024,1208781,32,Fecha inválida,Mallorca,Leganes,0,0,16,5,1,4,10,13,1,0,7,4,4,0.8,0.8,3,4,4,2,1,1,0.5,0.5,11,3,2,5,13,20,0,1,6,8,10,1.6,2.0,3,5,6,2,2,4,0.4,0.2,3,2,1,1,2,3,5,4,19,18,1,119,98,21,1598,1537,61,58000000,57000000,0,0,0,1
2024,1208784,33,Fecha inválida,Barcelona,Mallorca,0,0,14,4,2,4,23,13,3,0,10,14,5,2.8,1.0,1,7,8,1,3,4,0.4,0.4,16,5,1,4,10,13,1,0,7,4,4,0.8,0.8,3,4,4,2,1,1,0.5,0.5,13,3,0,0,3,13,-2,13,10,19,-9,122,122,0,1529,1598,-69,59000000,58000000,1,0,1,0
2024,1208783,33,Fecha inválida,Atletico Madrid,Rayo Vallecano,0,0,25,8,1,1,21,8,0,0,10,7,3,1.4,0.6,4,5,5,2,2,1,1.0,0.6,12,3,3,4,11,13,0,1,3,3,7,0.6,1.4,2,6,4,1,2,2,0.4,0.2,15,4,1,1,4,15,13,15,11,9,2,122,102,20,1530,1528,2,50000000,58000000,2,2,0,0
2024,1208782,33,Fecha inválida,Athletic Club,Las Palmas,0,0,22,6,4,0,16,7,1,0,9,7,3,1.4,0.6,3,7,4,2,3,1,0.8,0.4,20,6,2,2,14,10,2,0,9,9,8,1.8,1.6,4,5,5,1,3,3,0.6,0.6,4,4,2,2,4,4,2,5,12,15,-3,122,100,22,1531,1534,-3,51000000,54000000,0,0,1,0
2024,1212942,33,Fecha inválida,Valencia,Espanyol,0,0,7,1,4,5,13,16,0,1,4,8,9,1.6,1.8,0,8,5,0,4,3,0.2,0.0,6,1,3,6,8,18,0,4,3,6,14,1.2,2.8,1,6,4,0,4,4,0.2,0.0,12,9,5,5,9,12,1,7,13,1,12,101,101,0,1532,1540,-8,52000000,50000000,1,0,0,0
2024,1208790,33,Fecha inválida,Leganes,Girona,0,0,11,3,2,5,13,20,0,1,6,8,10,1.6,2.0,3,5,6,2,2,4,0.4,0.2,16,5,1,4,16,13,0,2,9,9,6,1.8,1.2,3,4,6,1,2,2,0.6,0.4,1,4,5,5,4,1,-5,-10,18,8,10,101,101,0,1537,1547,-10,57000000,57000000,0,1,1,1
2024,1208786,33,Fecha inválida,Celta Vigo,Villarreal,0,0,11,3,2,5,12,15,0,2,5,6,9,1.2,1.8,3,5,6,1,3,4,0.6,0.0,13,3,4,3,17,15,0,1,8,8,6,1.6,1.2,1,7,6,1,3,3,0.2,0.4,7,5,12,12,5,7,-2,-5,19,14,5,102,121,-19,1538,1533,5,58000000,53000000,1,2,0,1
2024,1208789,33,Fecha inválida,Alaves,Real Sociedad,0,0,7,1,4,5,10,16,0,2,3,4,9,0.8,1.8,1,6,5,1,2,3,0.2,0.0,17,5,2,3,10,6,0,0,10,5,3,1.0,0.6,6,1,1,3,1,0,0.4,0.6,5,4,10,10,4,5,-10,-10,3,9,-6,101,122,-21,1542,1548,-6,52000000,58000000,2,2,0,0
2024,1208785,33,Fecha inválida,Real Betis,Valladolid,0,0,13,3,4,3,13,15,2,0,8,8,8,1.6,1.6,1,7,5,1,4,3,0.25,0.33,10,3,1,6,8,18,1,0,4,5,8,1.0,1.6,2,4,5,0,3,2,0.4,0.2,6,5,4,4,5,6,3,8,4,1,3,101,101,0,1543,1520,23,53000000,50000000,0,0,1,0
2024,1208787,33,Fecha inválida,Getafe,Real Madrid,0,0,9,2,3,5,5,8,0,0,5,4,4,0.8,0.8,3,2,0,1,2,0,0.4,0.0,22,7,1,2,24,13,1,0,12,11,5,2.2,1.0,4,5,9,3,1,4,0.75,0.67,2,3,23,23,3,2,-13,-14,7,2,5,100,109,-9,1546,1541,5,56000000,51000000,0,1,0,1
2024,1208788,33,Fecha inválida,Osasuna,Sevilla,0,0,11,2,5,3,11,14,0,0,7,5,7,1.0,1.4,3,6,5,2,2,2,0.2,0.2,11,3,2,5,12,18,0,1,6,4,8,0.8,1.6,3,5,3,2,1,1,0.4,0.2,5,7,11,11,7,5,0,3,8,17,-9,122,101,21,1527,1536,-9,57000000,56000000,1,2,1,0
2024,1208798,34,Fecha inválida,Villarreal,Osasuna,0,0,13,3,4,3,17,15,0,1,8,8,6,1.6,1.2,1,7,6,1,3,3,0.2,0.4,11,2,5,3,11,14,0,0,7,5,7,1.0,1.4,3,6,5,2,2,2,0.2,0.2,10,4,6,6,4,10,2,5,14,8,6,132,133,-1,1533,1527,6,53000000,57000000,2,1,1,1
2024,1208792,34,Fecha inválida,Las Palmas,Valencia,0,0,20,6,2,2,14,10,2,0,9,9,8,1.8,1.6,4,5,5,1,3,3,0.6,0.6,7,1,4,5,13,16,0,1,4,8,9,1.6,1.8,0,8,5,0,4,3,0.2,0.0,6,2,2,2,2,6,13,7,15,13,2,111,112,-1,1534,1532,2,54000000,52000000,0,1,0,0
2024,1208799,34,Fecha inválida,Sevilla,Leganes,0,0,11,3,2,5,12,18,0,1,6,4,8,0.8,1.6,3,5,3,2,1,1,0.4,0.2,11,3,2,5,13,20,0,1,6,8,10,1.6,2.0,3,5,6,2,2,4,0.4,0.2,5,3,3,3,3,5,0,1,17,18,-1,112,112,0,1536,1537,-1,56000000,57000000,2,0,0,1
2024,1212943,34,Fecha inválida,Espanyol,Real Betis,0,0,6,1,3,6,8,18,0,4,3,6,14,1.2,2.8,1,6,4,0,4,4,0.2,0.0,13,3,4,3,13,15,2,0,8,8,8,1.6,1.6,1,7,5,1,4,3,0.25,0.33,7,7,10,10,7,7,-7,-8,1,4,-3,112,112,0,1540,1543,-3,50000000,53000000,0,0,0,1
2024,1208796,34,Fecha inválida,Real Madrid,Celta Vigo,0,0,22,7,1,2,24,13,1,0,12,11,5,2.2,1.0,4,5,9,3,1,4,0.75,0.67,11,3,2,5,12,15,0,2,5,6,9,1.2,1.8,3,5,6,1,3,4,0.6,0.0,22,4,1,1,4,22,11,14,2,19,-17,120,113,7,1541,1538,3,51000000,58000000,1,1,1,0
2024,1208793,34,Fecha inválida,Alaves,Atletico Madrid,0,0,7,1,4,5,10,16,0,2,3,4,9,0.8,1.8,1,6,5,1,2,3,0.2,0.0,25,8,1,1,21,8,0,0,10,7,3,1.4,0.6,4,5,5,2,2,1,1.0,0.6,2,4,10,10,4,2,-18,-19,3,11,-8,112,133,-21,1542,1530,12,52000000,50000000,2,2,0,0
2024,1208791,34,Fecha inválida,Girona,Mallorca,0,0,16,5,1,4,16,13,0,2,9,9,6,1.8,1.2,3,4,6,1,2,2,0.6,0.4,16,5,1,4,10,13,1,0,7,4,4,0.8,0.8,3,4,4,2,1,1,0.5,0.5,3,2,6,6,2,3,0,6,8,19,-11,112,133,-21,1547,1598,-51,57000000,58000000,1,0,1,0
2024,1208794,34,Fecha inválida,Real Sociedad,Athletic Club,0,0,17,5,2,3,10,6,0,0,10,5,3,1.0,0.6,6,1,1,3,1,0,0.4,0.6,22,6,4,0,16,7,1,0,9,7,3,1.4,0.6,3,7,4,2,3,1,0.8,0.4,12,8,12,12,8,12,-5,-5,9,12,-3,133,133,0,1548,1531,17,58000000,51000000,2,0,0,1
2024,1208795,34,Fecha inválida,Valladolid,Barcelona,0,0,10,3,1,6,8,18,1,0,4,5,8,1.0,1.6,2,4,5,0,3,2,0.4,0.2,14,4,2,4,23,13,3,0,10,14,5,2.8,1.0,1,7,8,1,3,4,0.4,0.4,2,1,11,11,1,2,-4,-20,1,10,-9,112,133,-21,1520,1529,-9,50000000,59000000,0,1,0,1
2024,1208797,34,Fecha inválida,Rayo Vallecano,Getafe,0,0,12,3,3,4,11,13,0,1,3,3,7,0.6,1.4,2,6,4,1,2,2,0.4,0.2,9,2,3,5,5,8,0,0,5,4,4,0.8,0.8,3,2,0,1,2,0,0.4,0.0,11,8,4,4,8,11,3,1,9,7,2,113,111,2,1528,1546,-18,58000000,56000000,2,0,0,0
2024,1208801,35,Fecha inválida,Barcelona,Real Madrid,0,0,14,4,2,4,23,13,3,0,10,14,5,2.8,1.0,1,7,8,1,3,4,0.4,0.4,22,7,1,2,24,13,1,0,12,11,5,2.2,1.0,4,5,9,3,1,4,0.75,0.67,21,8,16,16,8,21,-8,-1,10,2,8,140,127,13,1529,1541,-12,59000000,51000000,1,1,1,1
2024,1208800,35,Fecha inválida,Atletico Madrid,Real Sociedad,0,0,25,8,1,1,21,8,0,0,10,7,3,1.4,0.6,4,5,5,2,2,1,1.0,0.6,17,5,2,3,10,6,0,0,10,5,3,1.0,0.6,6,1,1,3,1,0,0.4,0.6,19,8,6,6,8,19,8,9,11,9,2,140,140,0,1530,1548,-18,50000000,58000000,2,2,0,0
2024,1208808,35,Fecha inválida,Athletic Club,Alaves,0,0,22,6,4,0,16,7,1,0,9,7,3,1.4,0.6,3,7,4,2,3,1,0.8,0.4,7,1,4,5,10,16,0,2,3,4,9,0.8,1.8,1,6,5,1,2,3,0.2,0.0,6,8,4,4,8,6,15,15,12,3,9,140,119,21,1531,1542,-11,51000000,52000000,0,2,1,0
2024,1208807,35,Fecha inválida,Valencia,Getafe,0,0,7,1,4,5,13,16,0,1,4,8,9,1.6,1.8,0,8,5,0,4,3,0.2,0.0,9,2,3,5,5,8,0,0,5,4,4,0.8,0.8,3,2,0,1,2,0,0.4,0.0,13,8,9,9,8,13,-2,0,13,7,6,119,118,1,1532,1546,-14,52000000,56000000,1,0,0,0
2024,1208806,35,Fecha inválida,Las Palmas,Rayo Vallecano,0,0,20,6,2,2,14,10,2,0,9,9,8,1.8,1.6,4,5,5,1,3,3,0.6,0.6,12,3,3,4,11,13,0,1,3,3,7,0.6,1.4,2,6,4,1,2,2,0.4,0.2,2,4,4,4,4,2,8,6,15,9,6,118,120,-2,1534,1528,6,54000000,58000000,0,2,0,0
2024,1212944,35,Fecha inválida,Leganes,Espanyol,0,0,11,3,2,5,13,20,0,1,6,8,10,1.6,2.0,3,5,6,2,2,4,0.4,0.2,6,1,3,6,8,18,0,4,3,6,14,1.2,2.8,1,6,4,0,4,4,0.2,0.0,6,3,5,5,3,6,5,3,18,1,17,119,119,0,1537,1540,-3,57000000,50000000,0,0,1,0
2024,1208803,35,Fecha inválida,Celta Vigo,Sevilla,0,0,11,3,2,5,12,15,0,2,5,6,9,1.2,1.8,3,5,6,1,3,4,0.6,0.0,11,3,2,5,12,18,0,1,6,4,8,0.8,1.6,3,5,3,2,1,1,0.4,0.2,8,8,10,10,8,8,0,3,19,17,2,120,119,1,1538,1536,2,58000000,56000000,1,2,0,0
2024,1208802,35,Fecha inválida,Real Betis,Osasuna,0,0,13,3,4,3,13,15,2,0,8,8,8,1.6,1.6,1,7,5,1,4,3,0.25,0.33,11,2,5,3,11,14,0,0,7,5,7,1.0,1.4,3,6,5,2,2,2,0.2,0.2,13,3,5,5,3,13,2,1,4,8,-4,119,140,-21,1543,1527,16,53000000,57000000,0,1,1,1
2024,1208804,35,Fecha inválida,Girona,Villarreal,0,0,16,5,1,4,16,13,0,2,9,9,6,1.8,1.2,3,4,6,1,2,2,0.6,0.4,13,3,4,3,17,15,0,1,8,8,6,1.6,1.2,1,7,6,1,3,3,0.2,0.4,3,2,7,7,2,3,3,1,8,14,-6,119,139,-20,1547,1533,14,57000000,53000000,1,2,1,1
2024,1208805,35,Fecha inválida,Mallorca,Valladolid,0,0,16,5,1,4,10,13,1,0,7,4,4,0.8,0.8,3,4,4,2,1,1,0.5,0.5,10,3,1,6,8,18,1,0,4,5,8,1.0,1.6,2,4,5,0,3,2,0.4,0.2,3,2,7,7,2,3,6,7,19,1,18,140,119,21,1598,1520,78,58000000,50000000,0,0,0,0
2024,1208817,36,Fecha inválida,Villarreal,Leganes,0,0,13,3,4,3,17,15,0,1,8,8,6,1.6,1.2,1,7,6,1,3,3,0.2,0.4,11,3,2,5,13,20,0,1,6,8,10,1.6,2.0,3,5,6,2,2,4,0.4,0.2,6,2,2,2,2,6,2,9,14,18,-4,142,122,20,1533,1537,-4,53000000,57000000,2,0,1,1
2024,1208816,36,Fecha inválida,Sevilla,Las Palmas,0,0,11,3,2,5,12,18,0,1,6,4,8,0.8,1.6,3,5,3,2,1,1,0.4,0.2,20,6,2,2,14,10,2,0,9,9,8,1.8,1.6,4,5,5,1,3,3,0.6,0.6,8,2,1,1,2,8,-9,-10,17,15,2,122,121,1,1536,1534,2,56000000,54000000,2,0,0,0
2024,1212945,36,Fecha inválida,Espanyol,Barcelona,0,0,6,1,3,6,8,18,0,4,3,6,14,1.2,2.8,1,6,4,0,4,4,0.2,0.0,14,4,2,4,23,13,3,0,10,14,5,2.8,1.0,1,7,8,1,3,4,0.4,0.4,0,7,19,19,7,0,-8,-20,1,10,-9,122,143,-21,1540,1529,11,50000000,59000000,0,1,0,1
2024,1208815,36,Fecha inválida,Real Madrid,Mallorca,0,0,22,7,1,2,24,13,1,0,12,11,5,2.2,1.0,4,5,9,3,1,4,0.75,0.67,16,5,1,4,10,13,1,0,7,4,4,0.8,0.8,3,4,4,2,1,1,0.5,0.5,12,3,2,2,3,12,6,14,2,19,-17,130,143,-13,1541,1598,-57,51000000,58000000,1,0,1,0
2024,1208809,36,Fecha inválida,Alaves,Valencia,0,0,7,1,4,5,10,16,0,2,3,4,9,0.8,1.8,1,6,5,1,2,3,0.2,0.0,7,1,4,5,13,16,0,1,4,8,9,1.6,1.8,0,8,5,0,4,3,0.2,0.0,6,5,7,7,5,6,0,-3,3,13,-10,122,122,0,1542,1532,10,52000000,52000000,2,1,0,0
2024,1208810,36,Fecha inválida,Getafe,Athletic Club,0,0,9,2,3,5,5,8,0,0,5,4,4,0.8,0.8,3,2,0,1,2,0,0.4,0.0,22,6,4,0,16,7,1,0,9,7,3,1.4,0.6,3,7,4,2,3,1,0.8,0.4,4,15,9,9,15,4,-13,-12,7,12,-5,121,143,-22,1546,1531,15,56000000,51000000,0,0,0,1
2024,1208813,36,Fecha inválida,Real Sociedad,Celta Vigo,0,0,17,5,2,3,10,6,0,0,10,5,3,1.0,0.6,6,1,1,3,1,0,0.4,0.6,11,3,2,5,12,15,0,2,5,6,9,1.2,1.8,3,5,6,1,3,4,0.6,0.0,14,9,6,6,9,14,6,7,9,19,-10,143,123,20,1548,1538,10,58000000,58000000,2,1,0,0
2024,1208814,36,Fecha inválida,Valladolid,Girona,0,0,10,3,1,6,8,18,1,0,4,5,8,1.0,1.6,2,4,5,0,3,2,0.4,0.2,16,5,1,4,16,13,0,2,9,9,6,1.8,1.2,3,4,6,1,2,2,0.6,0.4,3,3,4,4,3,3,-6,-13,1,8,-7,122,122,0,1520,1547,-27,50000000,57000000,0,1,0,1
2024,1208811,36,Fecha inválida,Osasuna,Atletico Madrid,0,0,11,2,5,3,11,14,0,0,7,5,7,1.0,1.4,3,6,5,2,2,2,0.2,0.2,25,8,1,1,21,8,0,0,10,7,3,1.4,0.6,4,5,5,2,2,1,1.0,0.6,2,3,17,17,3,2,-14,-16,8,11,-3,143,143,0,1527,1530,-3,57000000,50000000,1,2,1,0
2024,1208812,36,Fecha inválida,Rayo Vallecano,Real Betis,0,0,12,3,3,4,11,13,0,1,3,3,7,0.6,1.4,2,6,4,1,2,2,0.4,0.2,13,3,4,3,13,15,2,0,8,8,8,1.6,1.6,1,7,5,1,4,3,0.25,0.33,7,7,7,7,7,7,-1,0,9,4,5,123,122,1,1528,1543,-15,58000000,53000000,2,0,0,1
2024,1208819,37,Fecha inválida,Barcelona,Villarreal,0,0,14,4,2,4,23,13,3,0,10,14,5,2.8,1.0,1,7,8,1,3,4,0.4,0.4,13,3,4,3,17,15,0,1,8,8,6,1.6,1.2,1,7,6,1,3,3,0.2,0.4,21,5,2,2,5,21,1,8,10,14,-4,147,146,1,1529,1533,-4,59000000,53000000,1,2,1,1
2024,1208818,37,Fecha inválida,Atletico Madrid,Real Betis,0,0,25,8,1,1,21,8,0,0,10,7,3,1.4,0.6,4,5,5,2,2,1,1.0,0.6,13,3,4,3,13,15,2,0,8,8,8,1.6,1.6,1,7,5,1,4,3,0.25,0.33,17,6,3,3,6,17,12,15,11,4,7,147,126,21,1530,1543,-13,50000000,53000000,2,0,0,1
2024,1208821,37,Fecha inválida,Valencia,Athletic Club,0,0,7,1,4,5,13,16,0,1,4,8,9,1.6,1.8,0,8,5,0,4,3,0.2,0.0,22,6,4,0,16,7,1,0,9,7,3,1.4,0.6,3,7,4,2,3,1,0.8,0.4,11,14,10,10,14,11,-15,-12,13,12,1,126,147,-21,1532,1531,1,52000000,51000000,1,0,0,1
2024,1208826,37,Fecha inválida,Las Palmas,Leganes,0,0,20,6,2,2,14,10,2,0,9,9,8,1.8,1.6,4,5,5,1,3,3,0.6,0.6,11,3,2,5,13,20,0,1,6,8,10,1.6,2.0,3,5,6,2,2,4,0.4,0.2,3,4,5,5,4,3,9,11,15,18,-3,125,126,-1,1534,1537,-3,54000000,57000000,0,0,0,1
2024,1208824,37,Fecha inválida,Sevilla,Real Madrid,0,0,11,3,2,5,12,18,0,1,6,4,8,0.8,1.6,3,5,3,2,1,1,0.4,0.2,22,7,1,2,24,13,1,0,12,11,5,2.2,1.0,4,5,9,3,1,4,0.75,0.67,6,3,22,22,3,6,-11,-17,17,2,15,126,134,-8,1536,1541,-5,56000000,51000000,2,1,0,1
2024,1208820,37,Fecha inválida,Celta Vigo,Rayo Vallecano,0,0,11,3,2,5,12,15,0,2,5,6,9,1.2,1.8,3,5,6,1,3,4,0.6,0.0,12,3,3,4,11,13,0,1,3,3,7,0.6,1.4,2,6,4,1,2,2,0.4,0.2,4,6,8,8,6,4,-1,-1,19,9,10,127,127,0,1538,1528,10,58000000,58000000,1,2,0,0
2024,1208823,37,Fecha inválida,Real Sociedad,Girona,0,0,17,5,2,3,10,6,0,0,10,5,3,1.0,0.6,6,1,1,3,1,0,0.4,0.6,16,5,1,4,16,13,0,2,9,9,6,1.8,1.2,3,4,6,1,2,2,0.6,0.4,3,7,0,0,7,3,1,1,9,8,1,147,126,21,1548,1547,1,58000000,57000000,2,1,0,1
2024,1208825,37,Fecha inválida,Valladolid,Alaves,0,0,10,3,1,6,8,18,1,0,4,5,8,1.0,1.6,2,4,5,0,3,2,0.4,0.2,7,1,4,5,10,16,0,2,3,4,9,0.8,1.8,1,6,5,1,2,3,0.2,0.0,2,2,5,5,2,2,3,-4,1,3,-2,126,126,0,1520,1542,-22,50000000,52000000,0,2,0,0
2024,1212946,37,Fecha inválida,Osasuna,Espanyol,0,0,11,2,5,3,11,14,0,0,7,5,7,1.0,1.4,3,6,5,2,2,2,0.2,0.2,6,1,3,6,8,18,0,4,3,6,14,1.2,2.8,1,6,4,0,4,4,0.2,0.0,9,6,4,4,6,9,5,7,8,1,7,147,126,21,1527,1540,-13,57000000,50000000,1,0,1,0
2024,1208822,37,Fecha inválida,Mallorca,Getafe,0,0,16,5,1,4,10,13,1,0,7,4,4,0.8,0.8,3,4,4,2,1,1,0.5,0.5,9,2,3,5,5,8,0,0,5,4,4,0.8,0.8,3,2,0,1,2,0,0.4,0.0,5,5,8,8,5,5,7,0,19,7,12,147,125,22,1598,1546,52,58000000,56000000,0,0,0,0
2024,1208827,38,Fecha inválida,Athletic Club,Barcelona,0,0,22,6,4,0,16,7,1,0,9,7,3,1.4,0.6,3,7,4,2,3,1,0.8,0.4,14,4,2,4,23,13,3,0,10,14,5,2.8,1.0,1,7,8,1,3,4,0.4,0.4,6,7,23,23,7,6,8,-1,12,10,2,154,154,0,1531,1529,2,51000000,59000000,0,1,1,1
2024,1208835,38,Fecha inválida,Villarreal,Sevilla,0,0,13,3,4,3,17,15,0,1,8,8,6,1.6,1.2,1,7,6,1,3,3,0.2,0.4,11,3,2,5,12,18,0,1,6,4,8,0.8,1.6,3,5,3,2,1,1,0.4,0.2,8,11,11,11,11,8,2,8,14,17,-3,153,133,20,1533,1536,-3,53000000,56000000,2,2,1,0
2024,1208831,38,Fecha inválida,Leganes,Valladolid,0,0,11,3,2,5,13,20,0,1,6,8,10,1.6,2.0,3,5,6,2,2,4,0.4,0.2,10,3,1,6,8,18,1,0,4,5,8,1.0,1.6,2,4,5,0,3,2,0.4,0.2,4,5,3,3,5,4,1,3,18,1,17,133,133,0,1537,1520,17,57000000,50000000,0,0,1,0
2024,1212947,38,Fecha inválida,Espanyol,Las Palmas,0,0,6,1,3,6,8,18,0,4,3,6,14,1.2,2.8,1,6,4,0,4,4,0.2,0.0,20,6,2,2,14,10,2,0,9,9,8,1.8,1.6,4,5,5,1,3,3,0.6,0.6,4,5,5,5,5,4,-14,-14,1,15,-14,133,132,1,1540,1534,6,50000000,54000000,0,0,0,0
2024,1208829,38,Fecha inválida,Real Madrid,Real Sociedad,0,0,22,7,1,2,24,13,1,0,12,11,5,2.2,1.0,4,5,9,3,1,4,0.75,0.67,17,5,2,3,10,6,0,0,10,5,3,1.0,0.6,6,1,1,3,1,0,0.4,0.6,21,5,5,5,5,21,5,7,2,9,-7,141,154,-13,1541,1548,-7,51000000,58000000,1,2,1,0
2024,1208830,38,Fecha inválida,Alaves,Osasuna,0,0,7,1,4,5,10,16,0,2,3,4,9,0.8,1.8,1,6,5,1,2,3,0.2,0.0,11,2,5,3,11,14,0,0,7,5,7,1.0,1.4,3,6,5,2,2,2,0.2,0.2,4,3,9,9,3,4,-4,-3,3,8,-5,133,154,-21,1542,1527,15,52000000,57000000,2,1,0,1
2024,1208828,38,Fecha inválida,Real Betis,Valencia,0,0,13,3,4,3,13,15,2,0,8,8,8,1.6,1.6,1,7,5,1,4,3,0.25,0.33,7,1,4,5,13,16,0,1,4,8,9,1.6,1.8,0,8,5,0,4,3,0.2,0.0,12,7,10,10,7,12,6,1,4,13,-9,133,133,0,1543,1532,11,53000000,52000000,0,1,1,0
2024,1208833,38,Fecha inválida,Getafe,Celta Vigo,0,0,9,2,3,5,5,8,0,0,5,4,4,0.8,0.8,3,2,0,1,2,0,0.4,0.0,11,3,2,5,12,15,0,2,5,6,9,1.2,1.8,3,5,6,1,3,4,0.6,0.0,9,9,6,6,9,9,-2,0,7,19,-12,132,134,-2,1546,1538,8,56000000,58000000,0,1,0,0
2024,1208832,38,Fecha inválida,Girona,Atletico Madrid,0,0,16,5,1,4,16,13,0,2,9,9,6,1.8,1.2,3,4,6,1,2,2,0.6,0.4,25,8,1,1,21,8,0,0,10,7,3,1.4,0.6,4,5,5,2,2,1,1.0,0.6,1,6,5,5,6,1,-9,-10,8,11,-3,133,154,-21,1547,1530,17,57000000,50000000,1,2,1,0
2024,1208834,38,Fecha inválida,Rayo Vallecano,Mallorca,0,0,12,3,3,4,11,13,0,1,3,3,7,0.6,1.4,2,6,4,1,2,2,0.4,0.2,16,5,1,4,10,13,1,0,7,4,4,0.8,0.8,3,4,4,2,1,1,0.5,0.5,5,3,9,9,3,5,-4,1,9,19,-10,134,154,-20,1528,1598,-70,58000000,58000000,2,0,0,0
