temporada,id_partido,fecha,fecha_partido,nombre_equipo_local,nombre_equipo_visitante,goles_equipo_local,goles_equipo_visitante,puntos_acumulados_local,wins_last10_local,draws_last10_local,losses_last10_local,goles_favor_last10_local,goles_contra_last10_local,current_win_streak_local,current_loss_streak_local,puntos_ultimos5_local,goles_favor_ultimos5_local,goles_contra_ultimos5_local,prom_goles_favor_ultimos5_local,prom_goles_contra_ultimos5_local,clean_sheets_last10_local,btts_last10_local,over25_last10_local,clean_sheets_last5_local,btts_last5_local,over25_last5_local,home_win_rate_local,away_win_rate_local,puntos_acumulados_visitante,wins_last10_visitante,draws_last10_visitante,losses_last10_visitante,goles_favor_last10_visitante,goles_contra_last10_visitante,current_win_streak_visitante,current_loss_streak_visitante,puntos_ultimos5_visitante,goles_favor_ultimos5_visitante,goles_contra_ultimos5_visitante,prom_goles_favor_ultimos5_visitante,prom_goles_contra_ultimos5_visitante,clean_sheets_last10_visitante,btts_last10_visitante,over25_last10_visitante,clean_sheets_last5_visitante,btts_last5_visitante,over25_last5_visitante,home_win_rate_visitante,away_win_rate_visitante,head2head_local_wins,head2head_local_draws,head2head_local_losses,head2head_visitante_wins,head2head_visitante_draws,head2head_visitante_losses,puntos_balance,goles_balance,posicion_tabla_local,posicion_tabla_visitante,diff_posicion_tabla,dias_descanso_local,dias_descanso_visitante,diff_dias_descanso,elo_rating_local,elo_rating_visitante,diff_elo_rating,valor_mercado_local,valor_mercado_visitante,jugadores_lesionados_local,jugadores_lesionados_visitante,titulares_sancionados_local,titulares_sancionados_visitante
2024,1222931,1,Fecha inválida,Al-Adalah,Al Bukayriyah,2,0,0,0,0,0,0,0,0,0,0,0,0,0.0,0.0,0,0,0,0,0,0,0.0,0.0,0,0,0,0,0,0,0,0,0,0,0,0.0,0.0,0,0,0,0,0,0,0.0,0.0,2,4,0,0,4,2,0,0,11,7,4,0,0,0,1550,1566,-16,50000000,56000000,1,2,0,0
2024,1222930,1,Fecha inválida,Al Najma,Al Tai,3,0,0,0,0,0,0,0,0,0,0,0,0,0.0,0.0,0,0,0,0,0,0,0.0,0.0,0,0,0,0,0,0,0,0,0,0,0,0.0,0.0,0,0,0,0,0,0,0.0,0.0,1,1,0,0,1,1,0,0,13,3,10,0,0,0,1592,1542,50,52000000,52000000,1,2,0,0
2024,1222928,1,Fecha inválida,Jeddah Club,Al Jandal,1,0,0,0,0,0,0,0,0,0,0,0,0,0.0,0.0,0,0,0,0,0,0,0.0,0.0,0,0,0,0,0,0,0,0,0,0,0,0.0,0.0,0,0,0,0,0,0,0.0,0.0,2,1,1,1,1,2,0,0,8,8,0,0,0,0,1547,1507,40,57000000,57000000,1,1,1,1
2024,1222927,1,Fecha inválida,Al Jabalain,Al Faisaly,0,1,0,0,0,0,0,0,0,0,0,0,0,0.0,0.0,0,0,0,0,0,0,0.0,0.0,0,0,0,0,0,0,0,0,0,0,0,0.0,0.0,0,0,0,0,0,0,0.0,0.0,0,2,4,4,2,0,0,0,19,11,8,0,0,0,1558,1530,28,58000000,50000000,0,2,0,0
2024,1222924,1,Fecha inválida,Al-Ain,Al Batin,1,1,0,0,0,0,0,0,0,0,0,0,0,0.0,0.0,0,0,0,0,0,0,0.0,0.0,0,0,0,0,0,0,0,0,0,0,0,0.0,0.0,0,0,0,0,0,0,0.0,0.0,0,4,4,4,4,0,0,0,11,7,4,0,0,0,1570,1526,44,50000000,56000000,0,1,0,0
2024,1222929,1,Fecha inválida,Al Jubail,Al Safa,0,1,0,0,0,0,0,0,0,0,0,0,0,0.0,0.0,0,0,0,0,0,0,0.0,0.0,0,0,0,0,0,0,0,0,0,0,0,0.0,0.0,0,0,0,0,0,0,0.0,0.0,0,1,1,1,1,0,0,0,9,11,-2,0,0,0,1508,1590,-82,58000000,50000000,2,2,0,0
2024,1222925,1,Fecha inválida,Al-Hazm,Ohod,1,1,0,0,0,0,0,0,0,0,0,0,0,0.0,0.0,0,0,0,0,0,0,0.0,0.0,0,0,0,0,0,0,0,0,0,0,0,0.0,0.0,0,0,0,0,0,0,0.0,0.0,3,4,3,3,4,3,0,0,6,4,2,0,0,0,1545,1543,2,55000000,53000000,2,0,1,1
2024,1222923,1,Fecha inválida,Abha,NEOM,0,2,0,0,0,0,0,0,0,0,0,0,0,0.0,0.0,0,0,0,0,0,0,0.0,0.0,0,0,0,0,0,0,0,0,0,0,0,0.0,0.0,0,0,0,0,0,0,0.0,0.0,0,1,1,1,1,0,0,0,12,14,-2,0,0,0,1551,1513,38,51000000,53000000,2,1,1,1
2024,1222926,1,Fecha inválida, Al Zulfi,Al Arabi SC,0,0,0,0,0,0,0,0,0,0,0,0,0,0.0,0.0,0,0,0,0,0,0,0.0,0.0,0,0,0,0,0,0,0,0,0,0,0,0.0,0.0,0,0,0,0,0,0,0.0,0.0,0,2,0,0,2,0,0,0,5,12,-7,0,0,0,1524,1571,-47,54000000,51000000,0,1,0,1
2024,1253325,2,Fecha inválida,Al Safa,Al-Ain,0,3,3,1,0,0,1,0,1,0,3,1,0,1.0,0.0,1,0,0,1,0,0,0.0,1.0,1,0,1,0,1,1,0,0,1,1,1,1.0,1.0,0,1,0,0,1,0,0.0,0.0,0,2,2,2,2,0,2,1,11,11,0,4,4,0,1590,1570,20,50000000,50000000,2,0,0,0
2024,1253326,2,Fecha inválida,Al-Faisaly FC,Al-Adalah,3,0,3,1,0,0,1,0,1,0,3,1,0,1.0,0.0,1,0,0,1,0,0,0.0,1.0,3,1,0,0,2,0,1,0,3,2,0,2.0,0.0,1,0,0,1,0,0,1.0,0.0,5,1,1,1,1,5,0,-1,11,11,0,4,6,-2,1530,1550,-20,50000000,50000000,2,1,0,0
2024,1253327,2,Fecha inválida,Al Taee,Jeddah Club,1,1,0,0,0,1,0,3,0,1,0,0,3,0.0,3.0,0,0,1,0,0,1,0.0,0.0,3,1,0,0,1,0,1,0,3,1,0,1.0,0.0,1,0,0,1,0,0,1.0,0.0,4,4,2,2,4,4,-3,-4,3,8,-5,6,6,0,1542,1547,-5,52000000,57000000,2,1,0,1
2024,1253328,2,Fecha inválida,Al Baten,Al-Hazm,1,3,1,0,1,0,1,1,0,0,1,1,1,1.0,1.0,0,1,0,0,1,0,0.0,0.0,1,0,1,0,1,1,0,0,1,1,1,1.0,1.0,0,1,0,0,1,0,0.0,0.0,3,2,2,2,2,3,0,0,7,6,1,5,4,1,1526,1545,-19,56000000,55000000,1,2,0,1
2024,1253329,2,Fecha inválida,Al Bukayriyah,Al Jubail,0,0,0,0,0,1,0,2,0,1,0,0,2,0.0,2.0,0,0,0,0,0,0,0.0,0.0,0,0,0,1,0,1,0,1,0,0,1,0.0,1.0,0,0,0,0,0,0,0.0,0.0,0,2,0,0,2,0,0,-1,7,9,-2,7,5,2,1566,1508,58,56000000,58000000,2,2,0,0
2024,1253330,2,Fecha inválida,Al Zulfi,Al Najma,2,0,1,0,1,0,0,0,0,0,1,0,0,0.0,0.0,1,0,0,1,0,0,0.0,0.0,3,1,0,0,3,0,1,0,3,3,0,3.0,0.0,1,0,1,1,0,1,1.0,0.0,1,1,0,0,1,1,-2,-3,5,13,-8,5,7,-2,1524,1592,-68,54000000,52000000,0,1,0,0
2024,1253331,2,Fecha inválida,Al Arabi SC,Abha,1,2,1,0,1,0,0,0,0,0,1,0,0,0.0,0.0,1,0,0,1,0,0,0.0,0.0,0,0,0,1,0,2,0,1,0,0,2,0.0,2.0,0,0,0,0,0,0,0.0,0.0,0,1,2,2,1,0,1,2,12,12,0,5,6,-1,1571,1551,20,51000000,51000000,1,2,1,1
2024,1253332,2,Fecha inválida,Ohod,Al Jabalain,2,0,1,0,1,0,1,1,0,0,1,1,1,1.0,1.0,0,1,0,0,1,0,0.0,0.0,0,0,0,1,0,1,0,1,0,0,1,0.0,1.0,0,0,0,0,0,0,0.0,0.0,3,6,3,3,6,3,1,1,4,19,-15,6,7,-1,1543,1558,-15,53000000,58000000,0,0,1,0
2024,1253333,2,Fecha inválida,Al Suqoor,Al Jandal,4,0,3,1,0,0,2,0,1,0,3,2,0,2.0,0.0,1,0,0,1,0,0,0.0,1.0,0,0,0,1,0,1,0,1,0,0,1,0.0,1.0,0,0,0,0,0,0,0.0,0.0,1,1,0,0,1,1,3,3,14,8,6,6,8,-2,1513,1507,6,53000000,57000000,1,1,1,1
2024,1253335,3,Fecha inválida,Al-Ain,Al Taee,0,1,4,1,1,0,4,1,0,0,4,4,1,2.0,0.5,1,1,1,1,1,1,0.0,1.0,1,0,1,1,1,4,0,1,1,1,4,0.5,2.0,0,1,1,0,1,1,0.0,0.0,1,2,1,1,2,1,3,6,11,3,8,4,4,0,1570,1542,28,50000000,52000000,0,2,0,0
2024,1253334,3,Fecha inválida,Al-Adalah,Al Safa,1,0,3,1,0,1,2,3,1,0,3,2,3,1.0,1.5,1,0,1,1,0,1,1.0,0.0,3,1,0,1,1,3,1,0,3,1,3,0.5,1.5,1,0,1,1,0,1,0.0,1.0,1,2,1,1,2,1,0,1,11,11,0,4,4,0,1550,1590,-40,50000000,50000000,1,2,0,0
2024,1253336,3,Fecha inválida,Al-Hazm,Al-Faisaly FC,1,0,4,1,1,0,4,2,0,0,4,4,2,2.0,1.0,0,2,1,0,2,1,0.0,1.0,6,2,0,0,4,0,2,0,6,4,0,2.0,0.0,2,0,1,2,0,1,1.0,1.0,3,3,4,4,3,3,-2,-2,6,11,-5,5,6,-1,1545,1530,15,55000000,50000000,2,2,1,0
2024,1253337,3,Fecha inválida,Al Najma,Al Baten,1,2,3,1,0,1,3,2,1,0,3,3,2,1.5,1.0,1,0,1,1,0,1,1.0,0.0,1,0,1,1,2,4,0,0,1,2,4,1.0,2.0,0,2,1,0,2,1,0.0,0.0,1,1,2,2,1,1,2,3,13,7,6,4,5,-1,1592,1526,66,52000000,56000000,1,1,0,0
2024,1253338,3,Fecha inválida,Jeddah Club,Al Zulfi,3,0,4,1,1,0,2,1,1,0,4,2,1,1.0,0.5,1,1,0,1,1,0,1.0,0.0,4,1,1,0,2,0,0,0,4,2,0,1.0,0.0,2,0,0,2,0,0,0.5,0.0,1,1,0,0,1,1,0,-1,8,5,3,5,4,1,1547,1524,23,57000000,54000000,1,0,1,0
2024,1253339,3,Fecha inválida,Al Jubail,Al Suqoor,0,4,1,0,1,1,0,1,0,1,1,0,1,0.0,0.5,1,0,0,1,0,0,0.0,0.0,6,2,0,0,6,0,2,0,6,6,0,3.0,0.0,2,0,1,2,0,1,1.0,1.0,0,1,1,1,1,0,-5,-7,9,14,-5,5,4,1,1508,1513,-5,58000000,53000000,2,1,0,1
2024,1253340,3,Fecha inválida,Abha,Ohod,2,1,3,1,0,1,2,3,0,1,3,2,3,1.0,1.5,0,1,1,0,1,1,0.0,1.0,4,1,1,0,3,1,0,0,4,3,1,1.5,0.5,1,1,0,1,1,0,1.0,0.0,1,1,0,0,1,1,-1,-3,12,4,8,4,4,0,1551,1543,8,51000000,53000000,2,0,1,1
2024,1253341,3,Fecha inválida,Al Jandal,Al Arabi SC,1,2,0,0,0,2,0,5,0,2,0,0,5,0.0,2.5,0,0,1,0,0,1,0.0,0.0,1,0,1,1,1,2,0,0,1,1,2,0.5,1.0,1,1,1,1,1,1,0.0,0.0,1,1,2,2,1,1,-1,-4,8,12,-4,4,5,-1,1507,1571,-64,57000000,51000000,1,1,1,1
2024,1253342,3,Fecha inválida,Al Jabalain,Al Bukayriyah,2,1,0,0,0,2,0,3,0,2,0,0,3,0.0,1.5,0,0,0,0,0,0,0.0,0.0,1,0,1,1,0,2,0,1,1,0,2,0.0,1.0,1,0,0,1,0,0,0.0,0.0,4,2,2,2,2,4,-1,-1,19,7,12,5,6,-1,1558,1566,-8,58000000,56000000,0,2,0,0
2024,1253344,4,Fecha inválida,Al Bukayriyah,Abha,0,1,1,0,1,2,1,4,0,1,1,1,4,0.33,1.33,1,1,1,1,1,1,0.0,0.0,6,2,0,1,4,4,0,1,6,4,4,1.33,1.33,0,2,2,0,2,2,0.5,1.0,0,1,2,2,1,0,-5,-3,7,12,-5,14,14,0,1566,1551,15,56000000,51000000,2,2,0,1
2024,1253343,4,Fecha inválida,Al Zulfi,Al-Adalah,0,0,4,1,1,1,2,3,0,0,4,2,3,0.67,1.0,2,0,1,2,0,1,0.5,0.0,6,2,0,1,3,3,1,0,6,3,3,1.0,1.0,2,0,1,2,0,1,1.0,0.0,0,2,0,0,2,0,-2,-1,5,11,-6,15,17,-2,1524,1550,-26,54000000,50000000,0,1,0,0
2024,1253345,4,Fecha inválida,Al Arabi SC,Al Jabalain,2,2,4,1,1,1,3,3,0,0,4,3,3,1.0,1.0,1,2,2,1,2,2,0.0,0.5,3,1,0,2,2,4,0,2,3,2,4,0.67,1.33,0,1,1,0,1,1,0.5,0.0,2,4,0,0,4,2,1,2,12,19,-7,15,14,1,1571,1558,13,51000000,58000000,1,0,1,0
2024,1253346,4,Fecha inválida,Al-Faisaly FC,Al Jubail,1,0,6,2,0,1,4,1,2,0,6,4,1,1.33,0.33,2,0,1,2,0,1,1.0,0.5,1,0,1,2,0,5,0,1,1,0,5,0.0,1.67,1,0,1,1,0,1,0.0,0.0,1,1,0,0,1,1,5,8,11,9,2,16,16,0,1530,1508,22,50000000,58000000,2,2,0,0
2024,1253347,4,Fecha inválida,Al Taee,Al-Hazm,1,2,4,1,1,1,2,4,0,1,4,2,4,0.67,1.33,1,1,1,1,1,1,0.0,0.5,7,2,1,0,5,2,0,0,7,5,2,1.67,0.67,1,2,1,1,2,1,0.5,1.0,5,4,3,3,4,5,-3,-5,3,6,-3,18,16,2,1542,1545,-3,52000000,55000000,2,2,0,1
2024,1253348,4,Fecha inválida,Al Suqoor,Al-Ain,1,1,9,3,0,0,10,0,3,0,9,10,0,3.33,0.0,3,0,2,3,0,2,1.0,1.0,4,1,1,1,4,2,0,0,4,4,2,1.33,0.67,1,1,1,1,1,1,0.0,1.0,0,2,0,0,2,0,5,8,14,11,3,16,18,-2,1513,1570,-57,53000000,50000000,1,0,1,0
2024,1253349,4,Fecha inválida,Al Safa,Al Najma,0,1,3,1,0,2,1,4,1,0,3,1,4,0.33,1.33,1,0,1,1,0,1,0.0,0.5,3,1,0,2,4,4,1,0,3,4,4,1.33,1.33,1,1,2,1,1,2,0.5,0.0,0,3,1,1,3,0,0,-3,11,13,-2,18,17,1,1590,1592,-2,50000000,52000000,2,1,0,0
2024,1253350,4,Fecha inválida,Al Baten,Jeddah Club,1,2,4,1,1,1,4,5,0,0,4,4,5,1.33,1.67,0,3,2,0,3,2,0.0,0.5,7,2,1,0,5,1,1,0,7,5,1,1.67,0.33,2,1,1,2,1,1,1.0,0.0,2,2,2,2,2,2,-3,-5,7,8,-1,17,17,0,1526,1547,-21,56000000,57000000,1,1,0,1
2024,1253351,4,Fecha inválida,Ohod,Al Jandal,0,1,4,1,1,1,4,3,0,0,4,4,3,1.33,1.0,1,2,1,1,2,1,1.0,0.0,0,0,0,3,1,7,0,3,0,1,7,0.33,2.33,0,1,2,0,1,2,0.0,0.0,1,2,1,1,2,1,4,7,4,8,-4,17,17,0,1543,1507,36,53000000,57000000,0,1,1,1
2024,1253352,5,Fecha inválida,Al Taee,Ohod,2,1,4,1,1,2,3,6,0,1,4,3,6,0.75,1.5,1,2,2,1,2,2,0.0,0.5,4,1,1,2,4,4,0,0,4,4,4,1.0,1.0,1,2,1,1,2,1,0.5,0.0,1,5,2,2,5,1,0,-3,3,4,-1,11,10,1,1542,1543,-1,52000000,53000000,2,0,0,1
2024,1253353,5,Fecha inválida,Al-Ain,Al Bukayriyah,0,0,5,1,2,1,5,3,0,0,5,5,3,1.25,0.75,1,2,1,1,2,1,0.0,0.5,1,0,1,3,1,5,0,1,1,1,5,0.25,1.25,1,1,1,1,1,1,0.0,0.0,1,4,1,1,4,1,4,6,11,7,4,11,13,-2,1570,1566,4,50000000,56000000,0,2,0,0
2024,1253354,5,Fecha inválida,Al Jubail,Al Arabi SC,3,1,1,0,1,3,0,6,0,1,1,0,6,0.0,1.5,1,0,1,1,0,1,0.0,0.0,5,1,2,1,5,5,0,0,5,5,5,1.25,1.25,1,3,3,1,3,3,0.0,0.5,1,1,0,0,1,1,-4,-6,9,12,-3,12,12,0,1508,1571,-63,58000000,51000000,2,1,0,1
2024,1253355,5,Fecha inválida,Al-Hazm,Al-Adalah,1,0,10,3,1,0,7,3,0,0,10,7,3,1.75,0.75,1,3,2,1,3,2,0.5,1.0,7,2,1,1,3,3,1,0,7,3,3,0.75,0.75,3,0,1,3,0,1,1.0,0.0,3,2,3,3,2,3,3,4,6,11,-5,12,13,-1,1545,1550,-5,55000000,50000000,2,1,1,0
2024,1253356,5,Fecha inválida,Al Jabalain,Al Zulfi,1,1,4,1,1,2,4,6,0,2,4,4,6,1.0,1.5,0,2,2,0,2,2,0.5,0.0,5,1,2,1,2,3,0,0,5,2,3,0.5,0.75,3,0,1,3,0,1,0.33,0.0,0,2,0,0,2,0,-1,-1,19,5,14,13,13,0,1558,1524,34,58000000,54000000,0,0,0,0
2024,1253357,5,Fecha inválida,Jeddah Club,Al Safa,1,1,10,3,1,0,7,2,1,0,10,7,2,1.75,0.5,2,2,2,2,2,2,1.0,0.5,3,1,0,3,1,5,1,0,3,1,5,0.25,1.25,1,0,1,1,0,1,0.0,0.5,2,4,0,0,4,2,7,9,8,11,-3,12,12,0,1547,1590,-43,57000000,50000000,1,2,1,0
2024,1253359,5,Fecha inválida,Abha,Al-Faisaly FC,3,1,9,3,0,1,5,4,0,1,9,5,4,1.25,1.0,1,2,2,1,2,2,0.5,1.0,9,3,0,1,5,1,2,0,9,5,1,1.25,0.25,3,0,1,3,0,1,1.0,0.5,2,2,4,4,2,2,0,-3,12,11,1,15,14,1,1551,1530,21,51000000,50000000,2,2,1,0
2024,1253358,5,Fecha inválida,Al Jandal,Al Baten,0,0,3,1,0,3,2,7,0,3,3,2,7,0.5,1.75,1,1,2,1,1,2,0.0,0.33,4,1,1,2,5,7,0,0,4,5,7,1.25,1.75,0,4,3,0,4,3,0.0,0.5,0,2,2,2,2,0,-1,-3,8,7,1,12,13,-1,1507,1526,-19,57000000,56000000,1,1,1,0
2024,1253360,5,Fecha inválida,Al Najma,Al Suqoor,2,3,6,2,0,2,5,4,1,0,6,5,4,1.25,1.0,2,1,2,2,1,2,0.5,0.5,10,3,1,0,11,1,3,0,10,11,1,2.75,0.25,3,1,2,3,1,2,0.5,1.0,0,1,1,1,1,0,-4,-9,13,14,-1,13,13,0,1592,1513,79,52000000,53000000,1,1,0,1
2024,1253362,6,Fecha inválida,Al Bukayriyah,Al Taee,0,0,2,0,2,3,1,5,0,1,2,1,5,0.2,1.0,2,1,1,2,1,1,0.0,0.0,7,2,1,2,5,7,0,1,7,5,7,1.0,1.4,1,3,3,1,3,3,0.33,0.5,1,2,3,3,2,1,-5,-2,7,3,4,4,4,0,1566,1542,24,56000000,52000000,2,2,0,0
2024,1253361,6,Fecha inválida,Al Arabi SC,Al-Ain,3,0,5,1,2,2,6,8,0,0,5,6,8,1.2,1.6,1,4,4,1,4,4,0.0,0.33,6,1,3,1,5,3,0,0,6,5,3,1.0,0.6,2,2,1,2,2,1,0.0,0.5,2,3,1,1,3,2,-1,-4,12,11,1,4,4,0,1571,1570,1,51000000,50000000,1,0,1,0
2024,1253363,6,Fecha inválida,Al-Adalah,Al Jabalain,1,1,7,2,1,2,3,4,1,0,7,3,4,0.6,0.8,3,0,1,3,0,1,1.0,0.0,5,1,2,2,5,7,0,2,5,5,7,1.0,1.4,0,3,2,0,3,2,0.33,0.0,4,2,4,4,2,4,2,1,11,19,-8,4,4,0,1550,1558,-8,50000000,58000000,1,0,0,0
2024,1253364,6,Fecha inválida,Al Zulfi,Al Jubail,0,1,6,1,3,1,3,4,0,0,6,3,4,0.6,0.8,3,1,1,3,1,1,0.33,0.0,4,1,1,3,3,7,0,1,4,3,7,0.6,1.4,1,1,2,1,1,2,0.33,0.0,0,1,1,1,1,0,2,3,5,9,-4,4,5,-1,1524,1508,16,54000000,58000000,0,2,0,0
2024,1253365,6,Fecha inválida,Al Suqoor,Al-Hazm,2,0,13,4,1,0,14,3,3,0,13,14,3,2.8,0.6,3,2,3,3,2,3,0.5,1.0,13,4,1,0,8,3,0,0,13,8,3,1.6,0.6,2,3,2,2,3,2,0.67,1.0,1,1,0,0,1,1,0,6,14,6,8,3,5,-2,1513,1545,-32,53000000,55000000,1,2,1,1
2024,1253366,6,Fecha inválida,Ohod,Jeddah Club,1,2,4,1,1,3,5,6,0,0,4,5,6,1.0,1.2,1,3,2,1,3,2,0.5,0.0,11,3,2,0,8,3,1,0,11,8,3,1.6,0.6,2,3,2,2,3,2,0.67,0.5,3,6,3,3,6,3,-7,-6,4,8,-4,6,4,2,1543,1547,-4,53000000,57000000,0,1,1,1
2024,1253367,6,Fecha inválida,Al Safa,Al Jandal,1,2,4,1,1,3,2,6,1,0,4,2,6,0.4,1.2,1,1,1,1,1,1,0.0,0.33,4,1,1,3,2,7,0,3,4,2,7,0.4,1.4,2,1,2,2,1,2,0.0,0.33,0,2,2,2,2,0,0,1,11,8,3,5,4,1,1590,1507,83,50000000,57000000,2,1,0,1
2024,1253368,6,Fecha inválida,Al Baten,Abha,3,2,5,1,2,2,5,7,0,0,5,5,7,1.0,1.4,1,4,3,1,4,3,0.0,0.33,12,4,0,1,8,5,0,1,12,8,5,1.6,1.0,1,3,3,1,3,3,0.67,1.0,5,1,3,3,1,5,-7,-5,7,12,-5,4,4,0,1526,1551,-25,56000000,51000000,1,2,0,1
2024,1253369,6,Fecha inválida,Al-Faisaly FC,Al Najma,2,2,9,3,0,2,6,4,2,0,9,6,4,1.2,0.8,3,1,2,3,1,2,1.0,0.33,6,2,0,3,7,7,1,0,6,7,7,1.4,1.4,2,2,3,2,2,3,0.33,0.5,2,2,1,1,2,2,3,2,11,13,-2,5,4,1,1530,1592,-62,50000000,52000000,2,1,0,0
2024,1253370,7,Fecha inválida,Al Safa,Al Suqoor,1,3,4,1,1,4,3,8,1,0,4,2,6,0.4,1.2,1,2,2,1,1,1,0.0,0.33,16,5,1,0,16,3,3,0,13,14,3,2.8,0.6,4,2,3,3,2,3,0.67,1.0,0,1,1,1,1,0,-12,-18,11,14,-3,14,15,-1,1590,1513,77,50000000,53000000,2,1,0,1
2024,1253371,7,Fecha inválida,Al Baten,Al Zulfi,0,0,8,2,2,2,8,9,0,0,5,5,7,1.0,1.4,1,5,4,1,4,3,0.33,0.33,6,1,3,2,3,5,0,0,6,3,4,0.6,0.8,3,1,1,3,1,1,0.25,0.0,0,2,0,0,2,0,2,1,7,5,2,14,15,-1,1526,1524,2,56000000,54000000,1,0,0,0
2024,1253372,7,Fecha inválida,Al Najma,Al Arabi SC,3,0,7,2,1,3,9,9,1,0,6,7,7,1.4,1.4,2,3,4,2,2,3,0.33,0.33,8,2,2,2,9,8,0,0,5,6,8,1.2,1.6,2,4,5,1,4,4,0.33,0.33,2,1,1,1,1,2,-1,-1,13,12,1,14,17,-3,1592,1571,21,52000000,51000000,1,1,0,1
2024,1253374,7,Fecha inválida,Ohod,Al Bukayriyah,0,2,4,1,1,4,6,8,0,0,4,5,6,1.0,1.2,1,4,3,1,3,2,0.33,0.0,3,0,3,3,1,5,0,1,2,1,5,0.2,1.0,3,1,1,2,1,1,0.0,0.0,1,2,5,5,2,1,1,2,4,7,-3,16,17,-1,1543,1566,-23,53000000,56000000,0,2,1,0
2024,1253373,7,Fecha inválida,Al Jandal,Al-Ain,1,0,7,2,1,3,4,8,0,3,4,2,7,0.4,1.4,2,2,3,2,1,2,0.0,0.5,6,1,3,2,5,6,0,0,6,5,3,1.0,0.6,2,2,2,2,2,1,0.0,0.33,2,1,1,1,1,2,1,-3,8,11,-3,16,17,-1,1507,1570,-63,57000000,50000000,1,0,1,0
2024,1253375,7,Fecha inválida,Al Jubail,Al-Adalah,1,2,7,2,1,3,4,7,0,1,4,3,7,0.6,1.4,2,1,2,1,1,2,0.33,0.33,8,2,2,2,4,5,1,0,7,3,4,0.6,0.8,3,1,1,3,0,1,0.67,0.0,0,2,1,1,2,0,-1,-2,9,11,-2,17,17,0,1508,1550,-42,58000000,50000000,2,1,0,0
2024,1253376,7,Fecha inválida,Al-Faisaly FC,Al Taee,0,1,10,3,1,2,8,6,2,0,9,6,4,1.2,0.8,3,2,3,3,1,2,0.67,0.33,8,2,2,2,5,7,0,1,7,5,7,1.0,1.4,2,3,3,1,3,3,0.33,0.33,2,1,2,2,1,2,2,4,11,3,8,16,18,-2,1530,1542,-12,50000000,52000000,2,2,0,0
2024,1253377,7,Fecha inválida,Al-Hazm,Abha,4,1,13,4,1,1,8,5,0,0,13,8,3,1.6,0.6,2,3,2,2,3,2,0.67,0.67,12,4,0,2,10,8,0,1,12,8,5,1.6,1.0,1,4,4,1,3,3,0.67,0.67,4,2,2,2,2,4,1,1,6,12,-6,17,16,1,1545,1551,-6,55000000,51000000,2,2,1,1
2024,1253378,7,Fecha inválida,Jeddah Club,Al Jabalain,0,0,14,4,2,0,10,4,1,0,11,8,3,1.6,0.6,2,4,3,2,3,2,0.67,0.67,6,1,3,2,6,8,0,2,5,5,7,1.0,1.4,0,4,2,0,3,2,0.33,0.0,4,4,6,6,4,4,8,8,8,19,-11,17,18,-1,1547,1558,-11,57000000,58000000,1,0,1,0
2024,1253379,8,Fecha inválida,Al Suqoor,Ohod,1,0,19,6,1,0,19,4,3,0,13,14,3,2.8,0.6,4,3,4,3,2,3,0.67,1.0,4,1,1,5,6,10,0,0,4,5,6,1.0,1.2,1,4,3,1,3,2,0.25,0.0,1,1,0,0,1,1,15,19,14,4,10,6,5,1,1513,1543,-30,53000000,53000000,1,0,1,1
2024,1253384,8,Fecha inválida,Al Zulfi,Al-Faisaly FC,1,0,7,1,4,2,3,5,0,0,6,3,4,0.6,0.8,4,1,1,3,1,1,0.25,0.0,10,3,1,3,8,7,2,0,9,6,4,1.2,0.8,3,2,3,3,1,2,0.5,0.33,1,1,0,0,1,1,-3,-3,5,11,-6,8,6,2,1524,1530,-6,54000000,50000000,0,2,0,0
2024,1253385,8,Fecha inválida,Abha,Jeddah Club,2,2,12,4,0,3,11,12,0,1,12,8,5,1.6,1.0,1,5,5,1,3,3,0.67,0.5,15,4,3,0,10,4,1,0,11,8,3,1.6,0.6,3,4,3,2,3,2,0.5,0.67,0,5,1,1,5,0,-3,-7,12,8,4,6,6,0,1551,1547,4,51000000,57000000,2,1,1,1
2024,1253386,8,Fecha inválida,Al-Ain,Al Jubail,0,2,6,1,3,3,5,7,0,0,6,5,3,1.0,0.6,2,2,2,2,2,1,0.0,0.25,7,2,1,4,5,9,0,1,4,3,7,0.6,1.4,2,2,3,1,1,2,0.25,0.33,0,1,1,1,1,0,-1,2,11,9,2,7,7,0,1570,1508,62,50000000,58000000,0,2,0,0
2024,1253388,9,Fecha inválida,Al Safa,Al Baten,3,2,4,1,1,5,4,11,1,0,4,2,6,0.4,1.2,1,3,3,1,1,1,0.0,0.33,9,2,3,2,8,9,0,0,5,5,7,1.0,1.4,2,5,4,1,4,3,0.25,0.33,2,1,1,1,1,2,-5,-6,11,7,4,12,12,0,1590,1526,64,50000000,56000000,2,1,0,0
2024,1253389,9,Fecha inválida,Ohod,Al Arabi SC,1,3,4,1,1,6,6,11,0,0,4,5,6,1.0,1.2,1,4,3,1,3,2,0.25,0.0,8,2,2,3,9,11,0,0,5,6,8,1.2,1.6,2,4,6,1,4,4,0.33,0.25,2,2,2,2,2,2,-4,-3,4,12,-8,6,12,-6,1543,1571,-28,53000000,51000000,0,1,1,1
2024,1253390,9,Fecha inválida,Al-Faisaly FC,Al Bukayriyah,0,1,10,3,1,4,8,8,2,0,9,6,4,1.2,0.8,3,2,3,3,1,2,0.5,0.25,6,1,3,3,3,5,0,1,2,1,5,0.2,1.0,4,1,1,2,1,1,0.0,0.25,1,2,1,1,2,1,4,2,11,7,4,5,12,-7,1530,1566,-36,50000000,56000000,2,2,0,0
2024,1253391,9,Fecha inválida,Al Jandal,Al Taee,2,3,10,3,1,3,5,8,0,3,4,2,7,0.4,1.4,3,2,3,2,1,2,0.33,0.5,11,3,2,2,6,7,0,1,7,5,7,1.0,1.4,3,3,3,1,3,3,0.33,0.5,0,1,1,1,1,0,-1,-2,8,3,5,12,11,1,1507,1542,-35,57000000,52000000,1,2,1,0
2024,1253392,9,Fecha inválida,Al-Hazm,Al Zulfi,2,1,16,5,1,1,12,6,0,0,13,8,3,1.6,0.6,2,4,3,2,3,2,0.75,0.67,10,2,4,2,4,5,0,0,6,3,4,0.6,0.8,5,1,1,3,1,1,0.4,0.0,1,1,0,0,1,1,6,7,6,5,1,11,5,6,1545,1524,21,55000000,54000000,2,0,1,0
2024,1253393,9,Fecha inválida,Jeddah Club,Al-Adalah,1,0,16,4,4,0,12,6,1,0,11,8,3,1.6,0.6,3,5,4,2,3,2,0.5,0.5,11,3,2,2,6,6,1,0,7,3,4,0.6,0.8,3,2,2,3,0,1,0.67,0.25,2,5,3,3,5,2,5,6,8,11,-3,5,12,-7,1547,1550,-3,57000000,50000000,1,1,1,0
2024,1253394,9,Fecha inválida,Al Jabalain,Al Suqoor,1,0,7,1,4,2,6,8,0,2,5,5,7,1.0,1.4,1,4,2,0,3,2,0.33,0.0,22,7,1,0,20,4,3,0,13,14,3,2.8,0.6,5,3,4,3,2,3,0.75,1.0,1,1,0,0,1,1,-15,-18,19,14,5,12,7,5,1558,1513,45,58000000,53000000,0,1,0,1
2024,1253395,9,Fecha inválida,Al Jubail,Abha,0,1,10,3,1,4,7,9,0,1,4,3,7,0.6,1.4,3,2,3,1,1,2,0.25,0.5,13,4,1,3,13,14,0,1,12,8,5,1.6,1.0,1,6,6,1,3,3,0.5,0.5,0,1,1,1,1,0,-3,-1,9,12,-3,6,6,0,1508,1551,-43,58000000,51000000,2,2,0,1
2024,1253396,9,Fecha inválida,Al Najma,Al-Ain,1,0,10,3,1,3,12,9,1,0,6,7,7,1.4,1.4,3,3,5,2,2,3,0.5,0.33,6,1,3,4,5,9,0,0,6,5,3,1.0,0.6,2,2,2,2,2,1,0.0,0.25,1,2,1,1,2,1,4,7,13,11,2,14,6,8,1592,1570,22,52000000,50000000,1,0,0,0
2024,1253397,10,Fecha inválida,Al Safa,Ohod,3,0,7,2,1,5,7,13,1,0,4,2,6,0.4,1.2,1,4,4,1,1,1,0.2,0.33,4,1,1,7,7,14,0,0,4,5,6,1.0,1.2,1,5,4,1,3,2,0.2,0.0,1,2,1,1,2,1,3,1,11,4,7,4,4,0,1590,1543,47,50000000,53000000,2,0,0,1
2024,1253398,10,Fecha inválida,Al Baten,Al Bukayriyah,0,3,9,2,3,3,10,12,0,0,5,5,7,1.0,1.4,2,6,5,1,4,3,0.25,0.25,9,2,3,3,4,5,0,1,2,1,5,0.2,1.0,5,1,1,2,1,1,0.0,0.4,2,3,1,1,3,2,0,-1,7,7,0,5,4,1,1526,1566,-40,56000000,56000000,1,2,0,0
2024,1253399,10,Fecha inválida,Al Arabi SC,Al-Faisaly FC,2,1,11,3,2,3,12,12,0,0,5,6,8,1.2,1.6,2,5,7,1,4,4,0.33,0.4,10,3,1,5,8,9,2,0,9,6,4,1.2,0.8,3,2,3,3,1,2,0.4,0.25,3,1,2,2,1,3,1,1,12,11,1,5,5,0,1571,1530,41,51000000,50000000,1,2,1,0
2024,1253400,10,Fecha inválida,Al Jandal,Al Zulfi,2,0,10,3,1,4,7,11,0,3,4,2,7,0.4,1.4,3,3,4,2,1,2,0.25,0.5,10,2,4,3,5,7,0,0,6,3,4,0.6,0.8,5,2,2,3,1,1,0.4,0.0,1,1,0,0,1,1,0,-2,8,5,3,4,4,0,1507,1524,-17,57000000,54000000,1,0,1,0
2024,1253401,10,Fecha inválida,Al-Hazm,Jeddah Club,3,0,19,6,1,1,14,7,0,0,13,8,3,1.6,0.6,2,5,4,2,3,2,0.8,0.67,19,5,4,0,13,6,1,0,11,8,3,1.6,0.6,4,5,4,2,3,2,0.6,0.5,7,1,0,0,1,7,0,0,6,8,-2,5,4,1,1545,1547,-2,55000000,57000000,2,1,1,1
2024,1253403,10,Fecha inválida,Abha,Al-Adalah,3,3,16,5,1,3,14,14,0,1,12,8,5,1.6,1.0,2,6,6,1,3,3,0.5,0.6,11,3,2,3,6,7,1,0,7,3,4,0.6,0.8,3,2,2,3,0,1,0.67,0.2,4,3,1,1,3,4,5,1,12,11,1,4,5,-1,1551,1550,1,51000000,50000000,2,1,1,0
2024,1253402,10,Fecha inválida,Al-Ain,Al Jabalain,0,1,6,1,3,5,5,10,0,0,6,5,3,1.0,0.6,2,2,2,2,2,1,0.0,0.2,10,2,4,2,7,8,0,2,5,5,7,1.0,1.4,2,4,2,0,3,2,0.5,0.0,3,4,3,3,4,3,-4,-4,11,19,-8,4,5,-1,1570,1558,12,50000000,58000000,0,0,0,0
2024,1253404,10,Fecha inválida,Al Jubail,Al Najma,1,2,10,3,1,5,7,10,0,1,4,3,7,0.6,1.4,3,2,3,1,1,2,0.2,0.5,13,4,1,3,13,9,1,0,6,7,7,1.4,1.4,4,3,5,2,2,3,0.6,0.33,0,1,1,1,1,0,-3,-7,9,13,-4,4,4,0,1508,1592,-84,58000000,52000000,2,1,0,0
2024,1253381,8,Fecha inválida,Al Bukayriyah,Al Jandal,2,1,12,3,3,3,7,5,0,1,2,1,5,0.2,1.0,6,1,2,2,1,1,0.0,0.5,13,4,1,4,9,11,0,3,4,2,7,0.4,1.4,4,3,4,2,1,2,0.4,0.5,1,1,2,2,1,1,-1,4,7,8,-1,11,10,1,1566,1507,59,56000000,57000000,2,1,0,1
2024,1253382,8,Fecha inválida,Al Arabi SC,Al Baten,2,2,14,4,2,3,14,13,0,0,5,6,8,1.2,1.6,2,6,8,1,4,4,0.5,0.4,9,2,3,4,10,15,0,0,5,5,7,1.0,1.4,2,6,6,1,4,3,0.2,0.25,2,3,0,0,3,2,5,6,12,7,5,11,11,0,1571,1526,45,51000000,56000000,1,1,1,0
2024,1253380,8,Fecha inválida,Al-Adalah,Al Najma,3,1,12,3,3,3,9,10,1,0,7,3,4,0.6,0.8,3,3,3,3,0,1,0.67,0.17,16,5,1,3,15,10,1,0,6,7,7,1.4,1.4,4,4,6,2,2,3,0.6,0.5,2,2,0,0,2,2,-4,-6,11,13,-2,10,10,0,1550,1592,-42,50000000,52000000,1,1,0,0
2024,1253409,11,Fecha inválida,Al-Faisaly FC,Al Safa,1,2,10,3,1,6,9,11,2,0,9,6,4,1.2,0.8,3,3,4,3,1,2,0.4,0.2,10,3,1,5,10,13,1,0,4,2,6,0.4,1.2,2,4,5,1,1,1,0.33,0.33,1,1,2,2,1,1,0,1,11,11,0,16,16,0,1530,1590,-60,50000000,50000000,2,2,0,0
2024,1253406,11,Fecha inválida,Al Najma,Al-Hazm,2,1,16,5,1,4,16,13,1,0,6,7,7,1.4,1.4,4,5,7,2,2,3,0.6,0.4,22,7,1,1,17,7,0,0,13,8,3,1.6,0.6,3,5,5,2,3,2,0.83,0.67,1,1,0,0,1,1,-6,-7,13,6,7,4,15,-11,1592,1545,47,52000000,55000000,1,2,0,1
2024,1253407,11,Fecha inválida,Al Jabalain,Al Taee,0,0,13,3,4,2,8,8,0,2,5,5,7,1.0,1.4,3,4,2,0,3,2,0.5,0.2,14,4,2,2,9,9,0,1,7,5,7,1.0,1.4,3,4,4,1,3,3,0.33,0.6,3,5,0,0,5,3,-1,0,19,3,16,15,21,-6,1558,1542,16,58000000,52000000,0,2,0,0
2024,1253408,11,Fecha inválida,Jeddah Club,Al Jubail,1,1,19,5,4,1,13,9,1,0,11,8,3,1.6,0.6,4,5,5,2,3,2,0.6,0.4,10,3,1,6,8,12,0,1,4,3,7,0.6,1.4,3,3,4,1,1,2,0.17,0.5,0,2,0,0,2,0,9,8,8,9,-1,16,15,1,1547,1508,39,57000000,58000000,1,2,1,0
2024,1253410,11,Fecha inválida,Al Suqoor,Al Baten,0,0,22,7,1,1,20,5,3,0,13,14,3,2.8,0.6,5,3,4,3,2,3,0.75,0.8,10,2,4,4,12,17,0,0,5,5,7,1.0,1.4,2,7,7,1,4,3,0.2,0.2,0,2,0,0,2,0,12,20,14,7,7,21,6,15,1513,1526,-13,53000000,56000000,1,1,1,0
2024,1253411,11,Fecha inválida,Al-Adalah,Al Jandal,3,2,15,4,3,3,12,11,1,0,7,3,4,0.6,0.8,3,4,4,3,0,1,0.75,0.17,13,4,1,5,10,13,0,3,4,2,7,0.4,1.4,4,4,5,2,1,2,0.4,0.4,2,2,0,0,2,2,2,4,11,8,3,6,6,0,1550,1507,43,50000000,57000000,1,1,0,1
2024,1253412,11,Fecha inválida,Al Zulfi,Abha,3,0,10,2,4,4,5,9,0,0,6,3,4,0.6,0.8,5,2,2,3,1,1,0.4,0.0,17,5,2,3,17,17,0,1,12,8,5,1.6,1.0,2,7,7,1,3,3,0.4,0.6,1,1,0,0,1,1,-7,-4,5,12,-7,17,16,1,1524,1551,-27,54000000,51000000,0,2,0,1
2024,1253413,11,Fecha inválida,Ohod,Al-Ain,1,2,4,1,1,8,7,17,0,0,4,5,6,1.0,1.2,1,5,5,1,3,2,0.2,0.0,6,1,3,6,5,11,0,0,6,5,3,1.0,0.6,2,2,2,2,2,1,0.0,0.2,3,3,4,4,3,3,-2,-4,4,11,-7,18,17,1,1543,1570,-27,53000000,50000000,0,0,1,0
2024,1253414,11,Fecha inválida,Al Bukayriyah,Al Arabi SC,0,1,15,4,3,3,9,6,0,1,2,1,5,0.2,1.0,6,2,3,2,1,1,0.25,0.5,15,4,3,3,16,15,0,0,5,6,8,1.2,1.6,2,7,9,1,4,4,0.4,0.4,0,2,2,2,2,0,0,2,7,12,-5,7,7,0,1566,1571,-5,56000000,51000000,2,1,0,1
2024,1253387,8,Fecha inválida,Al Jabalain,Al-Hazm,2,2,14,3,5,2,8,8,0,2,5,5,7,1.0,1.4,4,4,2,0,3,2,0.4,0.2,22,7,1,2,18,9,0,0,13,8,3,1.6,0.6,3,6,6,2,3,2,0.83,0.5,1,4,1,1,4,1,-8,-9,19,6,13,3,4,-1,1558,1545,13,58000000,55000000,0,2,0,1
2024,1253383,8,Fecha inválida,Al Taee,Al Safa,3,0,15,4,3,2,9,9,0,1,7,5,7,1.0,1.4,4,4,4,1,3,3,0.33,0.5,13,4,1,5,12,14,1,0,4,2,6,0.4,1.2,2,5,6,1,1,1,0.33,0.5,1,1,0,0,1,1,2,2,3,11,-8,4,5,-1,1542,1590,-48,52000000,50000000,2,2,0,0
2024,1253415,12,Fecha inválida,Al-Faisaly FC,Al Jandal,0,0,7,2,1,7,9,13,1,0,7,7,6,1.4,1.2,2,4,5,2,2,3,0.33,0.0,13,4,1,5,12,15,0,2,7,4,7,0.8,1.4,4,5,6,2,2,3,0.4,0.4,2,2,0,0,2,2,-6,-1,11,8,3,7,5,2,1530,1507,23,50000000,57000000,2,1,0,1
2024,1253416,12,Fecha inválida,Al Najma,Jeddah Club,1,0,16,5,1,4,15,14,0,2,4,6,9,1.2,1.8,3,6,7,1,3,3,0.6,0.4,17,4,5,1,13,10,0,0,11,9,4,1.8,0.8,3,6,5,1,4,3,0.4,0.4,1,1,2,2,1,1,-1,-2,13,8,5,6,6,0,1592,1547,45,52000000,57000000,1,1,0,1
2024,1253418,12,Fecha inválida,Ohod,Al Zulfi,3,2,3,1,0,9,7,18,1,0,3,5,7,1.0,1.4,1,5,6,1,3,3,0.17,0.0,12,3,3,4,8,9,1,0,5,3,5,0.6,1.0,5,2,3,2,1,1,0.6,0.0,1,1,0,0,1,1,-9,-10,4,5,-1,6,6,0,1543,1524,19,53000000,54000000,0,0,1,0
2024,1253419,12,Fecha inválida,Al-Ain,Al-Adalah,0,0,8,2,2,6,6,11,1,0,5,4,5,0.8,1.0,2,2,3,2,1,2,0.0,0.33,15,4,3,3,13,13,0,1,5,2,5,0.4,1.0,2,5,5,2,1,1,0.75,0.17,1,5,0,0,5,1,-7,-5,11,11,0,6,6,0,1570,1550,20,50000000,50000000,0,1,0,0
2024,1253417,12,Fecha inválida,Al Jubail,Al Jabalain,2,1,11,3,2,5,9,12,0,0,7,4,6,0.8,1.2,3,4,4,2,1,2,0.2,0.4,15,3,6,1,10,9,0,1,6,6,7,1.2,1.4,4,5,3,0,4,2,0.4,0.2,1,1,0,0,1,1,-4,-4,9,19,-10,7,4,3,1508,1558,-50,58000000,58000000,2,0,0,0
2024,1253420,12,Fecha inválida,Al Arabi SC,Al-Hazm,3,1,17,5,2,3,17,15,0,1,7,9,8,1.8,1.6,2,7,9,1,4,5,0.4,0.6,22,7,1,2,19,10,4,0,12,7,4,1.4,0.8,3,6,7,2,2,2,1.0,0.4,1,1,3,3,1,1,-5,-7,12,6,6,6,4,2,1571,1545,26,51000000,55000000,1,2,1,1
2024,1253421,12,Fecha inválida,Al Taee,Al Baten,5,0,18,5,3,2,12,9,0,1,7,5,7,1.0,1.4,5,4,5,1,3,3,0.5,0.5,10,2,4,4,11,16,0,1,7,7,8,1.4,1.6,3,6,7,1,4,4,0.2,0.2,4,2,2,2,2,4,8,8,3,7,-4,4,7,-3,1542,1526,16,52000000,56000000,2,1,0,0
2024,1253422,12,Fecha inválida,Abha,Al Safa,1,0,17,5,2,3,17,18,4,0,12,10,6,2.0,1.2,2,7,8,1,4,4,0.5,0.5,10,3,1,6,11,17,0,3,1,2,8,0.4,1.6,1,5,7,0,2,2,0.33,0.25,1,2,1,1,2,1,7,5,12,11,1,7,4,3,1551,1590,-39,51000000,50000000,2,2,1,0
2024,1253423,12,Fecha inválida,Al Bukayriyah,Al Suqoor,1,2,15,4,3,3,9,5,0,0,3,1,3,0.2,0.6,6,2,3,3,1,1,0.2,0.6,23,7,2,1,20,5,3,0,13,14,3,2.8,0.6,6,3,4,3,2,3,0.6,0.8,0,1,1,1,1,0,-8,-11,7,14,-7,7,8,-1,1566,1513,53,56000000,53000000,2,1,0,1
2024,1253424,13,Fecha inválida,Al Zulfi,Al-Ain,2,1,9,2,3,5,8,12,0,1,3,1,5,0.2,1.0,4,3,4,2,1,1,0.5,0.0,6,1,3,6,3,11,0,1,2,1,6,0.2,1.2,2,2,2,1,1,1,0.0,0.2,1,1,0,0,1,1,3,4,5,11,-6,5,5,0,1524,1570,-46,54000000,50000000,0,0,0,0
2024,1253425,13,Fecha inválida,Al Jabalain,Al Najma,1,0,15,3,6,1,11,9,1,0,7,6,5,1.2,1.0,4,6,4,1,4,2,0.4,0.2,19,6,1,3,16,12,0,1,7,9,7,1.8,1.4,4,6,7,2,3,4,0.67,0.5,2,1,3,3,1,2,-4,-2,19,13,6,5,7,-2,1558,1592,-34,58000000,52000000,0,1,0,0
2024,1253426,13,Fecha inválida,Jeddah Club,Al-Faisaly FC,2,3,16,4,4,2,12,10,2,0,11,8,3,1.6,0.6,3,5,5,2,3,3,0.4,0.4,5,1,2,7,6,13,0,1,4,4,7,0.8,1.4,2,4,4,1,2,2,0.17,0.0,2,2,3,3,2,2,11,9,8,11,-3,7,7,0,1547,1530,17,57000000,50000000,1,2,1,0
2024,1253427,13,Fecha inválida,Al Baten,Ohod,1,0,10,2,4,4,10,18,1,0,8,6,5,1.2,1.0,3,5,7,2,3,3,0.25,0.17,3,1,0,9,8,20,0,9,0,3,9,0.6,1.8,0,6,7,0,3,3,0.17,0.0,5,3,2,2,3,5,7,4,7,4,3,5,6,-1,1526,1543,-17,56000000,53000000,1,0,0,1
2024,1253428,13,Fecha inválida,Al Suqoor,Al Arabi SC,3,1,23,7,2,1,20,6,2,0,13,14,3,2.8,0.6,5,4,5,3,2,3,0.6,0.8,20,6,2,2,19,14,1,0,7,8,9,1.6,1.8,2,7,9,1,3,5,0.6,0.6,1,1,0,0,1,1,3,9,14,12,2,5,6,-1,1513,1571,-58,53000000,51000000,1,1,1,1
2024,1253429,13,Fecha inválida,Al-Adalah,Al Taee,2,1,16,4,4,2,13,10,1,0,8,4,3,0.8,0.6,3,5,4,2,2,1,0.75,0.17,21,6,3,1,17,6,0,0,8,5,4,1.0,0.8,6,4,5,2,3,2,0.6,0.6,7,2,2,2,2,7,-5,-8,11,3,8,7,6,1,1550,1542,8,50000000,52000000,1,2,0,0
2024,1253431,13,Fecha inválida,Al-Hazm,Al Jubail,3,1,19,6,1,3,17,12,3,0,12,8,4,1.6,0.8,3,6,7,2,2,2,1.0,0.2,13,4,1,5,11,13,0,2,6,5,8,1.0,1.6,2,5,5,1,2,3,0.33,0.5,1,1,0,0,1,1,6,7,6,9,-3,7,7,0,1545,1508,37,55000000,58000000,2,2,1,0
2024,1253430,13,Fecha inválida,Al Jandal,Abha,2,0,14,4,2,4,12,11,0,1,10,5,3,1.0,0.6,5,5,5,3,2,2,0.4,0.4,17,5,2,3,16,17,3,0,9,9,9,1.8,1.8,3,6,7,1,4,4,0.6,0.4,1,1,0,0,1,1,-3,2,8,12,-4,9,6,3,1507,1551,-44,57000000,51000000,1,2,1,1
2024,1253432,13,Fecha inválida,Al Safa,Al Bukayriyah,2,1,10,3,1,6,11,15,0,2,1,3,8,0.6,1.6,1,5,6,0,3,2,0.4,0.2,14,4,2,4,10,7,0,2,5,3,3,0.6,0.6,5,3,4,3,1,1,0.2,0.6,2,1,1,1,1,2,-4,-7,11,7,4,7,6,1,1590,1566,24,50000000,56000000,2,2,0,0
2024,1253433,14,Fecha inválida,Al Taee,Al Arabi SC,1,1,20,6,2,2,17,7,1,0,10,5,3,1.0,0.6,6,4,6,3,2,2,0.75,0.5,17,5,2,3,18,16,0,0,7,9,9,1.8,1.8,2,7,9,1,3,5,0.6,0.4,0,2,0,0,2,0,3,8,3,12,-9,5,5,0,1542,1571,-29,52000000,51000000,2,1,0,1
2024,1253435,14,Fecha inválida,Ohod,Al-Adalah,2,4,3,1,0,9,7,19,0,8,0,2,8,0.4,1.6,0,5,6,0,2,2,0.17,0.0,16,4,4,2,14,11,0,0,5,3,4,0.6,0.8,2,6,5,1,2,1,0.75,0.17,2,4,4,4,4,2,-13,-15,4,11,-7,6,6,0,1543,1550,-7,53000000,50000000,0,1,1,0
2024,1253436,14,Fecha inválida,Al Jandal,Al Jubail,2,1,17,5,2,3,13,9,1,0,10,6,4,1.2,0.8,6,4,4,3,2,2,0.6,0.4,13,4,1,5,12,12,0,1,9,7,4,1.4,0.8,2,6,5,2,2,2,0.4,0.4,1,1,0,0,1,1,4,4,8,9,-1,6,6,0,1507,1508,-1,57000000,58000000,1,2,1,0
2024,1253437,14,Fecha inválida,Al-Ain,Al-Hazm,2,1,6,1,3,6,4,12,0,0,2,1,7,0.2,1.4,2,3,3,1,1,1,0.0,0.17,19,6,1,3,19,13,2,0,12,9,5,1.8,1.0,2,7,8,1,3,3,1.0,0.2,1,1,2,2,1,1,-13,-14,11,6,5,8,6,2,1570,1545,25,50000000,55000000,0,2,0,1
2024,1253438,14,Fecha inválida,Al Safa,Al Zulfi,0,0,13,4,1,5,13,15,0,1,4,6,9,1.2,1.8,1,6,7,0,4,3,0.5,0.25,12,3,3,4,10,10,0,0,6,2,2,0.4,0.4,4,4,4,3,1,0,0.6,0.0,0,2,0,0,2,0,1,-2,11,5,6,6,8,-2,1590,1524,66,50000000,54000000,2,0,0,0
2024,1253439,14,Fecha inválida,Al Baten,Al-Faisaly FC,3,1,10,2,4,4,9,17,0,1,5,6,7,1.2,1.4,4,4,6,2,3,3,0.4,0.0,8,2,2,6,9,14,1,0,4,4,7,0.8,1.4,2,5,5,1,2,2,0.17,0.25,6,6,3,3,6,6,2,-3,7,11,-4,8,8,0,1526,1530,-4,56000000,50000000,1,2,0,0
2024,1253440,14,Fecha inválida,Abha,Al Jabalain,1,1,14,4,2,4,14,18,2,0,7,9,10,1.8,2.0,3,5,6,1,4,4,0.5,0.33,15,3,6,1,10,8,0,0,7,5,4,1.0,0.8,5,5,3,2,3,1,0.4,0.2,2,3,2,2,3,2,-1,-6,12,19,-7,7,9,-2,1551,1558,-7,51000000,58000000,2,0,1,0
2024,1253441,14,Fecha inválida,Al Bukayriyah,Al Najma,2,0,14,4,2,4,10,7,0,1,8,3,1,0.6,0.2,5,3,4,4,0,0,0.2,0.6,19,6,1,3,15,11,1,0,10,9,5,1.8,1.0,4,5,6,3,2,3,0.8,0.4,1,2,1,1,2,1,-5,-1,7,13,-6,7,9,-2,1566,1592,-26,56000000,52000000,2,1,0,0
2024,1253446,15,Fecha inválida,Al Jabalain,Al Jandal,1,0,15,3,6,1,9,7,0,0,9,4,2,0.8,0.4,5,5,2,3,2,0,0.4,0.2,17,5,2,3,14,10,0,0,10,7,4,1.4,0.8,5,5,5,3,2,2,0.67,0.25,2,1,1,1,1,2,-2,-2,19,8,11,14,15,-1,1558,1507,51,58000000,57000000,0,1,0,1
2024,1253443,15,Fecha inválida,Al-Hazm,Al Bukayriyah,0,3,16,5,1,4,18,14,1,0,12,10,4,2.0,0.8,2,7,8,2,2,3,1.0,0.0,17,5,2,3,12,6,0,0,11,6,0,1.2,0.0,6,3,4,5,0,1,0.4,0.6,2,1,1,1,1,2,-1,-2,6,7,-1,17,16,1,1545,1566,-21,55000000,56000000,2,2,1,0
2024,1253442,15,Fecha inválida,Al Zulfi,Al Taee,2,3,12,3,3,4,10,10,0,0,5,3,4,0.6,0.8,4,4,4,2,2,1,0.75,0.0,18,5,3,2,17,8,0,1,10,7,5,1.4,1.0,5,5,6,2,3,3,0.6,0.4,0,1,1,1,1,0,-6,-9,5,3,2,17,19,-2,1524,1542,-18,54000000,52000000,0,2,0,0
2024,1253444,15,Fecha inválida,Jeddah Club,Al-Ain,1,1,13,3,4,3,11,13,1,0,9,7,5,1.4,1.0,2,6,5,1,4,3,0.2,0.4,8,2,2,6,5,12,0,0,1,0,7,0.0,1.4,2,3,4,1,0,1,0.2,0.2,2,4,4,4,4,2,5,5,8,11,-3,26,18,8,1547,1570,-23,57000000,50000000,1,0,1,0
2024,1253445,15,Fecha inválida,Al Arabi SC,Al Safa,2,2,17,5,2,3,17,15,0,1,9,9,8,1.8,1.6,2,7,8,1,3,5,0.75,0.33,14,4,2,4,13,14,0,0,7,9,8,1.8,1.6,2,6,7,1,4,4,0.5,0.25,1,2,1,1,2,1,3,3,12,11,1,20,18,2,1571,1590,-19,51000000,50000000,1,2,1,0
2024,1253447,15,Fecha inválida,Al-Adalah,Al Baten,4,0,18,5,3,2,18,13,0,1,5,6,7,1.2,1.4,1,7,6,0,3,2,0.75,0.33,13,3,4,3,11,16,0,0,5,5,8,1.0,1.6,4,4,6,2,2,3,0.6,0.0,3,3,1,1,3,3,5,10,11,7,4,19,18,1,1550,1526,24,50000000,56000000,1,1,0,0
2024,1253448,15,Fecha inválida,Al-Faisaly FC,Al Suqoor,3,2,5,1,2,7,9,17,0,1,1,3,8,0.6,1.6,1,6,6,0,2,2,0.0,0.2,23,7,2,1,19,7,1,0,13,13,4,2.6,0.8,4,5,5,2,3,3,0.6,0.8,1,1,0,0,1,1,-18,-20,11,14,-3,19,26,-7,1530,1513,17,50000000,53000000,2,1,0,1
2024,1253449,15,Fecha inválida,Al Najma,Abha,3,0,16,5,1,4,14,13,0,1,10,10,6,2.0,1.2,3,5,6,2,3,4,0.8,0.2,12,3,3,4,14,19,1,0,7,9,10,1.8,2.0,2,6,6,1,4,4,0.4,0.2,1,1,0,0,1,1,4,6,13,12,1,18,18,0,1592,1551,41,52000000,51000000,1,2,0,1
2024,1253450,15,Fecha inválida,Al Jubail,Ohod,0,0,13,4,1,5,13,13,2,0,9,7,4,1.4,0.8,2,7,6,2,2,2,0.4,0.4,3,1,0,9,9,22,0,7,0,3,10,0.6,2.0,0,6,7,0,3,3,0.17,0.0,0,2,0,0,2,0,10,13,9,4,5,20,20,0,1508,1543,-35,58000000,53000000,2,0,0,1
2024,1253452,16,Fecha inválida,Al Bukayriyah,Al Zulfi,1,0,19,6,1,3,15,6,0,0,13,8,1,1.6,0.2,6,3,5,4,1,2,0.4,0.8,11,3,2,5,11,12,0,1,4,2,5,0.4,1.0,4,4,5,2,1,1,0.6,0.0,1,1,0,0,1,1,8,10,7,5,2,6,6,0,1566,1524,42,56000000,54000000,2,0,0,0
2024,1253451,16,Fecha inválida,Al Jandal,Al-Hazm,1,2,16,5,1,4,14,11,2,0,9,8,6,1.6,1.2,4,5,5,2,3,3,0.8,0.2,13,4,1,5,17,17,0,1,9,10,6,2.0,1.2,1,7,9,1,3,4,0.8,0.0,0,1,1,1,1,0,3,3,8,6,2,8,6,2,1507,1545,-38,57000000,55000000,1,2,1,1
2024,1253453,16,Fecha inválida,Al Safa,Al Jabalain,3,2,14,4,2,4,14,15,0,2,9,10,8,2.0,1.6,2,6,8,1,4,5,0.5,0.25,17,4,5,1,9,6,0,0,9,3,1,0.6,0.2,6,4,2,4,1,0,0.6,0.2,2,1,1,1,1,2,-3,-4,11,19,-8,5,9,-4,1590,1558,32,50000000,58000000,2,0,0,0
2024,1253454,16,Fecha inválida,Al Arabi SC,Jeddah Club,2,0,18,5,3,2,18,14,1,0,10,10,7,2.0,1.4,2,7,8,1,3,5,0.6,0.4,11,2,5,3,10,13,0,0,9,6,4,1.2,0.8,2,6,4,2,3,2,0.17,0.25,3,3,0,0,3,3,7,7,12,8,4,6,6,0,1571,1547,24,51000000,57000000,1,1,1,1
2024,1253456,16,Fecha inválida,Ohod,Al Najma,1,1,4,1,1,8,8,20,0,6,0,2,11,0.4,2.2,1,5,6,0,2,3,0.17,0.0,19,6,1,3,15,10,0,0,10,9,6,1.8,1.2,4,4,6,2,3,4,1.0,0.2,1,3,0,0,3,1,-15,-17,4,13,-9,4,5,-1,1543,1592,-49,53000000,52000000,0,1,1,0
2024,1253455,16,Fecha inválida,Al Suqoor,Al-Adalah,2,2,20,6,2,2,17,10,0,0,13,10,4,2.0,0.8,3,6,5,2,3,2,0.6,0.6,21,6,3,1,22,12,0,0,8,9,7,1.8,1.4,2,7,7,0,4,3,0.8,0.4,0,2,0,0,2,0,-1,-3,14,11,3,5,5,0,1513,1550,-37,53000000,50000000,1,1,1,0
2024,1253457,16,Fecha inválida,Al Baten,Al Jubail,1,0,12,3,3,4,11,20,1,0,5,7,10,1.4,2.0,3,4,7,1,3,4,0.6,0.0,11,3,2,5,10,12,1,0,6,5,5,1.0,1.0,3,6,5,2,2,2,0.2,0.4,1,1,0,0,1,1,1,-7,7,9,-2,6,5,1,1526,1508,18,56000000,58000000,1,2,0,0
2024,1253458,16,Fecha inválida,Al Taee,Abha,2,1,21,6,3,1,19,8,1,0,11,6,3,1.2,0.6,5,5,6,3,2,2,0.75,0.5,9,2,3,5,11,21,0,2,5,9,12,1.8,2.4,2,5,6,1,4,4,0.25,0.17,4,2,4,4,2,4,12,21,3,12,-9,8,6,2,1542,1551,-9,52000000,51000000,2,2,0,1
2024,1253459,16,Fecha inválida,Al-Ain,Al-Faisaly FC,1,1,8,2,2,6,6,13,0,5,0,0,8,0.0,1.6,1,4,4,0,0,1,0.25,0.17,8,2,2,6,11,16,0,0,1,3,7,0.6,1.4,1,6,6,0,2,2,0.17,0.25,1,4,3,3,4,1,0,-2,11,11,0,7,6,1,1570,1530,40,50000000,50000000,0,2,0,0
2024,1253461,17,Fecha inválida,Al-Hazm,Al Safa,0,0,16,5,1,4,19,16,3,0,10,12,6,2.4,1.2,1,8,10,1,4,5,0.8,0.2,17,5,2,3,16,15,0,1,9,9,9,1.8,1.8,2,6,8,1,3,5,0.67,0.25,0,2,0,0,2,0,-1,2,6,11,-5,5,4,1,1545,1590,-45,55000000,50000000,2,2,1,0
2024,1253460,17,Fecha inválida,Al Najma,Al Jandal,0,0,19,6,1,3,14,9,3,0,12,9,5,1.8,1.0,4,4,5,2,3,4,1.0,0.2,13,4,1,5,13,12,1,0,6,8,8,1.6,1.6,4,5,5,2,3,3,0.67,0.0,1,2,1,1,2,1,6,4,13,8,5,3,5,-2,1592,1507,85,52000000,57000000,1,1,0,1
2024,1253462,17,Fecha inválida,Jeddah Club,Al Bukayriyah,0,0,10,2,4,4,9,14,1,0,8,5,6,1.0,1.2,2,5,4,2,2,3,0.2,0.2,21,7,0,3,16,6,4,0,12,8,2,1.6,0.4,6,3,5,3,1,2,0.6,0.8,3,3,2,2,3,3,-11,-15,8,7,1,4,5,-1,1547,1566,-19,57000000,56000000,1,2,1,0
2024,1253463,17,Fecha inválida,Al Zulfi,Al Suqoor,0,0,11,3,2,5,11,12,0,0,7,5,4,1.0,0.8,4,4,5,3,1,2,0.75,0.0,20,6,2,2,18,11,4,0,12,9,4,1.8,0.8,3,6,6,2,2,2,0.6,0.6,0,2,0,0,2,0,-9,-8,5,14,-9,6,4,2,1524,1513,11,54000000,53000000,0,1,0,1
2024,1253464,17,Fecha inválida,Al Jabalain,Al Baten,0,0,16,4,4,2,10,8,0,0,9,4,2,0.8,0.4,6,4,3,4,1,1,0.6,0.2,12,3,3,4,9,18,0,0,3,4,8,0.8,1.6,4,3,6,2,2,3,0.6,0.0,0,6,0,0,6,0,4,11,19,7,12,5,4,1,1558,1526,32,58000000,56000000,0,1,0,0
2024,1253465,17,Fecha inválida,Al-Adalah,Al Arabi SC,0,0,21,6,3,1,23,13,1,0,10,11,8,2.2,1.6,2,7,8,0,4,4,1.0,0.33,18,5,3,2,17,14,0,1,10,8,7,1.6,1.4,2,7,7,1,3,4,0.6,0.4,1,3,0,0,3,1,3,7,11,12,-1,5,5,0,1550,1571,-21,50000000,51000000,1,1,0,1
2024,1253466,17,Fecha inválida,Al-Faisaly FC,Ohod,0,0,8,2,2,6,10,15,0,5,0,2,7,0.4,1.4,1,6,5,0,2,2,0.2,0.2,5,1,2,7,8,19,0,5,0,2,11,0.4,2.2,1,5,5,0,2,3,0.17,0.0,6,3,1,1,3,6,3,6,11,4,7,4,5,-1,1530,1543,-13,50000000,53000000,2,0,0,1
2024,1253467,17,Fecha inválida,Abha,Al-Ain,0,0,9,2,3,5,10,20,0,1,5,7,12,1.4,2.4,2,5,6,1,3,4,0.25,0.17,9,2,3,5,7,11,0,4,3,2,6,0.4,1.2,1,5,3,0,1,1,0.2,0.2,2,2,0,0,2,2,0,-6,12,11,1,5,5,0,1551,1570,-19,51000000,50000000,2,0,1,0
2024,1253468,17,Fecha inválida,Al Jubail,Al Taee,0,0,8,2,2,6,9,13,0,1,4,5,6,1.0,1.2,2,6,5,1,3,2,0.2,0.2,21,6,3,1,19,8,0,0,11,7,2,1.4,0.4,5,5,6,4,1,2,0.75,0.5,0,2,0,0,2,0,-13,-15,9,3,6,5,5,0,1508,1542,-34,58000000,52000000,2,2,0,0
2024,1330277,18,Fecha inválida,Al Bukayriyah,Al-Adalah,0,0,19,6,1,3,14,6,3,0,9,7,4,1.4,0.8,6,3,5,2,2,3,0.6,0.6,21,6,3,1,23,13,1,0,10,11,8,2.2,1.6,2,7,8,0,4,4,1.0,0.33,0,4,2,2,4,0,-2,-2,7,11,-4,5,9,-4,1566,1550,16,56000000,50000000,2,1,0,0
2024,1330278,18,Fecha inválida,Al Taee,Al Najma,0,0,21,6,3,1,19,8,0,0,11,7,2,1.4,0.4,5,5,6,4,1,2,0.75,0.5,17,5,2,3,11,9,2,0,12,7,5,1.4,1.0,4,4,4,2,3,3,0.8,0.2,0,1,1,1,1,0,4,9,3,13,-10,9,6,3,1542,1592,-50,52000000,52000000,2,1,0,0
2024,1330279,18,Fecha inválida,Al Suqoor,Abha,0,0,20,6,2,2,18,11,4,0,12,9,4,1.8,0.8,3,6,6,2,2,2,0.6,0.6,9,2,3,5,10,20,0,1,5,7,12,1.4,2.4,2,5,6,1,3,4,0.25,0.17,1,1,0,0,1,1,11,17,14,12,2,10,9,1,1513,1551,-38,53000000,51000000,1,2,1,1
2024,1330280,18,Fecha inválida,Al Baten,Al-Ain,0,0,12,3,3,4,9,18,0,0,3,4,8,0.8,1.6,4,3,6,2,2,3,0.6,0.0,9,2,3,5,7,11,0,4,3,2,6,0.4,1.2,1,5,3,0,1,1,0.2,0.2,4,4,0,0,4,4,3,-5,7,11,-4,10,9,1,1526,1570,-44,56000000,50000000,1,0,0,0
2024,1330281,18,Fecha inválida,Ohod,Al-Hazm,0,0,5,1,2,7,8,19,0,5,0,2,11,0.4,2.2,1,5,5,0,2,3,0.17,0.0,14,4,2,4,15,15,2,0,7,9,8,1.8,1.6,2,7,9,1,4,5,0.6,0.2,3,4,3,3,4,3,-9,-11,4,6,-2,11,7,4,1543,1545,-2,53000000,55000000,0,2,1,1
2024,1330282,18,Fecha inválida,Al Safa,Al Jubail,0,0,18,5,3,2,15,12,3,0,9,8,7,1.6,1.4,3,5,7,1,2,4,0.8,0.2,8,2,2,6,9,13,0,1,4,5,6,1.0,1.2,2,6,5,1,3,2,0.2,0.2,1,1,0,0,1,1,10,7,11,9,2,7,10,-3,1590,1508,82,50000000,58000000,2,2,0,0
2024,1330283,18,Fecha inválida,Al-Faisaly FC,Al Jabalain,0,0,8,2,2,6,10,15,0,5,0,2,7,0.4,1.4,1,6,5,0,2,2,0.2,0.2,16,4,4,2,10,8,0,0,9,4,2,0.8,0.4,6,4,3,4,1,1,0.6,0.2,4,2,0,0,2,4,-8,-7,11,19,-8,10,12,-2,1530,1558,-28,50000000,58000000,2,0,0,0
2024,1330284,18,Fecha inválida,Al Jandal,Jeddah Club,0,0,11,3,2,5,12,12,0,1,4,7,8,1.4,1.6,4,5,5,2,3,3,0.6,0.0,8,1,5,4,7,13,0,0,6,4,6,0.8,1.2,3,4,3,2,2,2,0.17,0.0,1,1,2,2,1,1,3,6,8,8,0,8,7,1,1507,1547,-40,57000000,57000000,1,1,1,1
2024,1330285,18,Fecha inválida,Al Arabi SC,Al Zulfi,0,0,18,5,3,2,17,14,0,1,10,8,7,1.6,1.4,2,7,7,1,3,4,0.6,0.4,11,3,2,5,11,12,0,0,7,5,4,1.0,0.8,4,4,5,3,1,2,0.75,0.0,0,2,0,0,2,0,7,4,12,5,7,12,13,-1,1571,1524,47,51000000,54000000,1,0,1,0
2024,1253405,10,Fecha inválida,Al Taee,Al Suqoor,0,0,21,6,3,1,19,8,0,0,11,7,2,1.4,0.4,5,5,6,4,1,2,0.75,0.5,20,6,2,2,18,11,4,0,12,9,4,1.8,0.8,3,6,6,2,2,2,0.6,0.6,0,2,0,0,2,0,1,4,3,14,-11,13,13,0,1542,1513,29,52000000,53000000,2,1,0,1
2024,1330286,19,Fecha inválida,Al-Hazm,Al Baten,0,0,14,4,2,4,15,15,2,0,7,9,8,1.8,1.6,2,7,9,1,4,5,0.6,0.2,12,3,3,4,9,18,0,0,3,4,8,0.8,1.6,4,3,6,2,2,3,0.6,0.0,2,2,3,3,2,2,2,9,6,7,-1,12,15,-3,1545,1526,19,55000000,56000000,2,1,1,0
2024,1330287,19,Fecha inválida,Al-Ain,Al Safa,0,0,9,2,3,5,7,11,0,4,3,2,6,0.4,1.2,1,5,3,0,1,1,0.2,0.2,18,5,3,2,15,12,3,0,9,8,7,1.6,1.4,3,5,7,1,2,4,0.8,0.2,2,2,0,0,2,2,-9,-7,11,11,0,15,12,3,1570,1590,-20,50000000,50000000,0,2,0,0
2024,1330288,19,Fecha inválida,Al Jubail,Al Bukayriyah,0,0,8,2,2,6,9,13,0,1,4,5,6,1.0,1.2,2,6,5,1,3,2,0.2,0.2,19,6,1,3,14,6,3,0,9,7,4,1.4,0.8,6,3,5,2,2,3,0.6,0.6,0,2,0,0,2,0,-11,-12,9,7,2,15,11,4,1508,1566,-58,58000000,56000000,2,2,0,0
2024,1330290,19,Fecha inválida,Abha,Al Arabi SC,0,0,9,2,3,5,10,20,0,1,5,7,12,1.4,2.4,2,5,6,1,3,4,0.25,0.17,18,5,3,2,17,14,0,1,10,8,7,1.6,1.4,2,7,7,1,3,4,0.6,0.4,2,1,0,0,1,2,-9,-13,12,12,0,16,17,-1,1551,1571,-20,51000000,51000000,2,1,1,1
2024,1330289,19,Fecha inválida,Al Jabalain,Ohod,0,0,16,4,4,2,10,8,0,0,9,4,2,0.8,0.4,6,4,3,4,1,1,0.6,0.2,5,1,2,7,8,19,0,5,0,2,11,0.4,2.2,1,5,5,0,2,3,0.17,0.0,3,6,3,3,6,3,11,13,19,4,15,17,17,0,1558,1543,15,58000000,53000000,0,0,0,1
2024,1330291,19,Fecha inválida,Al-Adalah,Al-Faisaly FC,0,0,21,6,3,1,23,13,1,0,10,11,8,2.2,1.6,2,7,8,0,4,4,1.0,0.33,8,2,2,6,10,15,0,5,0,2,7,0.4,1.4,1,6,5,0,2,2,0.2,0.2,1,1,5,5,1,1,13,15,11,11,0,17,16,1,1550,1530,20,50000000,50000000,1,2,0,0
2024,1330292,19,Fecha inválida,Al Najma,Al Zulfi,0,0,17,5,2,3,11,9,2,0,12,7,5,1.4,1.0,4,4,4,2,3,3,0.8,0.2,11,3,2,5,11,12,0,0,7,5,4,1.0,0.8,4,4,5,3,1,2,0.75,0.0,0,1,1,1,1,0,6,3,13,5,8,14,19,-5,1592,1524,68,52000000,54000000,1,0,0,0
2024,1330293,19,Fecha inválida,Al Jandal,Al Suqoor,0,0,11,3,2,5,12,12,0,1,4,7,8,1.4,1.6,4,5,5,2,3,3,0.6,0.0,20,6,2,2,18,11,4,0,12,9,4,1.8,0.8,3,6,6,2,2,2,0.6,0.6,0,1,1,1,1,0,-9,-7,8,14,-6,14,17,-3,1507,1513,-6,57000000,53000000,1,1,1,1
2024,1330294,19,Fecha inválida,Jeddah Club,Al Taee,0,0,8,1,5,4,7,13,0,0,6,4,6,0.8,1.2,3,4,3,2,2,2,0.17,0.0,21,6,3,1,19,8,0,0,11,7,2,1.4,0.4,5,5,6,4,1,2,0.75,0.5,2,4,4,4,4,2,-13,-17,8,3,5,14,17,-3,1547,1542,5,57000000,52000000,1,2,1,0
2024,1330295,20,Fecha inválida,Al Bukayriyah,Al Jabalain,0,0,19,6,1,3,14,6,3,0,9,7,4,1.4,0.8,6,3,5,2,2,3,0.6,0.6,16,4,4,2,10,8,0,0,9,4,2,0.8,0.4,6,4,3,4,1,1,0.6,0.2,2,2,4,4,2,2,3,6,7,19,-12,18,23,-5,1566,1558,8,56000000,58000000,2,0,0,0
2024,1330296,20,Fecha inválida,Ohod,Abha,0,0,5,1,2,7,8,19,0,5,0,2,11,0.4,2.2,1,5,5,0,2,3,0.17,0.0,9,2,3,5,10,20,0,1,5,7,12,1.4,2.4,2,5,6,1,3,4,0.25,0.17,0,1,1,1,1,0,-4,-1,4,12,-8,23,22,1,1543,1551,-8,53000000,51000000,0,2,1,1
2024,1330297,20,Fecha inválida,Al Safa,Al-Adalah,0,0,18,5,3,2,15,12,3,0,9,8,7,1.6,1.4,3,5,7,1,2,4,0.8,0.2,21,6,3,1,23,13,1,0,10,11,8,2.2,1.6,2,7,8,0,4,4,1.0,0.33,1,2,1,1,2,1,-3,-7,11,11,0,19,23,-4,1590,1550,40,50000000,50000000,2,1,0,0
2024,1330298,20,Fecha inválida,Al Taee,Al-Ain,0,0,21,6,3,1,19,8,0,0,11,7,2,1.4,0.4,5,5,6,4,1,2,0.75,0.5,9,2,3,5,7,11,0,4,3,2,6,0.4,1.2,1,5,3,0,1,1,0.2,0.2,1,2,1,1,2,1,12,15,3,11,-8,23,23,0,1542,1570,-28,52000000,50000000,2,0,0,0
2024,1330299,20,Fecha inválida,Al Suqoor,Al Jubail,0,0,20,6,2,2,18,11,4,0,12,9,4,1.8,0.8,3,6,6,2,2,2,0.6,0.6,8,2,2,6,9,13,0,1,4,5,6,1.0,1.2,2,6,5,1,3,2,0.2,0.2,1,1,0,0,1,1,12,11,14,9,5,24,23,1,1513,1508,5,53000000,58000000,1,2,1,0
2024,1330300,20,Fecha inválida,Al-Faisaly FC,Al-Hazm,0,0,8,2,2,6,10,15,0,5,0,2,7,0.4,1.4,1,6,5,0,2,2,0.2,0.2,14,4,2,4,15,15,2,0,7,9,8,1.8,1.6,2,7,9,1,4,5,0.6,0.2,4,3,3,3,3,4,-6,-5,11,6,5,23,20,3,1530,1545,-15,50000000,55000000,2,2,0,1
2024,1330303,20,Fecha inválida,Al Baten,Al Najma,0,0,12,3,3,4,9,18,0,0,3,4,8,0.8,1.6,4,3,6,2,2,3,0.6,0.0,17,5,2,3,11,9,2,0,12,7,5,1.4,1.0,4,4,4,2,3,3,0.8,0.2,2,1,1,1,1,2,-5,-11,7,13,-6,24,21,3,1526,1592,-66,56000000,52000000,1,1,0,0
2024,1330302,20,Fecha inválida,Al Arabi SC,Al Jandal,0,0,18,5,3,2,17,14,0,1,10,8,7,1.6,1.4,2,7,7,1,3,4,0.6,0.4,11,3,2,5,12,12,0,1,4,7,8,1.4,1.6,4,5,5,2,3,3,0.6,0.0,2,1,1,1,1,2,7,3,12,8,4,25,21,4,1571,1507,64,51000000,57000000,1,1,1,1
2024,1330301,20,Fecha inválida,Al Zulfi,Jeddah Club,0,0,11,3,2,5,11,12,0,0,7,5,4,1.0,0.8,4,4,5,3,1,2,0.75,0.0,8,1,5,4,7,13,0,0,6,4,6,0.8,1.2,3,4,3,2,2,2,0.17,0.0,0,1,1,1,1,0,3,5,5,8,-3,26,20,6,1524,1547,-23,54000000,57000000,0,1,0,1
2024,1330304,21,Fecha inválida,Al-Hazm,Al Taee,0,0,14,4,2,4,15,15,2,0,7,9,8,1.8,1.6,2,7,9,1,4,5,0.6,0.2,21,6,3,1,19,8,0,0,11,7,2,1.4,0.4,5,5,6,4,1,2,0.75,0.5,3,4,5,5,4,3,-7,-11,6,3,3,26,29,-3,1545,1542,3,55000000,52000000,2,2,1,0
2024,1330305,21,Fecha inválida,Al-Ain,Al Suqoor,0,0,9,2,3,5,7,11,0,4,3,2,6,0.4,1.2,1,5,3,0,1,1,0.2,0.2,20,6,2,2,18,11,4,0,12,9,4,1.8,0.8,3,6,6,2,2,2,0.6,0.6,0,2,0,0,2,0,-11,-11,11,14,-3,29,30,-1,1570,1513,57,50000000,53000000,0,1,0,1
2024,1330306,21,Fecha inválida,Jeddah Club,Al Baten,0,0,8,1,5,4,7,13,0,0,6,4,6,0.8,1.2,3,4,3,2,2,2,0.17,0.0,12,3,3,4,9,18,0,0,3,4,8,0.8,1.6,4,3,6,2,2,3,0.6,0.0,2,2,2,2,2,2,-4,3,8,7,1,26,29,-3,1547,1526,21,57000000,56000000,1,1,1,0
2024,1330307,21,Fecha inválida,Abha,Al Bukayriyah,0,0,9,2,3,5,10,20,0,1,5,7,12,1.4,2.4,2,5,6,1,3,4,0.25,0.17,19,6,1,3,14,6,3,0,9,7,4,1.4,0.8,6,3,5,2,2,3,0.6,0.6,2,1,0,0,1,2,-10,-18,12,7,5,30,26,4,1551,1566,-15,51000000,56000000,2,2,1,0
2024,1330308,21,Fecha inválida,Al Jabalain,Al Arabi SC,0,0,16,4,4,2,10,8,0,0,9,4,2,0.8,0.4,6,4,3,4,1,1,0.6,0.2,18,5,3,2,17,14,0,1,10,8,7,1.6,1.4,2,7,7,1,3,4,0.6,0.4,0,4,2,2,4,0,-2,-1,19,12,7,31,31,0,1558,1571,-13,58000000,51000000,0,1,0,1
2024,1330309,21,Fecha inválida,Al-Adalah,Al Zulfi,0,0,21,6,3,1,23,13,1,0,10,11,8,2.2,1.6,2,7,8,0,4,4,1.0,0.33,11,3,2,5,11,12,0,0,7,5,4,1.0,0.8,4,4,5,3,1,2,0.75,0.0,0,2,0,0,2,0,10,11,11,5,6,31,32,-1,1550,1524,26,50000000,54000000,1,0,0,0
2024,1330310,21,Fecha inválida,Al Najma,Al Safa,0,0,17,5,2,3,11,9,2,0,12,7,5,1.4,1.0,4,4,4,2,3,3,0.8,0.2,18,5,3,2,15,12,3,0,9,8,7,1.6,1.4,3,5,7,1,2,4,0.8,0.2,1,3,0,0,3,1,-1,-1,13,11,2,28,28,0,1592,1590,2,52000000,50000000,1,2,0,0
2024,1330311,21,Fecha inválida,Al Jandal,Ohod,0,0,11,3,2,5,12,12,0,1,4,7,8,1.4,1.6,4,5,5,2,3,3,0.6,0.0,5,1,2,7,8,19,0,5,0,2,11,0.4,2.2,1,5,5,0,2,3,0.17,0.0,1,2,1,1,2,1,6,11,8,4,4,28,32,-4,1507,1543,-36,57000000,53000000,1,0,1,1
2024,1330312,21,Fecha inválida,Al Jubail,Al-Faisaly FC,0,0,8,2,2,6,9,13,0,1,4,5,6,1.0,1.2,2,6,5,1,3,2,0.2,0.2,8,2,2,6,10,15,0,5,0,2,7,0.4,1.4,1,6,5,0,2,2,0.2,0.2,0,1,1,1,1,0,0,1,9,11,-2,31,31,0,1508,1530,-22,58000000,50000000,2,2,0,0
2024,1253434,14,Fecha inválida,Al Suqoor,Jeddah Club,0,0,20,6,2,2,18,11,4,0,12,9,4,1.8,0.8,3,6,6,2,2,2,0.6,0.6,8,1,5,4,7,13,0,0,6,4,6,0.8,1.2,3,4,3,2,2,2,0.17,0.0,0,2,0,0,2,0,12,13,14,8,6,34,29,5,1513,1547,-34,53000000,57000000,1,1,1,1
2024,1330313,22,Fecha inválida,Al Zulfi,Al Jabalain,0,0,11,3,2,5,11,12,0,0,7,5,4,1.0,0.8,4,4,5,3,1,2,0.75,0.0,16,4,4,2,10,8,0,0,9,4,2,0.8,0.4,6,4,3,4,1,1,0.6,0.2,0,2,0,0,2,0,-5,-3,5,19,-14,38,37,1,1524,1558,-34,54000000,58000000,0,0,0,0
2024,1330314,22,Fecha inválida,Al Bukayriyah,Al-Ain,0,0,19,6,1,3,14,6,3,0,9,7,4,1.4,0.8,6,3,5,2,2,3,0.6,0.6,9,2,3,5,7,11,0,4,3,2,6,0.4,1.2,1,5,3,0,1,1,0.2,0.2,1,4,1,1,4,1,10,12,7,11,-4,32,36,-4,1566,1570,-4,56000000,50000000,2,0,0,0
2024,1330315,22,Fecha inválida,Al-Adalah,Al-Hazm,0,0,21,6,3,1,23,13,1,0,10,11,8,2.2,1.6,2,7,8,0,4,4,1.0,0.33,14,4,2,4,15,15,2,0,7,9,8,1.8,1.6,2,7,9,1,4,5,0.6,0.2,3,2,3,3,2,3,7,10,11,6,5,37,33,4,1550,1545,5,50000000,55000000,1,2,0,1
2024,1330316,22,Fecha inválida,Al Arabi SC,Al Jubail,0,0,18,5,3,2,17,14,0,1,10,8,7,1.6,1.4,2,7,7,1,3,4,0.6,0.4,8,2,2,6,9,13,0,1,4,5,6,1.0,1.2,2,6,5,1,3,2,0.2,0.2,0,1,1,1,1,0,10,7,12,9,3,38,37,1,1571,1508,63,51000000,58000000,1,2,1,0
2024,1330317,22,Fecha inválida,Al Suqoor,Al Najma,0,0,20,6,2,2,18,11,4,0,12,9,4,1.8,0.8,3,6,6,2,2,2,0.6,0.6,17,5,2,3,11,9,2,0,12,7,5,1.4,1.0,4,4,4,2,3,3,0.8,0.2,1,1,0,0,1,1,3,5,14,13,1,38,34,4,1513,1592,-79,53000000,52000000,1,1,1,0
2024,1330318,22,Fecha inválida,Al-Faisaly FC,Abha,0,0,8,2,2,6,10,15,0,5,0,2,7,0.4,1.4,1,6,5,0,2,2,0.2,0.2,9,2,3,5,10,20,0,1,5,7,12,1.4,2.4,2,5,6,1,3,4,0.25,0.17,4,2,2,2,2,4,-1,5,11,12,-1,37,37,0,1530,1551,-21,50000000,51000000,2,2,0,1
2024,1330319,22,Fecha inválida,Al Baten,Al Jandal,0,0,12,3,3,4,9,18,0,0,3,4,8,0.8,1.6,4,3,6,2,2,3,0.6,0.0,11,3,2,5,12,12,0,1,4,7,8,1.4,1.6,4,5,5,2,3,3,0.6,0.0,2,2,0,0,2,2,1,-9,7,8,-1,38,35,3,1526,1507,19,56000000,57000000,1,1,0,1
2024,1330320,22,Fecha inválida,Ohod,Al Taee,0,0,5,1,2,7,8,19,0,5,0,2,11,0.4,2.2,1,5,5,0,2,3,0.17,0.0,21,6,3,1,19,8,0,0,11,7,2,1.4,0.4,5,5,6,4,1,2,0.75,0.5,2,5,1,1,5,2,-16,-22,4,3,1,39,38,1,1543,1542,1,53000000,52000000,0,2,1,0
2024,1330321,22,Fecha inválida,Al Safa,Jeddah Club,0,0,18,5,3,2,15,12,3,0,9,8,7,1.6,1.4,3,5,7,1,2,4,0.8,0.2,8,1,5,4,7,13,0,0,6,4,6,0.8,1.2,3,4,3,2,2,2,0.17,0.0,0,4,2,2,4,0,10,9,11,8,3,35,34,1,1590,1547,43,50000000,57000000,2,1,0,1
2024,1330322,23,Fecha inválida,Al-Hazm,Al Suqoor,0,0,14,4,2,4,15,15,2,0,7,9,8,1.8,1.6,2,7,9,1,4,5,0.6,0.2,20,6,2,2,18,11,4,0,12,9,4,1.8,0.8,3,6,6,2,2,2,0.6,0.6,0,1,1,1,1,0,-6,-7,6,14,-8,40,44,-4,1545,1513,32,55000000,53000000,2,1,1,1
2024,1330323,23,Fecha inválida,Al-Ain,Al Arabi SC,0,0,9,2,3,5,7,11,0,4,3,2,6,0.4,1.2,1,5,3,0,1,1,0.2,0.2,18,5,3,2,17,14,0,1,10,8,7,1.6,1.4,2,7,7,1,3,4,0.6,0.4,1,3,2,2,3,1,-9,-7,11,12,-1,43,44,-1,1570,1571,-1,50000000,51000000,0,1,0,1
2024,1330325,23,Fecha inválida,Al Taee,Al Bukayriyah,0,0,21,6,3,1,19,8,0,0,11,7,2,1.4,0.4,5,5,6,4,1,2,0.75,0.5,19,6,1,3,14,6,3,0,9,7,4,1.4,0.8,6,3,5,2,2,3,0.6,0.6,3,2,1,1,2,3,2,3,3,7,-4,44,40,4,1542,1566,-24,52000000,56000000,2,2,0,0
2024,1330324,23,Fecha inválida,Abha,Al Baten,0,0,9,2,3,5,10,20,0,1,5,7,12,1.4,2.4,2,5,6,1,3,4,0.25,0.17,12,3,3,4,9,18,0,0,3,4,8,0.8,1.6,4,3,6,2,2,3,0.6,0.0,3,1,5,5,1,3,-3,-1,12,7,5,44,44,0,1551,1526,25,51000000,56000000,2,1,1,0
2024,1330326,23,Fecha inválida,Al Jubail,Al Zulfi,0,0,8,2,2,6,9,13,0,1,4,5,6,1.0,1.2,2,6,5,1,3,2,0.2,0.2,11,3,2,5,11,12,0,0,7,5,4,1.0,0.8,4,4,5,3,1,2,0.75,0.0,1,1,0,0,1,1,-3,-3,9,5,4,44,46,-2,1508,1524,-16,58000000,54000000,2,0,0,0
2024,1330327,23,Fecha inválida,Al Najma,Al-Faisaly FC,0,0,17,5,2,3,11,9,2,0,12,7,5,1.4,1.0,4,4,4,2,3,3,0.8,0.2,8,2,2,6,10,15,0,5,0,2,7,0.4,1.4,1,6,5,0,2,2,0.2,0.2,1,2,2,2,2,1,9,7,13,11,2,41,44,-3,1592,1530,62,52000000,50000000,1,2,0,0
2024,1330328,23,Fecha inválida,Al Jabalain,Al-Adalah,0,0,16,4,4,2,10,8,0,0,9,4,2,0.8,0.4,6,4,3,4,1,1,0.6,0.2,21,6,3,1,23,13,1,0,10,11,8,2.2,1.6,2,7,8,0,4,4,1.0,0.33,4,2,4,4,2,4,-5,-8,19,11,8,46,46,0,1558,1550,8,58000000,50000000,0,1,0,0
2024,1330329,23,Fecha inválida,Al Jandal,Al Safa,0,0,11,3,2,5,12,12,0,1,4,7,8,1.4,1.6,4,5,5,2,3,3,0.6,0.0,18,5,3,2,15,12,3,0,9,8,7,1.6,1.4,3,5,7,1,2,4,0.8,0.2,2,2,0,0,2,2,-7,-3,8,11,-3,42,42,0,1507,1590,-83,57000000,50000000,1,2,1,0
2024,1330330,23,Fecha inválida,Jeddah Club,Ohod,0,0,8,1,5,4,7,13,0,0,6,4,6,0.8,1.2,3,4,3,2,2,2,0.17,0.0,5,1,2,7,8,19,0,5,0,2,11,0.4,2.2,1,5,5,0,2,3,0.17,0.0,3,6,3,3,6,3,3,5,8,4,4,42,46,-4,1547,1543,4,57000000,53000000,1,0,1,1
2024,1330332,24,Fecha inválida,Al Taee,Al-Faisaly FC,0,0,21,6,3,1,19,8,0,0,11,7,2,1.4,0.4,5,5,6,4,1,2,0.75,0.5,8,2,2,6,10,15,0,5,0,2,7,0.4,1.4,1,6,5,0,2,2,0.2,0.2,2,1,2,2,1,2,13,16,3,11,-8,49,49,0,1542,1530,12,52000000,50000000,2,2,0,0
2024,1330333,24,Fecha inválida,Al Arabi SC,Al Najma,0,0,18,5,3,2,17,14,0,1,10,8,7,1.6,1.4,2,7,7,1,3,4,0.6,0.4,17,5,2,3,11,9,2,0,12,7,5,1.4,1.0,4,4,4,2,3,3,0.8,0.2,1,1,2,2,1,1,1,1,12,13,-1,50,46,4,1571,1592,-21,51000000,52000000,1,1,1,0
2024,1330331,24,Fecha inválida,Al Zulfi,Al Baten,0,0,11,3,2,5,11,12,0,0,7,5,4,1.0,0.8,4,4,5,3,1,2,0.75,0.0,12,3,3,4,9,18,0,0,3,4,8,0.8,1.6,4,3,6,2,2,3,0.6,0.0,0,2,0,0,2,0,-1,8,5,7,-2,51,49,2,1524,1526,-2,54000000,56000000,0,1,0,0
2024,1330335,24,Fecha inválida,Al Bukayriyah,Ohod,0,0,19,6,1,3,14,6,3,0,9,7,4,1.4,0.8,6,3,5,2,2,3,0.6,0.6,5,1,2,7,8,19,0,5,0,2,11,0.4,2.2,1,5,5,0,2,3,0.17,0.0,5,2,1,1,2,5,14,19,7,4,3,47,51,-4,1566,1543,23,56000000,53000000,2,0,0,1
2024,1330336,24,Fecha inválida,Al Suqoor,Al Safa,0,0,20,6,2,2,18,11,4,0,12,9,4,1.8,0.8,3,6,6,2,2,2,0.6,0.6,18,5,3,2,15,12,3,0,9,8,7,1.6,1.4,3,5,7,1,2,4,0.8,0.2,1,1,0,0,1,1,2,4,14,11,3,51,47,4,1513,1590,-77,53000000,50000000,1,2,1,0
2024,1330334,24,Fecha inválida,Al-Ain,Al Jandal,0,0,9,2,3,5,7,11,0,4,3,2,6,0.4,1.2,1,5,3,0,1,1,0.2,0.2,11,3,2,5,12,12,0,1,4,7,8,1.4,1.6,4,5,5,2,3,3,0.6,0.0,1,1,2,2,1,1,-2,-4,11,8,3,50,47,3,1570,1507,63,50000000,57000000,0,1,0,1
2024,1330337,24,Fecha inválida,Al-Adalah,Al Jubail,0,0,21,6,3,1,23,13,1,0,10,11,8,2.2,1.6,2,7,8,0,4,4,1.0,0.33,8,2,2,6,9,13,0,1,4,5,6,1.0,1.2,2,6,5,1,3,2,0.2,0.2,1,2,0,0,2,1,13,14,11,9,2,52,51,1,1550,1508,42,50000000,58000000,1,2,0,0
2024,1330338,24,Fecha inválida,Abha,Al-Hazm,0,0,9,2,3,5,10,20,0,1,5,7,12,1.4,2.4,2,5,6,1,3,4,0.25,0.17,14,4,2,4,15,15,2,0,7,9,8,1.8,1.6,2,7,9,1,4,5,0.6,0.2,2,2,4,4,2,2,-5,-10,12,6,6,51,48,3,1551,1545,6,51000000,55000000,2,2,1,1
2024,1330339,24,Fecha inválida,Al Jabalain,Jeddah Club,0,0,16,4,4,2,10,8,0,0,9,4,2,0.8,0.4,6,4,3,4,1,1,0.6,0.2,8,1,5,4,7,13,0,0,6,4,6,0.8,1.2,3,4,3,2,2,2,0.17,0.0,6,4,4,4,4,6,8,8,19,8,11,53,48,5,1558,1547,11,58000000,57000000,0,1,0,1
2024,1330341,25,Fecha inválida,Al Baten,Al Arabi SC,0,0,12,3,3,4,9,18,0,0,3,4,8,0.8,1.6,4,3,6,2,2,3,0.6,0.0,18,5,3,2,17,14,0,1,10,8,7,1.6,1.4,2,7,7,1,3,4,0.6,0.4,0,3,2,2,3,0,-6,-12,7,12,-5,55,56,-1,1526,1571,-45,56000000,51000000,1,1,0,1
2024,1330340,25,Fecha inválida,Ohod,Al Suqoor,0,0,5,1,2,7,8,19,0,5,0,2,11,0.4,2.2,1,5,5,0,2,3,0.17,0.0,20,6,2,2,18,11,4,0,12,9,4,1.8,0.8,3,6,6,2,2,2,0.6,0.6,0,1,1,1,1,0,-15,-18,4,14,-10,56,56,0,1543,1513,30,53000000,53000000,0,1,1,1
2024,1330342,25,Fecha inválida,Al Safa,Al Taee,0,0,18,5,3,2,15,12,3,0,9,8,7,1.6,1.4,3,5,7,1,2,4,0.8,0.2,21,6,3,1,19,8,0,0,11,7,2,1.4,0.4,5,5,6,4,1,2,0.75,0.5,0,1,1,1,1,0,-3,-8,11,3,8,52,55,-3,1590,1542,48,50000000,52000000,2,2,0,0
2024,1330345,25,Fecha inválida,Al-Faisaly FC,Al Zulfi,0,0,8,2,2,6,10,15,0,5,0,2,7,0.4,1.4,1,6,5,0,2,2,0.2,0.2,11,3,2,5,11,12,0,0,7,5,4,1.0,0.8,4,4,5,3,1,2,0.75,0.0,0,1,1,1,1,0,-3,-4,11,5,6,56,58,-2,1530,1524,6,50000000,54000000,2,0,0,0
2024,1330343,25,Fecha inválida,Al-Hazm,Al Jabalain,0,0,14,4,2,4,15,15,2,0,7,9,8,1.8,1.6,2,7,9,1,4,5,0.6,0.2,16,4,4,2,10,8,0,0,9,4,2,0.8,0.4,6,4,3,4,1,1,0.6,0.2,1,4,1,1,4,1,-2,-2,6,19,-13,53,58,-5,1545,1558,-13,55000000,58000000,2,0,1,0
2024,1330344,25,Fecha inválida,Al Jandal,Al Bukayriyah,0,0,11,3,2,5,12,12,0,1,4,7,8,1.4,1.6,4,5,5,2,3,3,0.6,0.0,19,6,1,3,14,6,3,0,9,7,4,1.4,0.8,6,3,5,2,2,3,0.6,0.6,2,1,1,1,1,2,-8,-8,8,7,1,53,53,0,1507,1566,-59,57000000,56000000,1,2,1,0
2024,1330347,25,Fecha inválida,Jeddah Club,Abha,0,0,8,1,5,4,7,13,0,0,6,4,6,0.8,1.2,3,4,3,2,2,2,0.17,0.0,9,2,3,5,10,20,0,1,5,7,12,1.4,2.4,2,5,6,1,3,4,0.25,0.17,1,5,0,0,5,1,-1,4,8,12,-4,54,57,-3,1547,1551,-4,57000000,51000000,1,2,1,1
2024,1330346,25,Fecha inválida,Al Najma,Al-Adalah,0,0,17,5,2,3,11,9,2,0,12,7,5,1.4,1.0,4,4,4,2,3,3,0.8,0.2,21,6,3,1,23,13,1,0,10,11,8,2.2,1.6,2,7,8,0,4,4,1.0,0.33,0,2,2,2,2,0,-4,-8,13,11,2,54,58,-4,1592,1550,42,52000000,50000000,1,1,0,0
2024,1330348,25,Fecha inválida,Al Jubail,Al-Ain,0,0,8,2,2,6,9,13,0,1,4,5,6,1.0,1.2,2,6,5,1,3,2,0.2,0.2,9,2,3,5,7,11,0,4,3,2,6,0.4,1.2,1,5,3,0,1,1,0.2,0.2,1,1,0,0,1,1,-1,0,9,11,-2,57,57,0,1508,1570,-62,58000000,50000000,2,0,0,0
2024,1330351,26,Fecha inválida,Al Baten,Al Safa,0,0,12,3,3,4,9,18,0,0,3,4,8,0.8,1.6,4,3,6,2,2,3,0.6,0.0,18,5,3,2,15,12,3,0,9,8,7,1.6,1.4,3,5,7,1,2,4,0.8,0.2,1,1,2,2,1,1,-6,-12,7,11,-4,61,58,3,1526,1590,-64,56000000,50000000,1,2,0,0
2024,1330350,26,Fecha inválida,Al Taee,Al Jandal,0,0,21,6,3,1,19,8,0,0,11,7,2,1.4,0.4,5,5,6,4,1,2,0.75,0.5,11,3,2,5,12,12,0,1,4,7,8,1.4,1.6,4,5,5,2,3,3,0.6,0.0,1,1,0,0,1,1,10,11,3,8,-5,61,58,3,1542,1507,35,52000000,57000000,2,1,0,1
2024,1330349,26,Fecha inválida,Al Suqoor,Al Jabalain,0,0,20,6,2,2,18,11,4,0,12,9,4,1.8,0.8,3,6,6,2,2,2,0.6,0.6,16,4,4,2,10,8,0,0,9,4,2,0.8,0.4,6,4,3,4,1,1,0.6,0.2,0,1,1,1,1,0,4,5,14,19,-5,62,63,-1,1513,1558,-45,53000000,58000000,1,0,1,0
2024,1330353,26,Fecha inválida,Al Bukayriyah,Al-Faisaly FC,0,0,19,6,1,3,14,6,3,0,9,7,4,1.4,0.8,6,3,5,2,2,3,0.6,0.6,8,2,2,6,10,15,0,5,0,2,7,0.4,1.4,1,6,5,0,2,2,0.2,0.2,1,2,1,1,2,1,11,13,7,11,-4,59,62,-3,1566,1530,36,56000000,50000000,2,2,0,0
2024,1330352,26,Fecha inválida,Al Arabi SC,Ohod,0,0,18,5,3,2,17,14,0,1,10,8,7,1.6,1.4,2,7,7,1,3,4,0.6,0.4,5,1,2,7,8,19,0,5,0,2,11,0.4,2.2,1,5,5,0,2,3,0.17,0.0,2,2,2,2,2,2,13,14,12,4,8,63,63,0,1571,1543,28,51000000,53000000,1,0,1,1
2024,1330354,26,Fecha inválida,Al Zulfi,Al-Hazm,0,0,11,3,2,5,11,12,0,0,7,5,4,1.0,0.8,4,4,5,3,1,2,0.75,0.0,14,4,2,4,15,15,2,0,7,9,8,1.8,1.6,2,7,9,1,4,5,0.6,0.2,0,1,1,1,1,0,-3,-1,5,6,-1,64,59,5,1524,1545,-21,54000000,55000000,0,2,0,1
2024,1330355,26,Fecha inválida,Al-Adalah,Jeddah Club,0,0,21,6,3,1,23,13,1,0,10,11,8,2.2,1.6,2,7,8,0,4,4,1.0,0.33,8,1,5,4,7,13,0,0,6,4,6,0.8,1.2,3,4,3,2,2,2,0.17,0.0,3,5,2,2,5,3,13,16,11,8,3,64,60,4,1550,1547,3,50000000,57000000,1,1,0,1
2024,1330356,26,Fecha inválida,Abha,Al Jubail,0,0,9,2,3,5,10,20,0,1,5,7,12,1.4,2.4,2,5,6,1,3,4,0.25,0.17,8,2,2,6,9,13,0,1,4,5,6,1.0,1.2,2,6,5,1,3,2,0.2,0.2,1,1,0,0,1,1,1,-6,12,9,3,63,63,0,1551,1508,43,51000000,58000000,2,2,1,0
2024,1330357,26,Fecha inválida,Al-Ain,Al Najma,0,0,9,2,3,5,7,11,0,4,3,2,6,0.4,1.2,1,5,3,0,1,1,0.2,0.2,17,5,2,3,11,9,2,0,12,7,5,1.4,1.0,4,4,4,2,3,3,0.8,0.2,1,2,1,1,2,1,-8,-6,11,13,-2,63,60,3,1570,1592,-22,50000000,52000000,0,1,0,0
2024,1330358,27,Fecha inválida,Al Zulfi,Al Jandal,0,0,11,3,2,5,11,12,0,0,7,5,4,1.0,0.8,4,4,5,3,1,2,0.75,0.0,11,3,2,5,12,12,0,1,4,7,8,1.4,1.6,4,5,5,2,3,3,0.6,0.0,0,1,1,1,1,0,0,-1,5,8,-3,82,77,5,1524,1507,17,54000000,57000000,0,1,0,1
2024,1330359,27,Fecha inválida,Ohod,Al Safa,0,0,5,1,2,7,8,19,0,5,0,2,11,0.4,2.2,1,5,5,0,2,3,0.17,0.0,18,5,3,2,15,12,3,0,9,8,7,1.6,1.4,3,5,7,1,2,4,0.8,0.2,1,2,1,1,2,1,-13,-14,4,11,-7,81,77,4,1543,1590,-47,53000000,50000000,0,2,1,0
2024,1330360,27,Fecha inválida,Jeddah Club,Al-Hazm,0,0,8,1,5,4,7,13,0,0,6,4,6,0.8,1.2,3,4,3,2,2,2,0.17,0.0,14,4,2,4,15,15,2,0,7,9,8,1.8,1.6,2,7,9,1,4,5,0.6,0.2,0,1,7,7,1,0,-6,-6,8,6,2,77,77,0,1547,1545,2,57000000,55000000,1,2,1,1
2024,1330361,27,Fecha inválida,Al Najma,Al Jubail,0,0,17,5,2,3,11,9,2,0,12,7,5,1.4,1.0,4,4,4,2,3,3,0.8,0.2,8,2,2,6,9,13,0,1,4,5,6,1.0,1.2,2,6,5,1,3,2,0.2,0.2,1,1,0,0,1,1,9,6,13,9,4,78,81,-3,1592,1508,84,52000000,58000000,1,2,0,0
2024,1330362,27,Fecha inválida,Al Suqoor,Al Taee,0,0,20,6,2,2,18,11,4,0,12,9,4,1.8,0.8,3,6,6,2,2,2,0.6,0.6,21,6,3,1,19,8,0,0,11,7,2,1.4,0.4,5,5,6,4,1,2,0.75,0.5,0,2,0,0,2,0,-1,-4,14,3,11,82,81,1,1513,1542,-29,53000000,52000000,1,2,1,0
2024,1330363,27,Fecha inválida,Al Bukayriyah,Al Baten,0,0,19,6,1,3,14,6,3,0,9,7,4,1.4,0.8,6,3,5,2,2,3,0.6,0.6,12,3,3,4,9,18,0,0,3,4,8,0.8,1.6,4,3,6,2,2,3,0.6,0.0,1,3,2,2,3,1,7,17,7,7,0,78,81,-3,1566,1526,40,56000000,56000000,2,1,0,0
2024,1330364,27,Fecha inválida,Al-Adalah,Abha,0,0,21,6,3,1,23,13,1,0,10,11,8,2.2,1.6,2,7,8,0,4,4,1.0,0.33,9,2,3,5,10,20,0,1,5,7,12,1.4,2.4,2,5,6,1,3,4,0.25,0.17,1,3,4,4,3,1,12,20,11,12,-1,83,82,1,1550,1551,-1,50000000,51000000,1,2,0,1
2024,1330365,27,Fecha inválida,Al Jabalain,Al-Ain,0,0,16,4,4,2,10,8,0,0,9,4,2,0.8,0.4,6,4,3,4,1,1,0.6,0.2,9,2,3,5,7,11,0,4,3,2,6,0.4,1.2,1,5,3,0,1,1,0.2,0.2,3,4,3,3,4,3,7,6,19,11,8,84,82,2,1558,1570,-12,58000000,50000000,0,0,0,0
2024,1330366,27,Fecha inválida,Al-Faisaly FC,Al Arabi SC,0,0,8,2,2,6,10,15,0,5,0,2,7,0.4,1.4,1,6,5,0,2,2,0.2,0.2,18,5,3,2,17,14,0,1,10,8,7,1.6,1.4,2,7,7,1,3,4,0.6,0.4,2,1,3,3,1,2,-10,-8,11,12,-1,82,83,-1,1530,1571,-41,50000000,51000000,2,1,0,1
2024,1330367,28,Fecha inválida,Al Jubail,Jeddah Club,0,0,8,2,2,6,9,13,0,1,4,5,6,1.0,1.2,2,6,5,1,3,2,0.2,0.2,8,1,5,4,7,13,0,0,6,4,6,0.8,1.2,3,4,3,2,2,2,0.17,0.0,0,2,0,0,2,0,0,2,9,8,1,86,83,3,1508,1547,-39,58000000,57000000,2,1,0,1
2024,1330368,28,Fecha inválida,Al Baten,Al Suqoor,0,0,12,3,3,4,9,18,0,0,3,4,8,0.8,1.6,4,3,6,2,2,3,0.6,0.0,20,6,2,2,18,11,4,0,12,9,4,1.8,0.8,3,6,6,2,2,2,0.6,0.6,0,2,0,0,2,0,-8,-16,7,14,-7,86,87,-1,1526,1513,13,56000000,53000000,1,1,0,1
2024,1330369,28,Fecha inválida,Al-Hazm,Al Najma,0,0,14,4,2,4,15,15,2,0,7,9,8,1.8,1.6,2,7,9,1,4,5,0.6,0.2,17,5,2,3,11,9,2,0,12,7,5,1.4,1.0,4,4,4,2,3,3,0.8,0.2,0,1,1,1,1,0,-3,-2,6,13,-7,83,83,0,1545,1592,-47,55000000,52000000,2,1,1,0
2024,1330370,28,Fecha inválida,Al-Ain,Ohod,0,0,9,2,3,5,7,11,0,4,3,2,6,0.4,1.2,1,5,3,0,1,1,0.2,0.2,5,1,2,7,8,19,0,5,0,2,11,0.4,2.2,1,5,5,0,2,3,0.17,0.0,4,3,3,3,3,4,4,7,11,4,7,87,88,-1,1570,1543,27,50000000,53000000,0,0,0,1
2024,1330371,28,Fecha inválida,Al Jandal,Al-Adalah,0,0,11,3,2,5,12,12,0,1,4,7,8,1.4,1.6,4,5,5,2,3,3,0.6,0.0,21,6,3,1,23,13,1,0,10,11,8,2.2,1.6,2,7,8,0,4,4,1.0,0.33,0,2,2,2,2,0,-10,-10,8,11,-3,84,88,-4,1507,1550,-43,57000000,50000000,1,1,1,0
2024,1330372,28,Fecha inválida,Al Taee,Al Jabalain,0,0,21,6,3,1,19,8,0,0,11,7,2,1.4,0.4,5,5,6,4,1,2,0.75,0.5,16,4,4,2,10,8,0,0,9,4,2,0.8,0.4,6,4,3,4,1,1,0.6,0.2,0,5,3,3,5,0,5,9,3,19,-16,87,89,-2,1542,1558,-16,52000000,58000000,2,0,0,0
2024,1330373,28,Fecha inválida,Abha,Al Zulfi,0,0,9,2,3,5,10,20,0,1,5,7,12,1.4,2.4,2,5,6,1,3,4,0.25,0.17,11,3,2,5,11,12,0,0,7,5,4,1.0,0.8,4,4,5,3,1,2,0.75,0.0,0,1,1,1,1,0,-2,-9,12,5,7,88,90,-2,1551,1524,27,51000000,54000000,2,0,1,0
2024,1330374,28,Fecha inválida,Al Safa,Al-Faisaly FC,0,0,18,5,3,2,15,12,3,0,9,8,7,1.6,1.4,3,5,7,1,2,4,0.8,0.2,8,2,2,6,10,15,0,5,0,2,7,0.4,1.4,1,6,5,0,2,2,0.2,0.2,2,1,1,1,1,2,10,8,11,11,0,85,88,-3,1590,1530,60,50000000,50000000,2,2,0,0
2024,1330375,28,Fecha inválida,Al Arabi SC,Al Bukayriyah,0,0,18,5,3,2,17,14,0,1,10,8,7,1.6,1.4,2,7,7,1,3,4,0.6,0.4,19,6,1,3,14,6,3,0,9,7,4,1.4,0.8,6,3,5,2,2,3,0.6,0.6,2,2,0,0,2,2,-1,-5,12,7,5,89,85,4,1571,1566,5,51000000,56000000,1,2,1,0
2024,1330376,29,Fecha inválida,Al Baten,Al Taee,0,0,12,3,3,4,9,18,0,0,3,4,8,0.8,1.6,4,3,6,2,2,3,0.6,0.0,21,6,3,1,19,8,0,0,11,7,2,1.4,0.4,5,5,6,4,1,2,0.75,0.5,2,2,4,4,2,2,-9,-20,7,3,4,92,92,0,1526,1542,-16,56000000,52000000,1,2,0,0
2024,1330377,29,Fecha inválida,Al Jabalain,Al Jubail,0,0,16,4,4,2,10,8,0,0,9,4,2,0.8,0.4,6,4,3,4,1,1,0.6,0.2,8,2,2,6,9,13,0,1,4,5,6,1.0,1.2,2,6,5,1,3,2,0.2,0.2,0,1,1,1,1,0,8,6,19,9,10,94,92,2,1558,1508,50,58000000,58000000,0,2,0,0
2024,1330378,29,Fecha inválida,Jeddah Club,Al Najma,0,0,8,1,5,4,7,13,0,0,6,4,6,0.8,1.2,3,4,3,2,2,2,0.17,0.0,17,5,2,3,11,9,2,0,12,7,5,1.4,1.0,4,4,4,2,3,3,0.8,0.2,2,1,1,1,1,2,-9,-8,8,13,-5,89,89,0,1547,1592,-45,57000000,52000000,1,1,1,0
2024,1330379,29,Fecha inválida,Al Zulfi,Ohod,0,0,11,3,2,5,11,12,0,0,7,5,4,1.0,0.8,4,4,5,3,1,2,0.75,0.0,5,1,2,7,8,19,0,5,0,2,11,0.4,2.2,1,5,5,0,2,3,0.17,0.0,0,1,1,1,1,0,6,10,5,4,1,95,94,1,1524,1543,-19,54000000,53000000,0,0,0,1
2024,1330380,29,Fecha inválida,Al Jandal,Al-Faisaly FC,0,0,11,3,2,5,12,12,0,1,4,7,8,1.4,1.6,4,5,5,2,3,3,0.6,0.0,8,2,2,6,10,15,0,5,0,2,7,0.4,1.4,1,6,5,0,2,2,0.2,0.2,0,2,2,2,2,0,3,5,8,11,-3,90,93,-3,1507,1530,-23,57000000,50000000,1,2,1,0
2024,1330381,29,Fecha inválida,Al-Adalah,Al-Ain,0,0,21,6,3,1,23,13,1,0,10,11,8,2.2,1.6,2,7,8,0,4,4,1.0,0.33,9,2,3,5,7,11,0,4,3,2,6,0.4,1.2,1,5,3,0,1,1,0.2,0.2,0,5,1,1,5,0,12,14,11,11,0,94,93,1,1550,1570,-20,50000000,50000000,1,0,0,0
2024,1330382,29,Fecha inválida,Al Safa,Abha,0,0,18,5,3,2,15,12,3,0,9,8,7,1.6,1.4,3,5,7,1,2,4,0.8,0.2,9,2,3,5,10,20,0,1,5,7,12,1.4,2.4,2,5,6,1,3,4,0.25,0.17,1,2,1,1,2,1,9,13,11,12,-1,91,94,-3,1590,1551,39,50000000,51000000,2,2,0,1
2024,1330383,29,Fecha inválida,Al Suqoor,Al Bukayriyah,0,0,20,6,2,2,18,11,4,0,12,9,4,1.8,0.8,3,6,6,2,2,2,0.6,0.6,19,6,1,3,14,6,3,0,9,7,4,1.4,0.8,6,3,5,2,2,3,0.6,0.6,1,1,0,0,1,1,1,-1,14,7,7,95,91,4,1513,1566,-53,53000000,56000000,1,2,1,0
2024,1330384,29,Fecha inválida,Al-Hazm,Al Arabi SC,0,0,14,4,2,4,15,15,2,0,7,9,8,1.8,1.6,2,7,9,1,4,5,0.6,0.2,18,5,3,2,17,14,0,1,10,8,7,1.6,1.4,2,7,7,1,3,4,0.6,0.4,3,1,1,1,1,3,-4,-3,6,12,-6,91,95,-4,1545,1571,-26,55000000,51000000,2,1,1,1
2024,1330385,30,Fecha inválida,Al-Ain,Al Zulfi,0,0,9,2,3,5,7,11,0,4,3,2,6,0.4,1.2,1,5,3,0,1,1,0.2,0.2,11,3,2,5,11,12,0,0,7,5,4,1.0,0.8,4,4,5,3,1,2,0.75,0.0,0,1,1,1,1,0,-2,-3,11,5,6,99,101,-2,1570,1524,46,50000000,54000000,0,0,0,0
2024,1330386,30,Fecha inválida,Al Najma,Al Jabalain,0,0,17,5,2,3,11,9,2,0,12,7,5,1.4,1.0,4,4,4,2,3,3,0.8,0.2,16,4,4,2,10,8,0,0,9,4,2,0.8,0.4,6,4,3,4,1,1,0.6,0.2,3,1,2,2,1,3,1,0,13,19,-6,96,101,-5,1592,1558,34,52000000,58000000,1,0,0,0
2024,1330387,30,Fecha inválida,Al Taee,Al-Adalah,0,0,21,6,3,1,19,8,0,0,11,7,2,1.4,0.4,5,5,6,4,1,2,0.75,0.5,21,6,3,1,23,13,1,0,10,11,8,2.2,1.6,2,7,8,0,4,4,1.0,0.33,2,2,7,7,2,2,0,1,3,11,-8,99,100,-1,1542,1550,-8,52000000,50000000,2,1,0,0
2024,1330388,30,Fecha inválida,Al-Faisaly FC,Jeddah Club,0,0,8,2,2,6,10,15,0,5,0,2,7,0.4,1.4,1,6,5,0,2,2,0.2,0.2,8,1,5,4,7,13,0,0,6,4,6,0.8,1.2,3,4,3,2,2,2,0.17,0.0,3,2,2,2,2,3,0,1,11,8,3,100,97,3,1530,1547,-17,50000000,57000000,2,1,0,1
2024,1330389,30,Fecha inválida,Ohod,Al Baten,0,0,5,1,2,7,8,19,0,5,0,2,11,0.4,2.2,1,5,5,0,2,3,0.17,0.0,12,3,3,4,9,18,0,0,3,4,8,0.8,1.6,4,3,6,2,2,3,0.6,0.0,2,3,5,5,3,2,-7,-2,4,7,-3,101,100,1,1543,1526,17,53000000,56000000,0,1,1,0
2024,1330390,30,Fecha inválida,Al Arabi SC,Al Suqoor,0,0,18,5,3,2,17,14,0,1,10,8,7,1.6,1.4,2,7,7,1,3,4,0.6,0.4,20,6,2,2,18,11,4,0,12,9,4,1.8,0.8,3,6,6,2,2,2,0.6,0.6,0,1,1,1,1,0,-2,-4,12,14,-2,101,101,0,1571,1513,58,51000000,53000000,1,1,1,1
2024,1330391,30,Fecha inválida,Abha,Al Jandal,0,0,9,2,3,5,10,20,0,1,5,7,12,1.4,2.4,2,5,6,1,3,4,0.25,0.17,11,3,2,5,12,12,0,1,4,7,8,1.4,1.6,4,5,5,2,3,3,0.6,0.0,0,1,1,1,1,0,-2,-10,12,8,4,101,98,3,1551,1507,44,51000000,57000000,2,1,1,1
2024,1330392,30,Fecha inválida,Al Jubail,Al-Hazm,0,0,8,2,2,6,9,13,0,1,4,5,6,1.0,1.2,2,6,5,1,3,2,0.2,0.2,14,4,2,4,15,15,2,0,7,9,8,1.8,1.6,2,7,9,1,4,5,0.6,0.2,0,1,1,1,1,0,-6,-4,9,6,3,101,98,3,1508,1545,-37,58000000,55000000,2,2,0,1
2024,1330393,30,Fecha inválida,Al Bukayriyah,Al Safa,0,0,19,6,1,3,14,6,3,0,9,7,4,1.4,0.8,6,3,5,2,2,3,0.6,0.6,18,5,3,2,15,12,3,0,9,8,7,1.6,1.4,3,5,7,1,2,4,0.8,0.2,1,1,2,2,1,1,1,5,7,11,-4,98,98,0,1566,1590,-24,56000000,50000000,2,2,0,0
2024,1330394,31,Fecha inválida,Al-Adalah,Ohod,0,0,21,6,3,1,23,13,1,0,10,11,8,2.2,1.6,2,7,8,0,4,4,1.0,0.33,5,1,2,7,8,19,0,5,0,2,11,0.4,2.2,1,5,5,0,2,3,0.17,0.0,4,4,2,2,4,4,16,21,11,4,7,107,107,0,1550,1543,7,50000000,53000000,1,0,0,1
2024,1330395,31,Fecha inválida,Al Arabi SC,Al Taee,0,0,18,5,3,2,17,14,0,1,10,8,7,1.6,1.4,2,7,7,1,3,4,0.6,0.4,21,6,3,1,19,8,0,0,11,7,2,1.4,0.4,5,5,6,4,1,2,0.75,0.5,0,2,0,0,2,0,-3,-8,12,3,9,107,106,1,1571,1542,29,51000000,52000000,1,2,1,0
2024,1330396,31,Fecha inválida,Al-Faisaly FC,Al Baten,0,0,8,2,2,6,10,15,0,5,0,2,7,0.4,1.4,1,6,5,0,2,2,0.2,0.2,12,3,3,4,9,18,0,0,3,4,8,0.8,1.6,4,3,6,2,2,3,0.6,0.0,3,6,6,6,6,3,-4,4,11,7,4,106,106,0,1530,1526,4,50000000,56000000,2,1,0,0
2024,1330397,31,Fecha inválida,Al-Hazm,Al-Ain,0,0,14,4,2,4,15,15,2,0,7,9,8,1.8,1.6,2,7,9,1,4,5,0.6,0.2,9,2,3,5,7,11,0,4,3,2,6,0.4,1.2,1,5,3,0,1,1,0.2,0.2,2,1,1,1,1,2,5,4,6,11,-5,104,107,-3,1545,1570,-25,55000000,50000000,2,0,1,0
2024,1330398,31,Fecha inválida,Al Jabalain,Abha,0,0,16,4,4,2,10,8,0,0,9,4,2,0.8,0.4,6,4,3,4,1,1,0.6,0.2,9,2,3,5,10,20,0,1,5,7,12,1.4,2.4,2,5,6,1,3,4,0.25,0.17,2,3,2,2,3,2,7,12,19,12,7,109,107,2,1558,1551,7,58000000,51000000,0,2,0,1
2024,1330399,31,Fecha inválida,Jeddah Club,Al Suqoor,0,0,8,1,5,4,7,13,0,0,6,4,6,0.8,1.2,3,4,3,2,2,2,0.17,0.0,20,6,2,2,18,11,4,0,12,9,4,1.8,0.8,3,6,6,2,2,2,0.6,0.6,0,2,0,0,2,0,-12,-13,8,14,-6,104,108,-4,1547,1513,34,57000000,53000000,1,1,1,1
2024,1330400,31,Fecha inválida,Al Jubail,Al Jandal,0,0,8,2,2,6,9,13,0,1,4,5,6,1.0,1.2,2,6,5,1,3,2,0.2,0.2,11,3,2,5,12,12,0,1,4,7,8,1.4,1.6,4,5,5,2,3,3,0.6,0.0,0,1,1,1,1,0,-3,-4,9,8,1,108,105,3,1508,1507,1,58000000,57000000,2,1,0,1
2024,1330401,31,Fecha inválida,Al Zulfi,Al Safa,0,0,11,3,2,5,11,12,0,0,7,5,4,1.0,0.8,4,4,5,3,1,2,0.75,0.0,18,5,3,2,15,12,3,0,9,8,7,1.6,1.4,3,5,7,1,2,4,0.8,0.2,0,2,0,0,2,0,-7,-4,5,11,-6,110,105,5,1524,1590,-66,54000000,50000000,0,2,0,0
2024,1330402,31,Fecha inválida,Al Najma,Al Bukayriyah,0,0,17,5,2,3,11,9,2,0,12,7,5,1.4,1.0,4,4,4,2,3,3,0.8,0.2,19,6,1,3,14,6,3,0,9,7,4,1.4,0.8,6,3,5,2,2,3,0.6,0.6,1,2,1,1,2,1,-2,-6,13,7,6,105,105,0,1592,1566,26,52000000,56000000,1,2,0,0
2024,1330403,32,Fecha inválida,Al-Ain,Jeddah Club,0,0,9,2,3,5,7,11,0,4,3,2,6,0.4,1.2,1,5,3,0,1,1,0.2,0.2,8,1,5,4,7,13,0,0,6,4,6,0.8,1.2,3,4,3,2,2,2,0.17,0.0,4,4,2,2,4,4,1,2,11,8,3,113,109,4,1570,1547,23,50000000,57000000,0,1,0,1
2024,1330404,32,Fecha inválida,Al Baten,Al-Adalah,0,0,12,3,3,4,9,18,0,0,3,4,8,0.8,1.6,4,3,6,2,2,3,0.6,0.0,21,6,3,1,23,13,1,0,10,11,8,2.2,1.6,2,7,8,0,4,4,1.0,0.33,1,3,3,3,3,1,-9,-19,7,11,-4,113,114,-1,1526,1550,-24,56000000,50000000,1,1,0,0
2024,1330405,32,Fecha inválida,Al Suqoor,Al-Faisaly FC,0,0,20,6,2,2,18,11,4,0,12,9,4,1.8,0.8,3,6,6,2,2,2,0.6,0.6,8,2,2,6,10,15,0,5,0,2,7,0.4,1.4,1,6,5,0,2,2,0.2,0.2,0,1,1,1,1,0,12,12,14,11,3,114,113,1,1513,1530,-17,53000000,50000000,1,2,1,0
2024,1330406,32,Fecha inválida,Al Safa,Al Arabi SC,0,0,18,5,3,2,15,12,3,0,9,8,7,1.6,1.4,3,5,7,1,2,4,0.8,0.2,18,5,3,2,17,14,0,1,10,8,7,1.6,1.4,2,7,7,1,3,4,0.6,0.4,1,2,1,1,2,1,0,0,11,12,-1,111,115,-4,1590,1571,19,50000000,51000000,2,1,0,1
2024,1330408,32,Fecha inválida,Ohod,Al Jubail,0,0,5,1,2,7,8,19,0,5,0,2,11,0.4,2.2,1,5,5,0,2,3,0.17,0.0,8,2,2,6,9,13,0,1,4,5,6,1.0,1.2,2,6,5,1,3,2,0.2,0.2,0,2,0,0,2,0,-3,-7,4,9,-5,115,114,1,1543,1508,35,53000000,58000000,0,2,1,0
2024,1330407,32,Fecha inválida,Al Jandal,Al Jabalain,0,0,11,3,2,5,12,12,0,1,4,7,8,1.4,1.6,4,5,5,2,3,3,0.6,0.0,16,4,4,2,10,8,0,0,9,4,2,0.8,0.4,6,4,3,4,1,1,0.6,0.2,1,1,2,2,1,1,-5,-2,8,19,-11,111,116,-5,1507,1558,-51,57000000,58000000,1,0,1,0
2024,1330409,32,Fecha inválida,Al Taee,Al Zulfi,0,0,21,6,3,1,19,8,0,0,11,7,2,1.4,0.4,5,5,6,4,1,2,0.75,0.5,11,3,2,5,11,12,0,0,7,5,4,1.0,0.8,4,4,5,3,1,2,0.75,0.0,1,1,0,0,1,1,10,12,3,5,-2,114,116,-2,1542,1524,18,52000000,54000000,2,0,0,0
2024,1330410,32,Fecha inválida,Abha,Al Najma,0,0,9,2,3,5,10,20,0,1,5,7,12,1.4,2.4,2,5,6,1,3,4,0.25,0.17,17,5,2,3,11,9,2,0,12,7,5,1.4,1.0,4,4,4,2,3,3,0.8,0.2,0,1,1,1,1,0,-8,-12,12,13,-1,115,112,3,1551,1592,-41,51000000,52000000,2,1,1,0
2024,1330411,32,Fecha inválida,Al Bukayriyah,Al-Hazm,0,0,19,6,1,3,14,6,3,0,9,7,4,1.4,0.8,6,3,5,2,2,3,0.6,0.6,14,4,2,4,15,15,2,0,7,9,8,1.8,1.6,2,7,9,1,4,5,0.6,0.2,1,1,2,2,1,1,5,8,7,6,1,112,112,0,1566,1545,21,56000000,55000000,2,2,0,1
2024,1330420,33,Fecha inválida,Al-Faisaly FC,Al-Ain,0,0,8,2,2,6,10,15,0,5,0,2,7,0.4,1.4,1,6,5,0,2,2,0.2,0.2,9,2,3,5,7,11,0,4,3,2,6,0.4,1.2,1,5,3,0,1,1,0.2,0.2,3,4,1,1,4,3,-1,-1,11,11,0,120,120,0,1530,1570,-40,50000000,50000000,2,0,0,0
2024,1330412,33,Fecha inválida,Al-Hazm,Al Jandal,0,0,14,4,2,4,15,15,2,0,7,9,8,1.8,1.6,2,7,9,1,4,5,0.6,0.2,11,3,2,5,12,12,0,1,4,7,8,1.4,1.6,4,5,5,2,3,3,0.6,0.0,1,1,0,0,1,1,3,0,6,8,-2,117,117,0,1545,1507,38,55000000,57000000,2,1,1,1
2024,1330415,33,Fecha inválida,Jeddah Club,Al Arabi SC,0,0,8,1,5,4,7,13,0,0,6,4,6,0.8,1.2,3,4,3,2,2,2,0.17,0.0,18,5,3,2,17,14,0,1,10,8,7,1.6,1.4,2,7,7,1,3,4,0.6,0.4,0,3,3,3,3,0,-10,-9,8,12,-4,117,121,-4,1547,1571,-24,57000000,51000000,1,1,1,1
2024,1330416,33,Fecha inválida,Al-Adalah,Al Suqoor,0,0,21,6,3,1,23,13,1,0,10,11,8,2.2,1.6,2,7,8,0,4,4,1.0,0.33,20,6,2,2,18,11,4,0,12,9,4,1.8,0.8,3,6,6,2,2,2,0.6,0.6,0,2,0,0,2,0,1,3,11,14,-3,121,121,0,1550,1513,37,50000000,53000000,1,1,0,1
2024,1330419,33,Fecha inválida,Abha,Al Taee,0,0,9,2,3,5,10,20,0,1,5,7,12,1.4,2.4,2,5,6,1,3,4,0.25,0.17,21,6,3,1,19,8,0,0,11,7,2,1.4,0.4,5,5,6,4,1,2,0.75,0.5,4,2,4,4,2,4,-12,-21,12,3,9,120,120,0,1551,1542,9,51000000,52000000,2,2,1,0
2024,1330414,33,Fecha inválida,Al Jabalain,Al Safa,0,0,16,4,4,2,10,8,0,0,9,4,2,0.8,0.4,6,4,3,4,1,1,0.6,0.2,18,5,3,2,15,12,3,0,9,8,7,1.6,1.4,3,5,7,1,2,4,0.8,0.2,1,1,2,2,1,1,-2,-1,19,11,8,122,117,5,1558,1590,-32,58000000,50000000,0,2,0,0
2024,1330417,33,Fecha inválida,Al Najma,Ohod,0,0,17,5,2,3,11,9,2,0,12,7,5,1.4,1.0,4,4,4,2,3,3,0.8,0.2,5,1,2,7,8,19,0,5,0,2,11,0.4,2.2,1,5,5,0,2,3,0.17,0.0,0,3,1,1,3,0,12,13,13,4,9,117,121,-4,1592,1543,49,52000000,53000000,1,0,0,1
2024,1330418,33,Fecha inválida,Al Jubail,Al Baten,0,0,8,2,2,6,9,13,0,1,4,5,6,1.0,1.2,2,6,5,1,3,2,0.2,0.2,12,3,3,4,9,18,0,0,3,4,8,0.8,1.6,4,3,6,2,2,3,0.6,0.0,0,1,1,1,1,0,-4,5,9,7,2,120,120,0,1508,1526,-18,58000000,56000000,2,1,0,0
2024,1330413,33,Fecha inválida,Al Zulfi,Al Bukayriyah,0,0,11,3,2,5,11,12,0,0,7,5,4,1.0,0.8,4,4,5,3,1,2,0.75,0.0,19,6,1,3,14,6,3,0,9,7,4,1.4,0.8,6,3,5,2,2,3,0.6,0.6,0,1,1,1,1,0,-8,-9,5,7,-2,122,117,5,1524,1566,-42,54000000,56000000,0,2,0,0
2024,1330425,34,Fecha inválida,Al Baten,Al Jabalain,0,0,12,3,3,4,9,18,0,0,3,4,8,0.8,1.6,4,3,6,2,2,3,0.6,0.0,16,4,4,2,10,8,0,0,9,4,2,0.8,0.4,6,4,3,4,1,1,0.6,0.2,0,6,0,0,6,0,-4,-11,7,19,-12,126,128,-2,1526,1558,-32,56000000,58000000,1,0,0,0
2024,1330429,34,Fecha inválida,Al Taee,Al Jubail,0,0,21,6,3,1,19,8,0,0,11,7,2,1.4,0.4,5,5,6,4,1,2,0.75,0.5,8,2,2,6,9,13,0,1,4,5,6,1.0,1.2,2,6,5,1,3,2,0.2,0.2,0,2,0,0,2,0,13,15,3,9,-6,126,126,0,1542,1508,34,52000000,58000000,2,2,0,0
2024,1330427,34,Fecha inválida,Ohod,Al-Faisaly FC,0,0,5,1,2,7,8,19,0,5,0,2,11,0.4,2.2,1,5,5,0,2,3,0.17,0.0,8,2,2,6,10,15,0,5,0,2,7,0.4,1.4,1,6,5,0,2,2,0.2,0.2,1,3,6,6,3,1,-3,-6,4,11,-7,127,126,1,1543,1530,13,53000000,50000000,0,2,1,0
2024,1330423,34,Fecha inválida,Al Bukayriyah,Jeddah Club,0,0,19,6,1,3,14,6,3,0,9,7,4,1.4,0.8,6,3,5,2,2,3,0.6,0.6,8,1,5,4,7,13,0,0,6,4,6,0.8,1.2,3,4,3,2,2,2,0.17,0.0,2,3,3,3,3,2,11,14,7,8,-1,123,123,0,1566,1547,19,56000000,57000000,2,1,0,1
2024,1330426,34,Fecha inválida,Al Arabi SC,Al-Adalah,0,0,18,5,3,2,17,14,0,1,10,8,7,1.6,1.4,2,7,7,1,3,4,0.6,0.4,21,6,3,1,23,13,1,0,10,11,8,2.2,1.6,2,7,8,0,4,4,1.0,0.33,0,3,1,1,3,0,-3,-7,12,11,1,127,127,0,1571,1550,21,51000000,50000000,1,1,1,0
2024,1330422,34,Fecha inválida,Al Safa,Al-Hazm,0,0,18,5,3,2,15,12,3,0,9,8,7,1.6,1.4,3,5,7,1,2,4,0.8,0.2,14,4,2,4,15,15,2,0,7,9,8,1.8,1.6,2,7,9,1,4,5,0.6,0.2,0,2,0,0,2,0,4,3,11,6,5,123,123,0,1590,1545,45,50000000,55000000,2,2,0,1
2024,1330421,34,Fecha inválida,Al Jandal,Al Najma,0,0,11,3,2,5,12,12,0,1,4,7,8,1.4,1.6,4,5,5,2,3,3,0.6,0.0,17,5,2,3,11,9,2,0,12,7,5,1.4,1.0,4,4,4,2,3,3,0.8,0.2,1,2,1,1,2,1,-6,-2,8,13,-5,123,123,0,1507,1592,-85,57000000,52000000,1,1,1,0
2024,1330424,34,Fecha inválida,Al Suqoor,Al Zulfi,0,0,20,6,2,2,18,11,4,0,12,9,4,1.8,0.8,3,6,6,2,2,2,0.6,0.6,11,3,2,5,11,12,0,0,7,5,4,1.0,0.8,4,4,5,3,1,2,0.75,0.0,0,2,0,0,2,0,9,8,14,5,9,127,128,-1,1513,1524,-11,53000000,54000000,1,0,1,0
2024,1330428,34,Fecha inválida,Al-Ain,Abha,0,0,9,2,3,5,7,11,0,4,3,2,6,0.4,1.2,1,5,3,0,1,1,0.2,0.2,9,2,3,5,10,20,0,1,5,7,12,1.4,2.4,2,5,6,1,3,4,0.25,0.17,0,2,2,2,2,0,0,6,11,12,-1,126,126,0,1570,1551,19,50000000,51000000,0,2,0,1
