temporada,id_partido,fecha,fecha_partido,nombre_equipo_local,nombre_equipo_visitante,goles_equipo_local,goles_equipo_visitante,puntos_acumulados_local,wins_last10_local,draws_last10_local,losses_last10_local,goles_favor_last10_local,goles_contra_last10_local,current_win_streak_local,current_loss_streak_local,puntos_ultimos5_local,goles_favor_ultimos5_local,goles_contra_ultimos5_local,prom_goles_favor_ultimos5_local,prom_goles_contra_ultimos5_local,clean_sheets_last10_local,btts_last10_local,over25_last10_local,clean_sheets_last5_local,btts_last5_local,over25_last5_local,home_win_rate_local,away_win_rate_local,puntos_acumulados_visitante,wins_last10_visitante,draws_last10_visitante,losses_last10_visitante,goles_favor_last10_visitante,goles_contra_last10_visitante,current_win_streak_visitante,current_loss_streak_visitante,puntos_ultimos5_visitante,goles_favor_ultimos5_visitante,goles_contra_ultimos5_visitante,prom_goles_favor_ultimos5_visitante,prom_goles_contra_ultimos5_visitante,clean_sheets_last10_visitante,btts_last10_visitante,over25_last10_visitante,clean_sheets_last5_visitante,btts_last5_visitante,over25_last5_visitante,home_win_rate_visitante,away_win_rate_visitante,head2head_local_wins,head2head_local_draws,head2head_local_losses,head2head_visitante_wins,head2head_visitante_draws,head2head_visitante_losses,puntos_balance,goles_balance,posicion_tabla_local,posicion_tabla_visitante,diff_posicion_tabla,dias_descanso_local,dias_descanso_visitante,diff_dias_descanso,elo_rating_local,elo_rating_visitante,diff_elo_rating,valor_mercado_local,valor_mercado_visitante,jugadores_lesionados_local,jugadores_lesionados_visitante,titulares_sancionados_local,titulares_sancionados_visitante
2024,1223975,1,Fecha inválida,Borussia Mönchengladbach,Bayer Leverkusen,2,3,0,0,0,0,0,0,0,0,0,0,0,0.0,0.0,0,0,0,0,0,0,0.0,0.0,0,0,0,0,0,0,0,0,0,0,0,0.0,0.0,0,0,0,0,0,0,0.0,0.0,9,7,16,16,7,9,0,0,4,9,-5,0,0,0,1563,1568,-5,53000000,58000000,1,0,1,0
2024,1223979,1,Fecha inválida,SC Freiburg,VfB Stuttgart,3,1,0,0,0,0,0,0,0,0,0,0,0,0.0,0.0,0,0,0,0,0,0,0.0,0.0,0,0,0,0,0,0,0,0,0,0,0,0.0,0.0,0,0,0,0,0,0,0.0,0.0,11,4,12,12,4,11,0,0,1,13,-12,0,0,0,1560,1572,-12,50000000,52000000,1,1,0,0
2024,1223982,1,Fecha inválida,FSV Mainz 05,Union Berlin,1,1,0,0,0,0,0,0,0,0,0,0,0,0.0,0.0,0,0,0,0,0,0,0.0,0.0,0,0,0,0,0,0,0,0,0,0,0,0.0,0.0,0,0,0,0,0,0,0.0,0.0,1,5,6,6,5,1,0,0,5,3,2,0,0,0,1564,1582,-18,54000000,52000000,2,2,0,0
2024,1223978,1,Fecha inválida,1899 Hoffenheim,Holstein Kiel,3,2,0,0,0,0,0,0,0,0,0,0,0,0.0,0.0,0,0,0,0,0,0,0.0,0.0,0,0,0,0,0,0,0,0,0,0,0,0.0,0.0,0,0,0,0,0,0,0.0,0.0,2,1,0,0,1,2,0,0,8,12,-4,0,0,0,1567,1591,-24,57000000,51000000,2,2,1,1
2024,1223980,1,Fecha inválida,FC Augsburg,Werder Bremen,2,2,0,0,0,0,0,0,0,0,0,0,0,0.0,0.0,0,0,0,0,0,0,0.0,0.0,0,0,0,0,0,0,0,0,0,0,0,0.0,0.0,0,0,0,0,0,0,0.0,0.0,12,4,10,10,4,12,0,0,11,3,8,0,0,0,1570,1562,8,50000000,52000000,2,0,0,0
2024,1223976,1,Fecha inválida,RB Leipzig,VfL Bochum,1,0,0,0,0,0,0,0,0,0,0,0,0,0.0,0.0,0,0,0,0,0,0,0.0,0.0,0,0,0,0,0,0,0,0,0,0,0,0.0,0.0,0,0,0,0,0,0,0.0,0.0,10,2,1,1,2,10,0,0,14,17,-3,0,0,0,1573,1576,-3,53000000,56000000,2,2,1,0
2024,1223977,1,Fecha inválida,Borussia Dortmund,Eintracht Frankfurt,2,0,0,0,0,0,0,0,0,0,0,0,0,0.0,0.0,0,0,0,0,0,0,0.0,0.0,0,0,0,0,0,0,0,0,0,0,0,0.0,0.0,0,0,0,0,0,0,0.0,0.0,18,7,5,5,7,18,0,0,6,10,-4,0,0,0,1565,1569,-4,55000000,59000000,0,1,1,1
2024,1223981,1,Fecha inválida,VfL Wolfsburg,Bayern München,2,3,0,0,0,0,0,0,0,0,0,0,0,0.0,0.0,0,0,0,0,0,0,0.0,0.0,0,0,0,0,0,0,0,0,0,0,0,0.0,0.0,0,0,0,0,0,0,0.0,0.0,2,4,28,28,4,2,0,0,2,18,-16,0,0,0,1561,1557,4,51000000,57000000,2,1,1,1
2024,1223983,1,Fecha inválida,FC St. Pauli,1. FC Heidenheim,0,2,0,0,0,0,0,0,0,0,0,0,0,0.0,0.0,0,0,0,0,0,0,0.0,0.0,0,0,0,0,0,0,0,0,0,0,0,0.0,0.0,0,0,0,0,0,0,0.0,0.0,8,4,8,8,4,8,0,0,7,1,6,0,0,0,1586,1580,6,56000000,50000000,0,0,0,0
2024,1223990,2,Fecha inválida,Union Berlin,FC St. Pauli,1,0,1,0,1,0,1,1,0,0,1,1,1,1.0,1.0,0,1,0,0,1,0,0.0,0.0,0,0,0,1,0,2,0,1,0,0,2,0.0,2.0,0,0,0,0,0,0,0.0,0.0,11,4,5,5,4,11,1,2,3,7,-4,6,5,1,1582,1586,-4,52000000,56000000,2,0,0,0
2024,1223989,2,Fecha inválida,Werder Bremen,Borussia Dortmund,0,0,1,0,1,0,2,2,0,0,1,2,2,2.0,2.0,0,1,1,0,1,1,0.0,0.0,3,1,0,0,2,0,1,0,3,2,0,2.0,0.0,1,0,0,1,0,0,1.0,0.0,6,5,19,19,5,6,-2,-2,3,6,-3,7,6,1,1562,1565,-3,52000000,55000000,0,0,0,1
2024,1223987,2,Fecha inválida,Eintracht Frankfurt,1899 Hoffenheim,3,1,0,0,0,1,0,2,0,1,0,0,2,0.0,2.0,0,0,0,0,0,0,0.0,0.0,3,1,0,0,3,2,1,0,3,3,2,3.0,2.0,0,1,1,0,1,1,1.0,0.0,13,7,8,8,7,13,-3,-3,10,8,2,6,7,-1,1569,1567,2,59000000,57000000,1,2,1,1
2024,1223985,2,Fecha inválida,VfB Stuttgart,FSV Mainz 05,3,3,0,0,0,1,1,3,0,1,0,1,3,1.0,3.0,0,1,1,0,1,1,0.0,0.0,1,0,1,0,1,1,0,0,1,1,1,1.0,1.0,0,1,0,0,1,0,0.0,0.0,10,8,10,10,8,10,-1,-2,13,5,8,7,7,0,1572,1564,8,52000000,54000000,1,2,0,0
2024,1223991,2,Fecha inválida,VfL Bochum,Borussia Mönchengladbach,0,2,0,0,0,1,0,1,0,1,0,0,1,0.0,1.0,0,0,0,0,0,0,0.0,0.0,0,0,0,1,2,3,0,1,0,2,3,2.0,3.0,0,1,1,0,1,1,0.0,0.0,1,1,6,6,1,1,0,0,17,4,13,7,7,0,1576,1563,13,56000000,53000000,2,1,0,1
2024,1223992,2,Fecha inválida,Holstein Kiel,VfL Wolfsburg,0,2,0,0,0,1,2,3,0,1,0,2,3,2.0,3.0,0,1,1,0,1,1,0.0,0.0,0,0,0,1,2,3,0,1,0,2,3,2.0,3.0,0,1,1,0,1,1,0.0,0.0,1,1,2,2,1,1,0,0,12,2,10,7,6,1,1591,1561,30,51000000,51000000,2,2,1,1
2024,1223984,2,Fecha inválida,Bayer Leverkusen,RB Leipzig,2,3,3,1,0,0,3,2,1,0,3,3,2,3.0,2.0,0,1,1,0,1,1,0.0,1.0,3,1,0,0,1,0,1,0,3,1,0,1.0,0.0,1,0,0,1,0,0,1.0,0.0,5,5,8,8,5,5,0,0,9,14,-5,7,7,0,1568,1573,-5,58000000,53000000,0,2,0,1
2024,1223988,2,Fecha inválida,1. FC Heidenheim,FC Augsburg,4,0,3,1,0,0,2,0,1,0,3,2,0,2.0,0.0,1,0,0,1,0,0,0.0,1.0,1,0,1,0,2,2,0,0,1,2,2,2.0,2.0,0,1,1,0,1,1,0.0,0.0,1,1,3,3,1,1,2,2,1,11,-10,6,8,-2,1580,1570,10,50000000,50000000,0,2,0,0
2024,1223986,2,Fecha inválida,Bayern München,SC Freiburg,2,0,3,1,0,0,3,2,1,0,3,3,2,3.0,2.0,0,1,1,0,1,1,0.0,1.0,3,1,0,0,3,1,1,0,3,3,1,3.0,1.0,0,1,1,0,1,1,1.0,0.0,20,7,2,2,7,20,0,-1,18,1,17,7,8,-1,1557,1560,-3,57000000,50000000,1,1,1,0
2024,1223994,3,Fecha inválida,Borussia Dortmund,1. FC Heidenheim,4,2,4,1,1,0,2,0,1,0,4,2,0,1.0,0.0,2,0,0,2,0,0,1.0,0.0,6,2,0,0,6,0,2,0,6,6,0,3.0,0.0,2,0,1,2,0,1,1.0,1.0,1,3,0,0,3,1,-2,-4,6,1,5,13,12,1,1565,1580,-15,55000000,50000000,0,0,1,0
2024,1223996,3,Fecha inválida,SC Freiburg,VfL Bochum,2,1,3,1,0,1,3,3,1,0,3,3,3,1.5,1.5,0,1,1,0,1,1,1.0,0.0,0,0,0,2,0,3,0,2,0,0,3,0.0,1.5,0,0,0,0,0,0,0.0,0.0,7,1,3,3,1,7,3,3,1,17,-16,12,14,-2,1560,1576,-16,50000000,56000000,1,2,0,0
2024,1223998,3,Fecha inválida,VfL Wolfsburg,Eintracht Frankfurt,1,2,3,1,0,1,4,3,0,1,3,4,3,2.0,1.5,1,1,1,1,1,1,0.0,1.0,3,1,0,1,3,3,0,1,3,3,3,1.5,1.5,0,1,1,0,1,1,1.0,0.0,12,9,7,7,9,12,0,1,2,10,-8,14,14,0,1561,1569,-8,51000000,59000000,2,1,1,1
2024,1224000,3,Fecha inválida,Borussia Mönchengladbach,VfB Stuttgart,1,3,3,1,0,1,4,3,0,1,3,4,3,2.0,1.5,1,1,1,1,1,1,0.0,1.0,1,0,1,1,4,6,0,1,1,4,6,2.0,3.0,0,2,2,0,2,2,0.0,0.0,11,7,11,11,7,11,2,3,4,13,-9,14,14,0,1563,1572,-9,53000000,52000000,1,1,1,0
2024,1223995,3,Fecha inválida,1899 Hoffenheim,Bayer Leverkusen,1,4,3,1,0,1,4,5,1,0,3,4,5,2.0,2.5,0,2,2,0,2,2,1.0,0.0,3,1,0,1,5,5,1,0,3,5,5,2.5,2.5,0,2,2,0,2,2,0.0,1.0,7,7,16,16,7,7,0,-1,8,9,-1,14,13,1,1567,1568,-1,57000000,58000000,2,0,1,0
2024,1223993,3,Fecha inválida,RB Leipzig,Union Berlin,0,0,6,2,0,0,4,2,2,0,6,4,2,2.0,1.0,1,1,1,1,1,1,1.0,1.0,4,1,1,0,2,1,0,0,4,2,1,1.0,0.5,1,1,0,1,1,0,1.0,0.0,8,3,6,6,3,8,2,1,14,3,11,13,14,-1,1573,1582,-9,53000000,52000000,2,2,1,0
2024,1224001,3,Fecha inválida,Holstein Kiel,Bayern München,1,6,0,0,0,2,2,5,0,2,0,2,5,1.0,2.5,0,1,1,0,1,1,0.0,0.0,6,2,0,0,5,2,2,0,6,5,2,2.5,1.0,1,1,1,1,1,1,1.0,1.0,1,1,1,1,1,1,-6,-6,12,18,-6,14,13,1,1591,1557,34,51000000,57000000,2,1,1,1
2024,1223997,3,Fecha inválida,FC Augsburg,FC St. Pauli,3,1,1,0,1,1,2,6,0,0,1,2,6,1.0,3.0,0,1,2,0,1,2,0.0,0.0,0,0,0,2,0,3,0,2,0,0,3,0.0,1.5,0,0,0,0,0,0,0.0,0.0,1,1,0,0,1,1,1,-1,11,7,4,14,15,-1,1570,1586,-16,50000000,56000000,2,0,0,0
2024,1223999,3,Fecha inválida,FSV Mainz 05,Werder Bremen,1,2,2,0,2,0,4,4,0,0,2,4,4,2.0,2.0,0,2,1,0,2,1,0.0,0.0,2,0,2,0,2,2,0,0,2,2,2,1.0,1.0,1,1,1,1,1,1,0.0,0.0,10,7,11,11,7,10,0,0,5,3,2,15,15,0,1564,1562,2,54000000,52000000,2,0,0,0
2024,1224007,4,Fecha inválida,FC Augsburg,FSV Mainz 05,2,3,4,1,1,1,5,7,0,0,4,5,7,1.67,2.33,0,2,3,0,2,3,0.5,0.0,2,0,2,1,5,6,0,0,2,5,6,1.67,2.0,0,3,2,0,3,2,0.0,0.0,13,3,13,13,3,13,2,-1,11,5,6,5,5,0,1570,1564,6,50000000,54000000,2,2,0,0
2024,1224006,4,Fecha inválida,Werder Bremen,Bayern München,0,5,5,1,2,0,4,3,0,0,5,4,3,1.33,1.0,1,2,2,1,2,2,0.0,0.5,9,3,0,0,11,3,3,0,9,11,3,3.67,1.0,1,2,2,1,2,2,1.0,1.0,1,3,26,26,3,1,-4,-7,3,18,-15,5,6,-1,1562,1557,5,52000000,57000000,0,1,0,1
2024,1224009,4,Fecha inválida,VfL Bochum,Holstein Kiel,2,2,0,0,0,3,1,5,0,3,0,1,5,0.33,1.67,0,1,1,0,1,1,0.0,0.0,0,0,0,3,3,11,0,3,0,3,11,1.0,3.67,0,2,2,0,2,2,0.0,0.0,2,4,4,4,4,2,0,4,17,12,5,7,6,1,1576,1591,-15,56000000,51000000,2,2,0,1
2024,1224005,4,Fecha inválida,1. FC Heidenheim,SC Freiburg,0,3,6,2,0,1,8,4,2,0,6,8,4,2.67,1.33,2,1,2,2,1,2,1.0,0.5,6,2,0,1,5,4,1,0,6,5,4,1.67,1.33,0,2,2,0,2,2,1.0,0.0,1,2,3,3,2,1,0,3,1,1,0,7,7,0,1580,1560,20,50000000,50000000,0,1,0,0
2024,1224008,4,Fecha inválida,Union Berlin,1899 Hoffenheim,2,1,5,1,2,0,2,1,0,0,5,2,1,0.67,0.33,2,1,0,2,1,0,1.0,0.0,3,1,0,2,5,9,1,0,3,5,9,1.67,3.0,0,3,3,0,3,3,0.5,0.0,5,3,4,4,3,5,2,5,3,8,-5,7,7,0,1582,1567,15,52000000,57000000,2,2,0,1
2024,1224004,4,Fecha inválida,Eintracht Frankfurt,Borussia Mönchengladbach,2,0,6,2,0,1,5,4,0,1,6,5,4,1.67,1.33,0,2,2,0,2,2,1.0,0.5,3,1,0,2,5,6,0,1,3,5,6,1.67,2.0,1,2,2,1,2,2,0.0,1.0,11,9,11,11,9,11,3,2,10,4,6,7,7,0,1569,1563,6,59000000,53000000,1,1,1,1
2024,1224002,4,Fecha inválida,Bayer Leverkusen,VfL Wolfsburg,4,3,6,2,0,1,9,6,1,0,6,9,6,3.0,2.0,0,3,3,0,3,3,0.0,1.0,3,1,0,2,5,5,0,1,3,5,5,1.67,1.67,1,2,2,1,2,2,0.0,1.0,13,7,11,11,7,13,3,3,9,2,7,8,8,0,1568,1561,7,58000000,51000000,0,2,0,1
2024,1224003,4,Fecha inválida,VfB Stuttgart,Borussia Dortmund,5,1,4,1,1,1,7,7,0,1,4,7,7,2.33,2.33,0,3,3,0,3,3,0.0,0.5,7,2,1,0,6,2,1,0,7,6,2,2.0,0.67,2,1,1,2,1,1,1.0,0.0,6,7,15,15,7,6,-3,-4,13,6,7,8,8,0,1572,1565,7,52000000,55000000,1,0,0,1
2024,1224010,4,Fecha inválida,FC St. Pauli,RB Leipzig,0,0,0,0,0,3,1,6,0,3,0,1,6,0.33,2.0,0,1,1,0,1,1,0.0,0.0,7,2,1,0,4,2,2,0,7,4,2,1.33,0.67,2,1,1,2,1,1,0.5,1.0,3,2,2,2,2,3,-7,-7,7,14,-7,7,8,-1,1586,1573,13,56000000,53000000,0,2,0,1
2024,1224013,5,Fecha inválida,Borussia Dortmund,VfL Bochum,4,2,7,2,1,1,7,7,1,0,7,7,7,1.75,1.75,2,2,2,2,2,2,1.0,0.0,1,0,1,3,3,7,0,3,1,3,7,0.75,1.75,0,2,2,0,2,2,0.0,0.0,4,4,3,3,4,4,6,4,6,17,-11,5,6,-1,1565,1576,-11,55000000,56000000,0,2,1,0
2024,1224015,5,Fecha inválida,SC Freiburg,FC St. Pauli,0,3,9,3,0,1,8,4,1,0,9,8,4,2.0,1.0,1,2,3,1,2,3,1.0,0.5,1,0,1,3,1,6,0,3,1,1,6,0.25,1.5,1,1,1,1,1,1,0.0,0.0,3,2,3,3,2,3,8,9,1,7,-6,7,5,2,1560,1586,-26,50000000,56000000,1,0,0,0
2024,1224016,5,Fecha inválida,VfL Wolfsburg,VfB Stuttgart,2,2,3,1,0,3,8,9,0,1,3,8,9,2.0,2.25,1,3,3,1,3,3,0.0,0.5,7,2,1,1,12,8,0,1,7,12,8,3.0,2.0,0,4,4,0,4,4,0.5,0.5,14,5,7,7,5,14,-4,-5,2,13,-11,6,5,1,1561,1572,-11,51000000,52000000,2,1,1,0
2024,1224018,5,Fecha inválida,Borussia Mönchengladbach,Union Berlin,1,0,3,1,0,3,5,8,0,1,3,5,8,1.25,2.0,1,2,2,1,2,2,0.0,0.5,8,2,2,0,4,2,0,0,8,4,2,1.0,0.5,2,2,1,2,2,1,1.0,0.0,2,4,6,6,4,2,-5,-5,4,3,1,6,7,-1,1563,1582,-19,53000000,52000000,1,2,1,0
2024,1224017,5,Fecha inválida,FSV Mainz 05,1. FC Heidenheim,0,2,5,1,2,1,8,8,0,0,5,8,8,2.0,2.0,0,4,3,0,4,3,0.0,0.5,6,2,0,2,8,7,2,0,6,8,7,2.0,1.75,2,1,3,2,1,3,0.5,0.5,0,2,2,2,2,0,-1,-1,5,1,4,7,7,0,1564,1580,-16,54000000,50000000,2,0,0,0
2024,1224012,5,Fecha inválida,RB Leipzig,FC Augsburg,4,0,8,2,2,0,4,2,2,0,8,4,2,1.0,0.5,3,1,1,3,1,1,0.5,0.5,4,1,1,2,7,10,0,0,4,7,10,1.75,2.5,0,3,4,0,3,4,0.33,0.0,12,7,3,3,7,12,4,5,14,11,3,5,7,-2,1573,1570,3,53000000,50000000,2,2,1,0
2024,1224011,5,Fecha inválida,Bayern München,Bayer Leverkusen,1,1,12,4,0,0,16,3,4,0,12,16,3,4.0,0.75,2,2,3,2,2,3,1.0,1.0,9,3,0,1,13,9,1,0,9,13,9,3.25,2.25,0,4,4,0,4,4,0.5,1.0,18,8,8,8,8,18,3,9,18,9,9,7,6,1,1557,1568,-11,57000000,58000000,1,0,1,0
2024,1224019,5,Fecha inválida,Holstein Kiel,Eintracht Frankfurt,2,4,1,0,1,3,5,13,0,3,1,5,13,1.25,3.25,0,3,3,0,3,3,0.0,0.0,9,3,0,1,7,4,0,1,9,7,4,1.75,1.0,1,2,2,1,2,2,1.0,0.5,0,1,1,1,1,0,-8,-11,12,10,2,8,7,1,1591,1569,22,51000000,59000000,2,1,1,1
2024,1224014,5,Fecha inválida,1899 Hoffenheim,Werder Bremen,3,4,3,1,0,3,6,11,1,0,3,6,11,1.5,2.75,0,4,4,0,4,4,0.5,0.0,5,1,2,1,4,8,0,0,5,4,8,1.0,2.0,1,2,3,1,2,3,0.0,0.5,9,10,10,10,10,9,-2,-1,8,3,5,8,8,0,1567,1562,5,57000000,52000000,2,0,1,0
2024,1224025,6,Fecha inválida,FC Augsburg,Borussia Mönchengladbach,2,1,4,1,1,3,7,14,0,0,4,7,14,1.4,2.8,0,3,5,0,3,5,0.33,0.0,6,2,0,3,6,8,0,1,6,6,8,1.2,1.6,2,2,2,2,2,2,0.33,0.5,10,10,8,8,10,10,-2,-5,11,4,7,6,6,0,1570,1563,7,50000000,53000000,2,1,0,1
2024,1224024,6,Fecha inválida,Werder Bremen,SC Freiburg,0,1,8,2,2,1,8,11,0,0,8,8,11,1.6,2.2,1,3,4,1,3,4,0.0,0.67,9,3,0,2,8,7,1,0,9,8,7,1.6,1.4,1,2,4,1,2,4,0.67,0.5,10,9,8,8,9,10,-1,-4,3,1,2,5,7,-2,1562,1560,2,52000000,50000000,0,1,0,0
2024,1224020,6,Fecha inválida,Bayer Leverkusen,Holstein Kiel,2,2,10,3,1,1,14,10,1,0,10,14,10,2.8,2.0,0,5,4,0,5,4,0.5,0.67,1,0,1,4,7,17,0,3,1,7,17,1.4,3.4,0,4,4,0,4,4,0.0,0.0,0,2,0,0,2,0,9,14,9,12,-3,6,6,0,1568,1591,-23,58000000,51000000,0,2,0,1
2024,1224027,6,Fecha inválida,VfL Bochum,VfL Wolfsburg,1,3,1,0,1,4,5,11,0,3,1,5,11,1.0,2.2,0,3,3,0,3,3,0.0,0.0,4,1,1,3,10,11,0,1,4,10,11,2.0,2.2,1,4,4,1,4,4,0.0,0.5,2,1,5,5,1,2,-3,-5,17,2,15,7,7,0,1576,1561,15,56000000,51000000,2,2,0,1
2024,1224026,6,Fecha inválida,Union Berlin,Borussia Dortmund,2,1,8,2,2,1,4,3,0,0,8,4,3,0.8,0.6,2,2,1,2,2,1,1.0,0.0,10,3,1,1,11,9,1,0,10,11,9,2.2,1.8,2,3,3,2,3,3,1.0,0.0,4,1,9,9,1,4,-2,-1,3,6,-3,7,7,0,1582,1565,17,52000000,55000000,2,0,0,1
2024,1224028,6,Fecha inválida,FC St. Pauli,FSV Mainz 05,0,3,4,1,1,3,4,6,0,3,4,4,6,0.8,1.2,2,1,2,2,1,2,0.0,0.33,5,1,2,2,8,10,0,0,5,8,10,1.6,2.0,0,4,3,0,4,3,0.0,0.5,0,1,3,3,1,0,-1,0,7,5,2,7,7,0,1586,1564,22,56000000,54000000,0,2,0,0
2024,1224023,6,Fecha inválida,1. FC Heidenheim,RB Leipzig,0,1,9,3,0,2,10,7,2,0,9,10,7,2.0,1.4,3,1,3,3,1,3,0.5,0.67,11,3,2,0,8,2,2,0,11,8,2,1.6,0.4,4,1,2,4,1,2,0.67,0.5,1,4,5,5,4,1,-2,-3,1,14,-13,8,8,0,1580,1573,7,50000000,53000000,0,2,0,1
2024,1224022,6,Fecha inválida,Eintracht Frankfurt,Bayern München,3,3,12,4,0,1,11,6,0,1,12,11,6,2.2,1.2,1,3,3,1,3,3,1.0,0.67,13,4,1,0,17,4,4,0,13,17,4,3.4,0.8,2,3,3,2,3,3,0.5,1.0,5,6,20,20,6,5,-1,-8,10,18,-8,7,7,0,1569,1557,12,59000000,57000000,1,1,1,1
2024,1224021,6,Fecha inválida,VfB Stuttgart,1899 Hoffenheim,1,1,8,2,2,1,14,10,0,1,8,14,10,2.8,2.0,0,5,5,0,5,5,0.5,0.33,3,1,0,4,9,15,1,0,3,9,15,1.8,3.0,0,5,5,0,5,5,0.33,0.0,10,8,8,8,8,10,5,10,13,8,5,8,7,1,1572,1567,5,52000000,57000000,1,2,0,1
2024,1224031,7,Fecha inválida,Borussia Dortmund,FC St. Pauli,2,1,10,3,1,2,12,11,1,0,10,11,9,2.2,1.8,2,4,4,2,3,3,1.0,0.0,4,1,1,4,4,9,0,3,4,4,6,0.8,1.2,2,1,3,2,1,2,0.0,0.33,4,1,1,1,1,4,6,6,6,7,-1,13,13,0,1565,1586,-21,55000000,56000000,0,0,1,0
2024,1224033,7,Fecha inválida,SC Freiburg,FC Augsburg,3,1,12,4,0,2,9,7,1,0,9,8,7,1.6,1.4,2,2,4,1,2,4,0.67,0.67,7,2,1,3,9,15,0,0,4,7,14,1.4,2.8,0,4,6,0,3,5,0.5,0.0,13,8,6,6,8,13,5,8,1,11,-10,14,14,0,1560,1570,-10,50000000,50000000,1,2,0,0
2024,1224036,7,Fecha inválida,Borussia Mönchengladbach,1. FC Heidenheim,3,2,6,2,0,4,7,10,0,1,6,6,8,1.2,1.6,2,3,3,2,2,2,0.33,0.33,9,3,0,3,10,8,2,0,9,10,7,2.0,1.4,3,1,3,3,1,3,0.33,0.67,4,2,0,0,2,4,-3,-5,4,1,3,14,13,1,1563,1580,-17,53000000,50000000,1,0,1,0
2024,1224035,7,Fecha inválida,FSV Mainz 05,RB Leipzig,0,2,8,2,2,2,11,10,0,0,5,8,10,1.6,2.0,1,4,4,0,4,3,0.0,0.67,14,4,2,0,9,2,2,0,11,8,2,1.6,0.4,5,1,2,4,1,2,0.67,0.67,5,5,8,8,5,5,-6,-6,5,14,-9,13,13,0,1564,1573,-9,54000000,53000000,2,2,0,1
2024,1224032,7,Fecha inválida,1899 Hoffenheim,VfL Bochum,3,1,4,1,1,4,10,16,1,0,3,9,15,1.8,3.0,0,6,5,0,5,5,0.33,0.0,1,0,1,5,6,14,0,3,1,5,11,1.0,2.2,0,4,4,0,3,3,0.0,0.0,3,1,4,4,1,3,3,2,8,17,-9,12,14,-2,1567,1576,-9,57000000,56000000,2,2,1,0
2024,1224029,7,Fecha inválida,Bayer Leverkusen,Eintracht Frankfurt,2,1,11,3,2,1,16,12,1,0,10,14,10,2.8,2.0,0,6,5,0,5,4,0.33,0.67,13,4,1,1,14,9,0,1,12,11,6,2.2,1.2,1,4,4,1,3,3,0.67,0.67,18,2,9,9,2,18,-2,-1,9,10,-1,14,12,2,1568,1569,-1,58000000,59000000,0,1,0,1
2024,1224030,7,Fecha inválida,Bayern München,VfB Stuttgart,4,0,14,4,2,0,20,7,4,0,13,17,4,3.4,0.8,2,4,4,2,3,3,0.5,0.75,9,2,3,1,15,11,0,1,8,14,10,2.8,2.0,0,6,5,0,5,5,0.33,0.33,23,3,2,2,3,23,5,9,18,13,5,13,12,1,1557,1572,-15,57000000,52000000,1,1,1,0
2024,1224037,7,Fecha inválida,Holstein Kiel,Union Berlin,0,2,2,0,2,4,9,19,0,3,1,7,17,1.4,3.4,0,5,5,0,4,4,0.0,0.0,11,3,2,1,6,4,0,0,8,4,3,0.8,0.6,2,3,2,2,2,1,1.0,0.0,2,2,4,4,2,2,-9,-12,12,3,9,15,15,0,1591,1582,9,51000000,52000000,2,2,1,0
2024,1224034,7,Fecha inválida,VfL Wolfsburg,Werder Bremen,2,4,7,2,1,3,13,12,0,1,4,10,11,2.0,2.2,1,5,5,1,4,4,0.0,0.67,8,2,2,2,8,12,0,0,8,8,11,1.6,2.2,1,3,4,1,3,4,0.0,0.67,12,7,9,9,7,12,-1,5,2,3,-1,15,15,0,1561,1562,-1,51000000,52000000,2,0,1,0
2024,1224043,8,Fecha inválida,FSV Mainz 05,Borussia Mönchengladbach,1,1,8,2,2,3,11,12,0,0,5,8,10,1.6,2.0,1,4,4,0,4,3,0.0,0.67,9,3,0,4,10,12,0,1,6,6,8,1.2,1.6,2,4,4,2,2,2,0.5,0.33,7,11,12,12,11,7,-1,1,5,4,1,6,6,0,1564,1563,1,54000000,53000000,2,1,0,1
2024,1224042,8,Fecha inválida,FC Augsburg,Borussia Dortmund,2,1,7,2,1,4,10,18,0,0,4,7,14,1.4,2.8,0,5,7,0,3,5,0.5,0.0,13,4,1,2,14,12,1,0,10,11,9,2.2,1.8,2,5,5,2,3,3,1.0,0.0,4,8,17,17,8,4,-6,-10,11,6,5,7,7,0,1570,1565,5,50000000,55000000,2,0,0,1
2024,1224038,8,Fecha inválida,VfB Stuttgart,Holstein Kiel,2,1,9,2,3,2,15,15,0,1,8,14,10,2.8,2.0,0,6,6,0,5,5,0.33,0.25,2,0,2,5,9,21,0,3,1,7,17,1.4,3.4,0,5,5,0,4,4,0.0,0.0,2,1,2,2,1,2,7,12,13,12,1,6,6,0,1572,1591,-19,52000000,51000000,1,2,0,1
2024,1224039,8,Fecha inválida,RB Leipzig,SC Freiburg,3,1,17,5,2,0,11,2,2,0,11,8,2,1.6,0.4,6,1,2,4,1,2,0.67,0.75,15,5,0,2,12,8,1,0,9,8,7,1.6,1.4,2,3,5,1,2,4,0.75,0.67,13,5,4,4,5,13,2,5,14,1,13,7,7,0,1573,1560,13,53000000,50000000,2,1,1,0
2024,1224046,8,Fecha inválida,FC St. Pauli,VfL Wolfsburg,0,0,4,1,1,5,5,11,0,3,4,4,6,0.8,1.2,2,2,4,2,1,2,0.0,0.25,7,2,1,4,15,16,0,1,4,10,11,2.0,2.2,1,6,6,1,4,4,0.0,0.67,0,4,0,0,4,0,-3,-5,7,2,5,7,5,2,1586,1561,25,56000000,51000000,0,2,0,1
2024,1224041,8,Fecha inválida,Werder Bremen,Bayer Leverkusen,2,2,11,3,2,2,12,14,0,0,8,8,11,1.6,2.2,1,4,5,1,3,4,0.0,0.75,14,4,2,1,18,13,1,0,10,14,10,2.8,2.0,0,7,6,0,5,4,0.5,0.67,6,12,12,12,12,6,-3,-7,3,9,-6,6,7,-1,1562,1568,-6,52000000,58000000,0,0,0,0
2024,1224045,8,Fecha inválida,VfL Bochum,Bayern München,0,5,1,0,1,6,7,17,0,3,1,5,11,1.0,2.2,0,5,5,0,3,3,0.0,0.0,17,5,2,0,24,7,4,0,13,17,4,3.4,0.8,3,4,5,2,3,3,0.67,0.75,2,1,8,8,1,2,-16,-27,17,18,-1,8,7,1,1576,1557,19,56000000,57000000,2,1,0,1
2024,1224044,8,Fecha inválida,Union Berlin,Eintracht Frankfurt,1,1,14,4,2,1,8,4,0,0,8,4,3,0.8,0.6,3,3,2,2,2,1,1.0,0.25,13,4,1,2,15,11,0,1,12,11,6,2.2,1.2,1,5,5,1,3,3,0.67,0.5,3,4,8,8,4,3,1,0,3,10,-7,7,8,-1,1582,1569,13,52000000,59000000,2,1,0,1
2024,1224040,8,Fecha inválida,1. FC Heidenheim,1899 Hoffenheim,0,0,9,3,0,4,12,11,2,0,9,10,7,2.0,1.4,3,2,4,3,1,3,0.33,0.5,7,2,1,4,13,17,1,0,3,9,15,1.8,3.0,0,7,6,0,5,5,0.5,0.0,1,3,2,2,3,1,2,5,1,8,-7,8,8,0,1580,1567,13,50000000,57000000,0,2,0,1
2024,1224047,9,Fecha inválida,Bayer Leverkusen,VfB Stuttgart,0,0,15,4,3,1,20,15,1,0,10,14,10,2.8,2.0,0,8,7,0,5,4,0.5,0.5,12,3,3,2,17,16,0,1,8,14,10,2.8,2.0,0,7,7,0,5,5,0.5,0.25,19,9,1,1,9,19,3,4,9,13,-4,6,6,0,1568,1572,-4,58000000,52000000,0,1,0,0
2024,1224048,9,Fecha inválida,Bayern München,Union Berlin,3,0,20,6,2,0,29,7,4,0,13,17,4,3.4,0.8,4,4,6,2,3,3,0.67,0.8,15,4,3,1,9,5,0,0,8,4,3,0.8,0.6,3,4,2,2,2,1,0.75,0.25,8,4,0,0,4,8,5,18,18,3,15,6,5,1,1557,1582,-25,57000000,52000000,1,2,1,0
2024,1224053,9,Fecha inválida,VfL Wolfsburg,FC Augsburg,1,1,8,2,2,4,15,16,0,1,4,10,11,2.0,2.2,2,6,6,1,4,4,0.0,0.5,10,3,1,4,12,19,0,0,4,7,14,1.4,2.8,0,6,8,0,3,5,0.6,0.0,9,11,9,9,11,9,-2,6,2,11,-9,7,7,0,1561,1570,-9,51000000,50000000,2,2,1,0
2024,1224051,9,Fecha inválida,1899 Hoffenheim,FC St. Pauli,0,2,8,2,2,4,13,17,1,0,3,9,15,1.8,3.0,1,7,6,0,5,5,0.5,0.0,5,1,2,5,5,11,0,3,4,4,6,0.8,1.2,3,2,4,2,1,2,0.0,0.25,1,2,1,1,2,1,3,2,8,7,1,5,7,-2,1567,1586,-19,57000000,56000000,2,0,1,0
2024,1224050,9,Fecha inválida,Eintracht Frankfurt,VfL Bochum,7,2,14,4,2,2,16,12,0,1,12,11,6,2.2,1.2,1,6,5,1,3,3,0.67,0.4,1,0,1,7,7,22,0,3,1,5,11,1.0,2.2,0,5,6,0,3,3,0.0,0.0,5,4,2,2,4,5,13,19,10,17,-7,5,6,-1,1569,1576,-7,59000000,56000000,1,2,1,0
2024,1224055,9,Fecha inválida,Holstein Kiel,1. FC Heidenheim,1,0,2,0,2,6,10,23,0,3,1,7,17,1.4,3.4,0,6,6,0,4,4,0.0,0.0,10,3,1,4,12,11,2,0,9,10,7,2.0,1.4,4,2,4,3,1,3,0.25,0.5,4,5,7,7,5,4,-8,-14,12,1,11,7,5,2,1591,1580,11,51000000,50000000,2,0,1,0
2024,1224049,9,Fecha inválida,Borussia Dortmund,RB Leipzig,2,1,13,4,1,3,15,14,1,0,10,11,9,2.2,1.8,2,6,6,2,3,3,1.0,0.0,20,6,2,0,14,3,2,0,11,8,2,1.6,0.4,6,2,3,4,1,2,0.75,0.75,9,3,8,8,3,9,-7,-10,6,14,-8,7,7,0,1565,1573,-8,55000000,53000000,0,2,1,1
2024,1224052,9,Fecha inválida,SC Freiburg,FSV Mainz 05,0,0,15,5,0,3,13,11,1,0,9,8,7,1.6,1.4,2,4,6,1,2,4,0.75,0.5,9,2,3,3,12,13,0,0,5,8,10,1.6,2.0,1,5,4,0,4,3,0.0,0.67,8,10,11,11,10,8,6,3,1,5,-4,8,8,0,1560,1564,-4,50000000,54000000,1,2,0,0
2024,1224054,9,Fecha inválida,Borussia Mönchengladbach,Werder Bremen,4,1,10,3,1,4,11,13,0,1,6,6,8,1.2,1.6,2,5,4,2,2,2,0.5,0.25,12,3,3,2,14,16,0,0,8,8,11,1.6,2.2,1,5,6,1,3,4,0.0,0.75,13,11,6,6,11,13,-2,0,4,3,1,8,8,0,1563,1562,1,53000000,52000000,1,0,1,0
2024,1224062,10,Fecha inválida,Union Berlin,SC Freiburg,0,0,15,4,3,2,9,8,0,0,8,4,3,0.8,0.6,3,4,3,2,2,1,0.75,0.2,16,5,1,3,13,11,1,0,9,8,7,1.6,1.4,3,4,6,1,2,4,0.6,0.5,7,5,3,3,5,7,-1,-1,3,1,2,6,5,1,1582,1560,22,52000000,50000000,2,1,0,0
2024,1224059,10,Fecha inválida,Werder Bremen,Holstein Kiel,2,1,12,3,3,3,15,20,0,0,8,8,11,1.6,2.2,1,6,7,1,3,4,0.0,0.6,5,1,2,6,11,23,0,3,1,7,17,1.4,3.4,1,6,6,0,4,4,0.2,0.0,1,1,2,2,1,1,7,7,3,12,-9,5,7,-2,1562,1591,-29,52000000,51000000,0,2,0,1
2024,1224061,10,Fecha inválida,FSV Mainz 05,Borussia Dortmund,3,1,10,2,4,3,12,13,0,0,5,8,10,1.6,2.0,2,5,4,0,4,3,0.0,0.5,16,5,1,3,17,15,1,0,10,11,9,2.2,1.8,2,7,7,2,3,3,1.0,0.0,6,6,19,19,6,6,-6,-3,5,6,-1,6,6,0,1564,1565,-1,54000000,55000000,2,0,0,1
2024,1224063,10,Fecha inválida,VfL Bochum,Bayer Leverkusen,1,1,1,0,1,8,9,29,0,3,1,5,11,1.0,2.2,0,6,7,0,3,3,0.0,0.0,16,4,4,1,20,15,1,0,10,14,10,2.8,2.0,1,8,7,0,5,4,0.4,0.5,1,3,4,4,3,1,-15,-25,17,9,8,7,7,0,1576,1568,8,56000000,58000000,2,0,0,0
2024,1224064,10,Fecha inválida,FC St. Pauli,Bayern München,0,1,8,2,2,5,7,11,0,3,4,4,6,0.8,1.2,4,2,4,2,1,2,0.0,0.4,23,7,2,0,32,7,4,0,13,17,4,3.4,0.8,5,4,7,2,3,3,0.75,0.8,0,1,3,3,1,0,-15,-29,7,18,-11,7,7,0,1586,1557,29,56000000,57000000,0,1,0,1
2024,1224057,10,Fecha inválida,RB Leipzig,Borussia Mönchengladbach,0,0,20,6,2,1,15,5,2,0,11,8,2,1.6,0.4,6,3,4,4,1,2,0.75,0.6,13,4,1,4,15,14,0,1,6,6,8,1.2,1.6,2,6,5,2,2,2,0.6,0.25,10,5,3,3,5,10,7,9,14,4,10,7,6,1,1573,1563,10,53000000,53000000,2,1,1,1
2024,1224060,10,Fecha inválida,FC Augsburg,1899 Hoffenheim,0,0,11,3,2,4,13,20,0,0,4,7,14,1.4,2.8,0,7,8,0,3,5,0.6,0.0,8,2,2,5,13,19,1,0,3,9,15,1.8,3.0,1,7,6,0,5,5,0.4,0.0,7,7,17,17,7,7,3,-1,11,8,3,8,8,0,1570,1567,3,50000000,57000000,2,2,0,1
2024,1224056,10,Fecha inválida,VfB Stuttgart,Eintracht Frankfurt,2,3,13,3,4,2,17,16,0,1,8,14,10,2.8,2.0,1,7,7,0,5,5,0.5,0.2,17,5,2,2,23,14,0,1,12,11,6,2.2,1.2,1,7,6,1,3,3,0.75,0.4,9,6,10,10,6,9,-4,-8,13,10,3,8,8,0,1572,1569,3,52000000,59000000,1,1,0,1
2024,1224058,10,Fecha inválida,1. FC Heidenheim,VfL Wolfsburg,1,3,10,3,1,5,12,12,2,0,9,10,7,2.0,1.4,4,2,4,3,1,3,0.25,0.4,9,2,3,4,16,17,0,1,4,10,11,2.0,2.2,2,7,6,1,4,4,0.0,0.5,0,2,4,4,2,0,1,1,1,2,-1,8,8,0,1580,1561,19,50000000,51000000,0,2,0,1
2024,1224067,11,Fecha inválida,Bayern München,FC Augsburg,3,0,26,8,2,0,33,7,4,0,13,17,4,3.4,0.8,6,4,7,2,3,3,0.75,0.83,12,3,3,4,13,20,0,0,4,7,14,1.4,2.8,1,7,8,0,3,5,0.5,0.0,25,3,4,4,3,25,14,33,18,11,7,13,12,1,1557,1570,-13,57000000,50000000,1,2,1,0
2024,1224071,11,Fecha inválida,VfL Wolfsburg,Union Berlin,1,0,12,3,3,4,19,18,0,1,4,10,11,2.0,2.2,2,8,7,1,4,4,0.0,0.6,16,4,4,2,9,8,0,0,8,4,3,0.8,0.6,4,4,3,2,2,1,0.6,0.2,5,4,4,4,4,5,-4,0,2,3,-1,12,14,-2,1561,1582,-21,51000000,52000000,2,2,1,0
2024,1224068,11,Fecha inválida,Borussia Dortmund,SC Freiburg,4,0,16,5,1,4,18,18,1,0,10,11,9,2.2,1.8,2,8,8,2,3,3,1.0,0.0,17,5,2,3,13,11,1,0,9,8,7,1.6,1.4,4,4,6,1,2,4,0.6,0.4,22,4,2,2,4,22,-1,-2,6,1,5,14,14,0,1565,1560,5,55000000,50000000,0,1,1,0
2024,1224070,11,Fecha inválida,1899 Hoffenheim,RB Leipzig,4,3,9,2,3,5,13,19,1,0,3,9,15,1.8,3.0,2,7,6,0,5,5,0.4,0.0,21,6,3,1,15,5,2,0,11,8,2,1.6,0.4,7,3,4,4,1,2,0.6,0.6,4,5,11,11,5,4,-12,-16,8,14,-6,13,13,0,1567,1573,-6,57000000,53000000,2,2,1,1
2024,1224065,11,Fecha inválida,Bayer Leverkusen,1. FC Heidenheim,5,2,17,4,5,1,21,16,1,0,10,14,10,2.8,2.0,1,9,7,0,5,4,0.4,0.4,10,3,1,6,13,15,2,0,9,10,7,2.0,1.4,4,3,5,3,1,3,0.2,0.4,3,1,1,1,1,3,7,7,9,1,8,14,12,2,1568,1580,-12,58000000,50000000,0,0,0,0
2024,1224066,11,Fecha inválida,VfB Stuttgart,VfL Bochum,2,0,13,3,4,3,19,19,0,1,8,14,10,2.8,2.0,1,8,8,0,5,5,0.4,0.2,2,0,2,8,10,30,0,3,1,5,11,1.0,2.2,0,7,7,0,3,3,0.0,0.0,7,5,2,2,5,7,11,20,13,17,-4,12,14,-2,1572,1576,-4,52000000,56000000,1,2,0,0
2024,1224069,11,Fecha inválida,Eintracht Frankfurt,Werder Bremen,1,0,20,6,2,2,26,16,0,1,12,11,6,2.2,1.2,1,8,7,1,3,3,0.75,0.5,15,4,3,3,17,21,0,0,8,8,11,1.6,2.2,1,7,8,1,3,4,0.2,0.6,11,11,5,5,11,11,5,14,10,3,7,13,14,-1,1569,1562,7,59000000,52000000,1,0,1,0
2024,1224073,11,Fecha inválida,Holstein Kiel,FSV Mainz 05,0,3,5,1,2,7,12,25,0,3,1,7,17,1.4,3.4,1,7,7,0,4,4,0.2,0.0,13,3,4,3,15,14,0,0,5,8,10,1.6,2.0,2,6,5,0,4,3,0.17,0.5,1,1,2,2,1,1,-8,-14,12,5,7,15,15,0,1591,1564,27,51000000,54000000,2,2,1,0
2024,1224072,11,Fecha inválida,Borussia Mönchengladbach,FC St. Pauli,2,0,14,4,2,4,15,14,0,1,6,6,8,1.2,1.6,3,6,5,2,2,2,0.6,0.2,8,2,2,6,7,12,0,3,4,4,6,0.8,1.2,4,2,4,2,1,2,0.0,0.4,2,1,3,3,1,2,6,6,4,7,-3,14,15,-1,1563,1586,-23,53000000,56000000,1,0,1,0
2024,1224082,12,Fecha inválida,FC St. Pauli,Holstein Kiel,3,1,8,2,2,6,7,12,0,2,4,4,7,0.8,1.4,4,2,4,2,1,3,0.0,0.33,5,1,2,7,10,25,0,2,2,7,16,1.4,3.2,1,6,7,0,4,4,0.17,0.0,8,3,7,7,3,8,3,10,7,12,-5,5,5,0,1586,1591,-5,56000000,51000000,0,2,0,1
2024,1224078,12,Fecha inválida,SC Freiburg,Borussia Mönchengladbach,3,1,14,4,2,4,10,14,0,1,9,6,6,1.2,1.2,4,3,6,2,1,3,0.5,0.33,17,5,2,3,15,11,1,0,6,5,7,1.0,1.4,4,5,4,2,2,2,0.8,0.2,11,10,7,7,10,11,-3,-8,1,4,-3,7,5,2,1560,1563,-3,50000000,53000000,1,1,0,1
2024,1224077,12,Fecha inválida,Werder Bremen,VfB Stuttgart,2,2,14,4,2,4,15,20,0,0,7,6,10,1.2,2.0,1,6,7,1,2,3,0.2,0.6,16,4,4,2,20,16,0,0,9,14,8,2.8,1.6,2,7,7,0,5,4,0.5,0.25,7,9,8,8,9,7,-2,-9,3,13,-10,6,7,-1,1562,1572,-10,52000000,52000000,0,1,0,0
2024,1224079,12,Fecha inválida,FC Augsburg,VfL Bochum,1,0,11,3,2,5,11,21,0,1,6,7,13,1.4,2.6,1,6,8,0,3,5,0.6,0.0,2,0,2,8,10,31,0,2,1,6,13,1.2,2.6,0,7,7,0,4,4,0.0,0.0,2,3,4,4,3,2,9,11,11,17,-6,7,7,0,1570,1576,-6,50000000,56000000,2,2,0,0
2024,1224074,12,Fecha inválida,RB Leipzig,VfL Wolfsburg,1,5,18,5,3,2,17,9,1,0,11,8,2,1.6,0.4,6,4,5,4,1,2,0.5,0.5,15,4,3,3,18,15,1,0,7,11,9,2.2,1.8,3,7,6,1,4,4,0.2,0.6,11,8,7,7,8,11,3,5,14,2,12,7,7,0,1573,1561,12,53000000,51000000,2,2,1,1
2024,1224081,12,Fecha inválida,Union Berlin,Bayer Leverkusen,1,2,15,4,3,3,8,8,1,0,10,5,3,1.0,0.6,4,3,3,2,2,2,0.6,0.2,17,4,5,1,23,16,0,1,8,13,10,2.6,2.0,1,9,7,0,5,4,0.5,0.25,1,5,8,8,5,1,-2,-7,3,9,-6,7,7,0,1582,1568,14,52000000,58000000,2,0,0,0
2024,1224075,12,Fecha inválida,Borussia Dortmund,Bayern München,1,1,16,5,1,4,20,18,0,0,7,10,11,2.0,2.2,2,8,9,1,4,4,1.0,0.0,26,8,2,0,33,5,3,0,11,17,5,3.4,1.0,7,3,7,2,3,3,0.8,0.8,14,6,26,26,6,14,-10,-26,6,18,-12,7,7,0,1565,1557,8,55000000,57000000,0,1,1,1
2024,1224080,12,Fecha inválida,FSV Mainz 05,1899 Hoffenheim,2,0,15,4,3,3,17,13,0,0,7,10,9,2.0,1.8,3,5,6,1,3,4,0.2,0.6,9,2,3,5,14,20,0,4,1,7,14,1.4,2.8,2,7,6,0,5,4,0.4,0.0,13,11,9,9,11,13,6,10,5,8,-3,7,8,-1,1564,1567,-3,54000000,57000000,2,2,0,1
2024,1224076,12,Fecha inválida,1. FC Heidenheim,Eintracht Frankfurt,0,4,7,2,1,7,13,20,1,0,6,8,8,1.6,1.6,3,4,6,2,1,3,0.2,0.2,23,7,2,1,27,14,4,0,13,14,7,2.8,1.4,2,8,7,1,4,4,0.8,0.6,0,1,4,4,1,0,-16,-20,1,10,-9,8,7,1,1580,1569,11,50000000,59000000,0,1,0,1
2024,1224084,13,Fecha inválida,VfB Stuttgart,Union Berlin,3,2,16,4,4,2,19,15,2,0,8,11,9,2.2,1.8,2,7,7,0,4,4,0.6,0.2,12,3,3,4,8,10,0,0,10,6,3,1.2,0.6,3,4,4,2,2,2,0.4,0.2,5,7,3,3,7,5,4,6,13,3,10,6,6,0,1572,1582,-10,52000000,52000000,1,2,0,0
2024,1224085,13,Fecha inválida,Bayern München,1. FC Heidenheim,4,2,24,7,3,0,32,6,2,0,11,19,5,3.8,1.0,6,4,7,2,3,4,0.75,0.67,4,1,1,8,9,24,0,2,3,6,11,1.2,2.2,2,4,6,1,2,3,0.0,0.2,3,1,1,1,1,3,20,41,18,1,17,6,5,1,1557,1580,-23,57000000,50000000,1,0,1,0
2024,1224083,13,Fecha inválida,Bayer Leverkusen,FC St. Pauli,2,1,20,5,5,0,23,14,2,0,11,13,8,2.6,1.6,1,9,7,0,5,4,0.6,0.4,11,3,2,5,10,12,0,1,4,5,8,1.0,1.6,4,3,5,2,2,4,0.2,0.4,3,1,0,0,1,3,9,11,9,7,2,7,7,0,1568,1586,-18,58000000,56000000,0,0,0,0
2024,1224086,13,Fecha inválida,Eintracht Frankfurt,FC Augsburg,2,2,23,7,2,1,28,13,3,0,10,12,8,2.4,1.6,3,7,7,1,4,4,0.75,0.67,14,4,2,4,12,17,1,0,6,8,12,1.6,2.4,2,6,7,0,4,5,0.67,0.0,8,10,8,8,10,8,9,20,10,11,-1,5,7,-2,1569,1570,-1,59000000,50000000,1,2,1,0
2024,1224090,13,Fecha inválida,VfL Bochum,Werder Bremen,0,1,2,0,2,8,10,30,0,1,1,7,14,1.4,2.8,0,7,7,0,5,5,0.0,0.0,14,4,2,4,17,22,1,0,9,10,12,2.0,2.4,0,7,8,0,3,4,0.2,0.6,0,2,4,4,2,0,-12,-15,17,3,14,7,7,0,1576,1562,14,56000000,52000000,2,0,0,0
2024,1224091,13,Fecha inválida,Holstein Kiel,RB Leipzig,0,2,5,1,2,7,11,26,0,1,2,7,16,1.4,3.2,1,7,8,0,4,4,0.2,0.0,15,4,3,3,15,12,0,0,11,7,0,1.4,0.0,6,4,5,5,0,1,0.4,0.4,0,1,3,3,1,0,-10,-18,12,14,-2,7,7,0,1591,1573,18,51000000,53000000,2,2,1,1
2024,1224089,13,Fecha inválida,Borussia Mönchengladbach,Borussia Dortmund,1,1,14,4,2,4,14,14,0,2,6,6,9,1.2,1.8,3,6,5,1,3,3,0.8,0.0,16,5,1,4,21,19,1,0,9,12,12,2.4,2.4,1,9,9,0,5,5,0.83,0.0,7,4,21,21,4,7,-2,-2,4,6,-2,7,7,0,1563,1565,-2,53000000,55000000,1,0,1,1
2024,1224088,13,Fecha inválida,VfL Wolfsburg,FSV Mainz 05,4,3,15,4,3,3,21,16,0,2,4,11,13,2.2,2.6,2,8,7,0,5,5,0.2,0.6,17,5,2,3,16,10,0,1,6,7,8,1.4,1.6,4,4,5,1,2,3,0.33,0.75,11,12,7,7,12,11,-2,-1,2,5,-3,8,7,1,1561,1564,-3,51000000,54000000,2,2,1,0
2024,1224087,13,Fecha inválida,1899 Hoffenheim,SC Freiburg,1,1,9,2,3,5,13,19,0,3,4,9,12,1.8,2.4,2,6,5,0,5,4,0.4,0.0,17,5,2,3,13,13,2,0,12,9,5,1.8,1.0,4,4,7,2,2,4,0.6,0.4,5,12,12,12,12,5,-8,-6,8,1,7,7,8,-1,1567,1560,7,57000000,50000000,2,1,1,0
2024,1224095,14,Fecha inválida,SC Freiburg,VfL Wolfsburg,3,2,15,4,3,3,12,13,1,0,9,8,7,1.6,1.4,4,4,6,2,2,4,0.5,0.33,18,5,3,2,24,17,0,1,5,10,11,2.0,2.2,2,8,7,1,4,4,0.4,0.6,11,5,14,14,5,11,-3,-8,1,2,-1,5,5,0,1560,1561,-1,50000000,51000000,1,2,0,1
2024,1224098,14,Fecha inválida,Borussia Mönchengladbach,Holstein Kiel,4,1,15,4,3,3,14,12,0,1,7,6,7,1.2,1.4,3,6,4,1,3,2,0.8,0.0,5,1,2,7,10,22,0,0,2,7,12,1.4,2.4,1,6,7,0,4,4,0.2,0.0,1,1,0,0,1,1,10,14,4,12,-8,6,7,-1,1563,1591,-28,53000000,51000000,1,2,1,1
2024,1224097,14,Fecha inválida,FSV Mainz 05,Bayern München,2,1,17,5,2,3,18,12,1,0,7,7,7,1.4,1.4,4,4,5,1,2,2,0.4,0.6,24,7,3,0,30,7,1,0,11,18,4,3.6,0.8,6,4,7,3,2,4,0.8,0.6,7,3,22,22,3,7,-7,-17,5,18,-13,6,7,-1,1564,1557,7,54000000,57000000,2,1,0,1
2024,1224096,14,Fecha inválida,FC Augsburg,Bayer Leverkusen,0,2,12,3,3,4,11,18,0,2,6,7,12,1.4,2.4,2,6,7,0,4,5,0.6,0.0,20,5,5,0,21,14,1,0,9,11,9,2.2,1.8,1,9,7,0,5,4,0.67,0.25,2,8,18,18,8,2,-8,-14,11,9,2,7,7,0,1570,1568,2,50000000,58000000,2,0,0,0
2024,1224099,14,Fecha inválida,Union Berlin,VfL Bochum,1,1,11,3,2,5,10,13,1,0,10,7,4,1.4,0.8,2,5,5,1,3,2,0.4,0.2,2,0,2,8,9,29,0,0,1,6,17,1.2,3.4,0,6,6,0,4,5,0.0,0.0,11,6,7,7,6,11,9,17,3,17,-14,7,7,0,1582,1576,6,52000000,56000000,2,2,0,0
2024,1224100,14,Fecha inválida,FC St. Pauli,Werder Bremen,0,2,11,3,2,5,10,11,0,0,5,4,5,0.8,1.0,4,3,5,3,1,3,0.2,0.4,14,4,2,4,16,21,0,1,7,10,13,2.0,2.6,1,6,7,0,3,4,0.2,0.6,0,4,4,4,4,0,-3,4,7,3,4,7,7,0,1586,1562,24,56000000,52000000,0,0,0,0
2024,1224094,14,Fecha inválida,1. FC Heidenheim,VfB Stuttgart,1,3,4,1,1,8,9,24,0,1,4,4,7,0.8,1.4,2,4,6,2,1,2,0.0,0.2,16,4,4,2,19,16,1,0,8,10,9,2.0,1.8,2,7,7,0,4,4,0.67,0.0,2,3,4,4,3,2,-12,-18,1,13,-12,8,8,0,1580,1572,8,50000000,52000000,0,1,0,0
2024,1224093,14,Fecha inválida,Borussia Dortmund,1899 Hoffenheim,1,1,14,4,2,4,18,18,0,1,6,9,12,1.8,2.4,1,9,8,0,5,5,0.8,0.0,10,2,4,4,13,16,0,2,5,8,8,1.6,1.6,2,6,4,1,4,3,0.4,0.0,15,10,7,7,10,15,4,3,6,8,-2,7,7,0,1565,1567,-2,55000000,57000000,0,2,1,1
2024,1224092,14,Fecha inválida,RB Leipzig,Eintracht Frankfurt,2,1,17,5,2,3,17,12,0,0,13,10,1,2.0,0.2,6,4,5,4,1,2,0.5,0.5,21,6,3,1,28,14,2,0,8,11,8,2.2,1.6,3,7,7,1,4,3,0.6,0.6,7,9,6,6,9,7,-4,-9,14,10,4,8,8,0,1573,1569,4,53000000,59000000,2,1,1,1
2024,1224103,15,Fecha inválida,Bayern München,RB Leipzig,5,1,21,6,3,1,26,9,0,0,11,16,4,3.2,0.8,5,5,7,3,2,4,0.8,0.4,19,6,1,3,19,13,4,0,12,11,3,2.2,0.6,5,5,6,3,2,3,0.6,0.6,12,7,3,3,7,12,2,11,18,14,4,6,5,1,1557,1573,-16,57000000,53000000,1,2,1,1
2024,1224106,15,Fecha inválida,Werder Bremen,Union Berlin,4,1,17,5,2,3,18,16,1,0,7,11,12,2.2,2.4,2,6,6,0,4,4,0.25,0.67,9,2,3,5,9,13,0,1,7,5,6,1.0,1.2,2,5,4,1,2,2,0.2,0.2,3,1,6,6,1,3,8,6,3,3,0,6,7,-1,1562,1582,-20,52000000,52000000,0,2,0,0
2024,1224105,15,Fecha inválida,1899 Hoffenheim,Borussia Mönchengladbach,1,2,11,2,5,3,13,15,0,1,5,7,8,1.4,1.6,2,6,3,1,3,2,0.4,0.0,18,5,3,2,18,11,1,0,10,10,6,2.0,1.2,3,7,5,1,4,3,0.83,0.0,8,10,12,12,10,8,-7,-9,8,4,4,5,7,-2,1567,1563,4,57000000,53000000,2,1,1,1
2024,1224104,15,Fecha inválida,Eintracht Frankfurt,FSV Mainz 05,1,3,18,5,3,2,27,16,1,0,8,16,10,3.2,2.0,2,8,8,0,5,4,0.5,0.5,17,5,2,3,17,11,0,1,5,4,5,0.8,1.0,4,4,5,2,1,1,0.5,0.5,11,9,10,10,9,11,1,5,10,5,5,5,7,-2,1569,1564,5,59000000,54000000,1,2,1,0
2024,1224102,15,Fecha inválida,VfB Stuttgart,FC St. Pauli,0,1,16,4,4,2,17,16,0,0,6,5,8,1.0,1.6,2,7,7,1,3,3,0.6,0.2,10,3,1,6,10,13,1,0,7,6,5,1.2,1.0,3,3,5,3,1,3,0.2,0.4,6,2,1,1,2,6,6,4,13,7,6,6,6,0,1572,1586,-14,52000000,56000000,1,0,0,0
2024,1224109,15,Fecha inválida,Holstein Kiel,FC Augsburg,5,1,4,1,1,8,9,24,0,1,4,6,10,1.2,2.0,1,6,7,1,3,3,0.2,0.0,12,3,3,4,9,17,0,1,7,6,10,1.2,2.0,2,5,6,0,4,4,0.6,0.0,1,1,1,1,1,1,-8,-7,12,11,1,7,7,0,1591,1570,21,51000000,50000000,2,2,1,0
2024,1224101,15,Fecha inválida,Bayer Leverkusen,SC Freiburg,5,1,20,5,5,0,19,11,0,0,7,7,6,1.4,1.2,2,8,6,1,4,3,0.6,0.4,15,4,3,3,12,15,0,1,7,5,7,1.0,1.4,3,5,6,2,2,3,0.6,0.2,14,10,6,6,10,14,5,11,9,1,8,7,7,0,1568,1560,8,58000000,50000000,0,1,0,0
2024,1224108,15,Fecha inválida,VfL Bochum,1. FC Heidenheim,2,0,2,0,2,8,8,28,0,5,0,6,22,1.2,4.4,0,6,5,0,4,5,0.0,0.0,4,1,1,8,10,24,1,0,4,4,5,0.8,1.0,2,5,6,2,1,1,0.0,0.2,10,5,4,4,5,10,-2,-6,17,1,16,8,7,1,1576,1580,-4,56000000,50000000,2,0,0,0
2024,1224107,15,Fecha inválida,VfL Wolfsburg,Borussia Dortmund,1,3,18,5,3,2,23,16,0,0,6,8,8,1.6,1.6,2,8,7,1,4,3,0.4,0.6,15,4,3,3,18,14,1,0,9,10,8,2.0,1.6,1,9,7,0,5,5,0.67,0.0,6,5,22,22,5,6,3,3,2,6,-4,8,7,1,1561,1565,-4,51000000,55000000,2,0,1,1
2024,1224111,16,Fecha inválida,Borussia Dortmund,Bayer Leverkusen,2,3,15,4,3,3,17,13,0,1,6,7,9,1.4,1.8,1,9,7,0,5,5,0.6,0.2,22,6,4,0,23,11,0,0,7,7,6,1.4,1.2,2,8,7,1,4,3,0.67,0.5,15,7,8,8,7,15,-7,-8,6,9,-3,19,20,-1,1565,1568,-3,55000000,58000000,0,0,1,0
2024,1224114,16,Fecha inválida,SC Freiburg,Holstein Kiel,3,2,15,4,3,3,13,17,2,0,8,5,4,1.0,0.8,3,6,6,3,2,2,0.75,0.17,7,2,1,7,12,21,0,0,4,5,8,1.0,1.6,1,6,7,1,3,3,0.4,0.0,1,1,1,1,1,1,8,5,1,12,-11,20,21,-1,1560,1591,-31,50000000,51000000,1,2,0,1
2024,1224116,16,Fecha inválida,FSV Mainz 05,VfL Bochum,2,0,20,6,2,2,20,10,1,0,8,7,4,1.4,0.8,4,5,6,2,2,2,0.6,0.6,5,1,2,7,8,24,0,4,1,5,19,1.0,3.8,1,5,4,0,4,4,0.2,0.0,5,2,3,3,2,5,15,26,5,17,-12,21,20,1,1564,1576,-12,54000000,56000000,2,2,0,0
2024,1224112,16,Fecha inválida,1899 Hoffenheim,VfL Wolfsburg,0,1,11,2,5,3,11,13,0,0,6,4,4,0.8,0.8,2,6,3,2,2,1,0.4,0.0,17,5,2,3,22,17,1,0,8,9,7,1.8,1.4,2,8,7,1,4,3,0.4,0.6,9,9,16,16,9,9,-6,-7,8,2,6,21,19,2,1567,1561,6,57000000,51000000,2,2,1,1
2024,1224113,16,Fecha inválida,1. FC Heidenheim,Union Berlin,2,0,1,0,1,9,8,26,0,2,1,3,8,0.6,1.6,1,5,6,1,2,2,0.0,0.0,9,2,3,5,10,16,2,0,8,5,5,1.0,1.0,2,6,5,2,2,2,0.2,0.2,8,4,4,4,4,8,-8,-12,1,3,-2,20,21,-1,1580,1582,-2,50000000,52000000,0,2,0,0
2024,1224118,16,Fecha inválida,FC St. Pauli,Eintracht Frankfurt,0,1,10,3,1,6,8,13,0,2,4,3,6,0.6,1.2,3,3,4,2,1,2,0.2,0.4,15,4,3,3,24,17,0,0,8,15,10,3.0,2.0,2,8,8,0,5,4,0.4,0.4,1,2,4,4,2,1,-5,-12,7,10,-3,21,21,0,1586,1569,17,56000000,59000000,0,1,0,1
2024,1224117,16,Fecha inválida,Borussia Mönchengladbach,Bayern München,0,1,18,5,3,2,19,12,0,1,8,9,6,1.8,1.2,2,8,6,1,4,3,0.8,0.2,23,7,2,1,30,9,0,0,13,16,3,3.2,0.6,5,5,8,4,1,4,1.0,0.4,12,7,14,14,7,12,-5,-14,4,18,-14,21,21,0,1563,1557,6,53000000,57000000,1,1,1,1
2024,1224110,16,Fecha inválida,RB Leipzig,Werder Bremen,0,0,16,5,1,4,16,18,3,0,10,7,3,1.4,0.6,4,6,6,3,2,2,0.5,0.5,17,5,2,3,18,14,0,1,7,9,10,1.8,2.0,2,6,6,0,4,4,0.4,0.6,10,6,2,2,6,10,-1,-6,14,3,11,22,22,0,1573,1562,11,53000000,52000000,2,0,1,0
2024,1224115,16,Fecha inválida,FC Augsburg,VfB Stuttgart,0,0,12,3,3,4,10,18,1,0,8,6,6,1.2,1.2,2,6,6,1,4,3,0.6,0.0,15,4,3,3,15,15,0,0,5,5,9,1.0,1.8,2,6,6,1,3,3,0.5,0.25,9,5,11,11,5,9,-3,-8,11,13,-2,22,22,0,1570,1572,-2,50000000,52000000,2,1,0,0
2024,1224127,17,Fecha inválida,Holstein Kiel,Borussia Dortmund,0,0,6,2,0,8,12,22,0,2,3,3,9,0.6,1.8,1,6,7,1,2,3,0.4,0.0,15,4,3,3,18,14,1,0,9,10,7,2.0,1.4,1,9,7,1,4,5,0.5,0.25,0,2,2,2,2,0,-9,-14,12,6,6,3,3,0,1591,1565,26,51000000,55000000,2,0,1,1
2024,1224124,17,Fecha inválida,VfL Wolfsburg,Borussia Mönchengladbach,0,0,17,5,2,3,20,16,0,1,8,7,6,1.4,1.2,3,7,6,2,3,2,0.4,0.6,18,5,3,2,18,11,1,0,11,10,4,2.0,0.8,2,7,5,2,3,2,0.67,0.25,9,11,11,11,11,9,-1,-3,2,4,-2,3,3,0,1561,1563,-2,51000000,53000000,2,1,1,1
2024,1224119,17,Fecha inválida,Bayer Leverkusen,FSV Mainz 05,0,0,24,7,3,0,24,11,1,0,9,10,6,2.0,1.2,2,8,7,1,4,3,0.8,0.6,20,6,2,2,19,10,0,1,8,7,4,1.4,0.8,4,5,5,2,2,2,0.67,0.5,16,5,9,9,5,16,4,4,9,5,4,4,3,1,1568,1564,4,58000000,54000000,0,2,0,0
2024,1224122,17,Fecha inválida,Eintracht Frankfurt,SC Freiburg,0,0,17,5,2,3,22,14,0,1,10,13,7,2.6,1.4,3,7,7,1,4,3,0.5,0.5,15,4,3,3,15,19,1,0,5,4,8,0.8,1.6,2,7,7,2,2,3,0.8,0.0,7,12,8,8,12,7,2,12,10,1,9,3,3,0,1569,1560,9,59000000,50000000,1,1,1,0
2024,1224126,17,Fecha inválida,VfL Bochum,FC St. Pauli,0,0,5,1,2,7,7,23,0,3,1,4,18,0.8,3.6,1,4,3,0,3,3,0.25,0.0,10,3,1,6,8,11,0,1,4,3,5,0.6,1.0,3,3,3,2,1,1,0.2,0.4,4,10,8,8,10,4,-5,-13,17,7,10,4,4,0,1576,1586,-10,56000000,56000000,2,0,0,0
2024,1224121,17,Fecha inválida,Bayern München,1899 Hoffenheim,0,0,25,8,1,1,28,6,5,0,15,16,0,3.2,0.0,6,4,7,5,0,4,1.0,0.6,10,2,4,4,10,13,1,0,8,7,6,1.4,1.2,2,5,3,2,2,2,0.33,0.0,19,7,5,5,7,19,15,25,18,8,10,4,4,0,1557,1567,-10,57000000,57000000,1,2,1,1
2024,1224123,17,Fecha inválida,Werder Bremen,1. FC Heidenheim,0,0,18,5,3,2,18,13,1,0,7,9,10,1.8,2.0,3,6,6,0,4,4,0.5,0.5,4,1,1,8,10,25,0,1,1,5,12,1.0,2.4,2,5,6,1,3,3,0.2,0.0,2,4,4,4,4,2,14,20,3,1,2,3,4,-1,1562,1580,-18,52000000,50000000,0,0,0,0
2024,1224120,17,Fecha inválida,VfB Stuttgart,RB Leipzig,0,0,15,4,3,3,15,15,0,0,5,5,9,1.0,1.8,2,6,6,1,3,3,0.5,0.25,14,4,2,4,15,18,2,0,7,9,7,1.8,1.4,4,6,6,2,3,3,0.4,0.4,1,4,9,9,4,1,1,3,13,14,-1,25,3,22,1572,1573,-1,52000000,53000000,1,2,0,1
2024,1224125,17,Fecha inválida,Union Berlin,FC Augsburg,0,0,6,1,3,6,8,17,1,0,5,3,5,0.6,1.0,2,5,4,2,1,1,0.0,0.17,12,3,3,4,10,18,1,0,8,6,6,1.2,1.2,2,6,6,1,4,3,0.6,0.0,3,6,5,5,6,3,-6,-1,3,11,-8,4,25,-21,1582,1570,12,52000000,50000000,2,2,0,0
2024,1224131,18,Fecha inválida,Eintracht Frankfurt,Borussia Dortmund,0,0,17,5,2,3,22,14,0,1,10,13,7,2.6,1.4,3,7,7,1,4,3,0.5,0.5,15,4,3,3,18,14,1,0,9,10,7,2.0,1.4,1,9,7,1,4,5,0.5,0.25,5,7,18,18,7,5,2,4,10,6,4,6,7,-1,1569,1565,4,59000000,55000000,1,0,1,1
2024,1224130,18,Fecha inválida,Bayern München,VfL Wolfsburg,0,0,25,8,1,1,28,6,5,0,15,16,0,3.2,0.0,6,4,7,5,0,4,1.0,0.6,17,5,2,3,20,16,0,1,8,7,6,1.4,1.2,3,7,6,2,3,2,0.4,0.6,28,4,2,2,4,28,8,18,18,2,16,6,7,-1,1557,1561,-4,57000000,51000000,1,2,1,1
2024,1224129,18,Fecha inválida,VfB Stuttgart,SC Freiburg,0,0,15,4,3,3,15,15,0,0,5,5,9,1.0,1.8,2,6,6,1,3,3,0.5,0.25,15,4,3,3,15,19,1,0,5,4,8,0.8,1.6,2,7,7,2,2,3,0.8,0.0,12,4,11,11,4,12,0,4,13,1,12,28,7,21,1572,1560,12,52000000,50000000,1,1,0,0
2024,1224135,18,Fecha inválida,VfL Bochum,RB Leipzig,0,0,5,1,2,7,7,23,0,3,1,4,18,0.8,3.6,1,4,3,0,3,3,0.25,0.0,14,4,2,4,15,18,2,0,7,9,7,1.8,1.4,4,6,6,2,3,3,0.4,0.4,1,2,10,10,2,1,-9,-13,17,14,3,7,6,1,1576,1573,3,56000000,53000000,2,2,0,1
2024,1224132,18,Fecha inválida,1. FC Heidenheim,FC St. Pauli,0,0,4,1,1,8,10,25,0,1,1,5,12,1.0,2.4,2,5,6,1,3,3,0.2,0.0,10,3,1,6,8,11,0,1,4,3,5,0.6,1.0,3,3,3,2,1,1,0.2,0.4,8,4,8,8,4,8,-6,-12,1,7,-6,7,7,0,1580,1586,-6,50000000,56000000,0,0,0,0
2024,1224136,18,Fecha inválida,Holstein Kiel,1899 Hoffenheim,0,0,6,2,0,8,12,22,0,2,3,3,9,0.6,1.8,1,6,7,1,2,3,0.4,0.0,10,2,4,4,10,13,1,0,8,7,6,1.4,1.2,2,5,3,2,2,2,0.33,0.0,0,1,2,2,1,0,-4,-7,12,8,4,7,7,0,1591,1567,24,51000000,57000000,2,2,1,1
2024,1224128,18,Fecha inválida,Bayer Leverkusen,Borussia Mönchengladbach,0,0,24,7,3,0,24,11,1,0,9,10,6,2.0,1.2,2,8,7,1,4,3,0.8,0.6,18,5,3,2,18,11,1,0,11,10,4,2.0,0.8,2,7,5,2,3,2,0.67,0.25,16,7,9,9,7,16,6,6,9,4,5,7,7,0,1568,1563,5,58000000,53000000,0,1,0,1
2024,1224134,18,Fecha inválida,Union Berlin,FSV Mainz 05,0,0,6,1,3,6,8,17,1,0,5,3,5,0.6,1.0,2,5,4,2,1,1,0.0,0.17,20,6,2,2,19,10,0,1,8,7,4,1.4,0.8,4,5,5,2,2,2,0.67,0.5,6,5,1,1,5,6,-14,-18,3,5,-2,8,8,0,1582,1564,18,52000000,54000000,2,2,0,0
2024,1224133,18,Fecha inválida,Werder Bremen,FC Augsburg,0,0,18,5,3,2,18,13,1,0,7,9,10,1.8,2.0,3,6,6,0,4,4,0.5,0.5,12,3,3,4,10,18,1,0,8,6,6,1.2,1.2,2,6,6,1,4,3,0.6,0.0,10,4,12,12,4,10,6,13,3,11,-8,7,29,-22,1562,1570,-8,52000000,50000000,0,2,0,0
2024,1224142,19,Fecha inválida,VfL Wolfsburg,Holstein Kiel,0,0,17,5,2,3,20,16,0,1,8,7,6,1.4,1.2,3,7,6,2,3,2,0.4,0.6,6,2,0,8,12,22,0,2,3,3,9,0.6,1.8,1,6,7,1,2,3,0.4,0.0,2,1,1,1,1,2,11,14,2,12,-10,13,13,0,1561,1591,-30,51000000,51000000,2,2,1,1
2024,1224140,19,Fecha inválida,SC Freiburg,Bayern München,0,0,15,4,3,3,15,19,1,0,5,4,8,0.8,1.6,2,7,7,2,2,3,0.8,0.0,25,8,1,1,28,6,5,0,15,16,0,3.2,0.0,6,4,7,5,0,4,1.0,0.6,2,7,20,20,7,2,-10,-26,1,18,-17,14,13,1,1560,1557,3,50000000,57000000,1,1,0,1
2024,1224143,19,Fecha inválida,FSV Mainz 05,VfB Stuttgart,0,0,20,6,2,2,19,10,0,1,8,7,4,1.4,0.8,4,5,5,2,2,2,0.67,0.5,15,4,3,3,15,15,0,0,5,5,9,1.0,1.8,2,6,6,1,3,3,0.5,0.25,10,8,10,10,8,10,5,9,5,13,-8,14,35,-21,1564,1572,-8,54000000,52000000,2,1,0,0
2024,1224138,19,Fecha inválida,Borussia Dortmund,Werder Bremen,0,0,15,4,3,3,18,14,1,0,9,10,7,2.0,1.4,1,9,7,1,4,5,0.5,0.25,18,5,3,2,18,13,1,0,7,9,10,1.8,2.0,3,6,6,0,4,4,0.5,0.5,19,5,6,6,5,19,-3,-1,6,3,3,14,13,1,1565,1562,3,55000000,52000000,0,0,1,0
2024,1224141,19,Fecha inválida,FC Augsburg,1. FC Heidenheim,0,0,12,3,3,4,10,18,1,0,8,6,6,1.2,1.2,2,6,6,1,4,3,0.6,0.0,4,1,1,8,10,25,0,1,1,5,12,1.0,2.4,2,5,6,1,3,3,0.2,0.0,3,1,1,1,1,3,8,7,11,1,10,35,14,21,1570,1580,-10,50000000,50000000,2,0,0,0
2024,1224137,19,Fecha inválida,RB Leipzig,Bayer Leverkusen,0,0,14,4,2,4,15,18,2,0,7,9,7,1.8,1.4,4,6,6,2,3,3,0.4,0.4,24,7,3,0,24,11,1,0,9,10,6,2.0,1.2,2,8,7,1,4,3,0.8,0.6,8,5,5,5,5,8,-10,-16,14,9,5,13,14,-1,1573,1568,5,53000000,58000000,2,0,1,0
2024,1224144,19,Fecha inválida,Borussia Mönchengladbach,VfL Bochum,0,0,18,5,3,2,18,11,1,0,11,10,4,2.0,0.8,2,7,5,2,3,2,0.67,0.25,5,1,2,7,7,23,0,3,1,4,18,0.8,3.6,1,4,3,0,3,3,0.25,0.0,6,1,1,1,1,6,13,23,4,17,-13,14,14,0,1563,1576,-13,53000000,56000000,1,2,1,0
2024,1224139,19,Fecha inválida,1899 Hoffenheim,Eintracht Frankfurt,0,0,10,2,4,4,10,13,1,0,8,7,6,1.4,1.2,2,5,3,2,2,2,0.33,0.0,17,5,2,3,22,14,0,1,10,13,7,2.6,1.4,3,7,7,1,4,3,0.5,0.5,8,7,13,13,7,8,-7,-11,8,10,-2,15,15,0,1567,1569,-2,57000000,59000000,2,1,1,1
2024,1224145,19,Fecha inválida,FC St. Pauli,Union Berlin,0,0,10,3,1,6,8,11,0,1,4,3,5,0.6,1.0,3,3,3,2,1,1,0.2,0.4,6,1,3,6,8,17,1,0,5,3,5,0.6,1.0,2,5,4,2,1,1,0.0,0.17,5,4,11,11,4,5,4,6,7,3,4,15,15,0,1586,1582,4,56000000,52000000,0,2,0,0
2024,1224151,20,Fecha inválida,Werder Bremen,FSV Mainz 05,0,0,18,5,3,2,18,13,1,0,7,9,10,1.8,2.0,3,6,6,0,4,4,0.5,0.5,20,6,2,2,19,10,0,1,8,7,4,1.4,0.8,4,5,5,2,2,2,0.67,0.5,11,7,10,10,7,11,-2,-4,3,5,-2,19,20,-1,1562,1564,-2,52000000,54000000,0,2,0,0
2024,1224148,20,Fecha inválida,Bayern München,Holstein Kiel,0,0,25,8,1,1,28,6,5,0,15,16,0,3.2,0.0,6,4,7,5,0,4,1.0,0.6,6,2,0,8,12,22,0,2,3,3,9,0.6,1.8,1,6,7,1,2,3,0.4,0.0,1,1,1,1,1,1,19,32,18,12,6,20,21,-1,1557,1591,-34,57000000,51000000,1,2,1,1
2024,1224147,20,Fecha inválida,VfB Stuttgart,Borussia Mönchengladbach,0,0,15,4,3,3,15,15,0,0,5,5,9,1.0,1.8,2,6,6,1,3,3,0.5,0.25,18,5,3,2,18,11,1,0,11,10,4,2.0,0.8,2,7,5,2,3,2,0.67,0.25,11,7,11,11,7,11,-3,-7,13,4,9,42,20,22,1572,1563,9,52000000,53000000,1,1,0,1
2024,1224153,20,Fecha inválida,VfL Bochum,SC Freiburg,0,0,5,1,2,7,7,23,0,3,1,4,18,0.8,3.6,1,4,3,0,3,3,0.25,0.0,15,4,3,3,15,19,1,0,5,4,8,0.8,1.6,2,7,7,2,2,3,0.8,0.0,3,1,7,7,1,3,-10,-12,17,1,16,21,21,0,1576,1560,16,56000000,50000000,2,1,0,0
2024,1224150,20,Fecha inválida,1. FC Heidenheim,Borussia Dortmund,0,0,4,1,1,8,10,25,0,1,1,5,12,1.0,2.4,2,5,6,1,3,3,0.2,0.0,15,4,3,3,18,14,1,0,9,10,7,2.0,1.4,1,9,7,1,4,5,0.5,0.25,0,3,1,1,3,0,-11,-19,1,6,-5,21,21,0,1580,1565,15,50000000,55000000,0,0,0,1
2024,1224154,20,Fecha inválida,FC St. Pauli,FC Augsburg,0,0,10,3,1,6,8,11,0,1,4,3,5,0.6,1.0,3,3,3,2,1,1,0.2,0.4,12,3,3,4,10,18,1,0,8,6,6,1.2,1.2,2,6,6,1,4,3,0.6,0.0,0,1,1,1,1,0,-2,5,7,11,-4,21,42,-21,1586,1570,16,56000000,50000000,0,2,0,0
2024,1224152,20,Fecha inválida,Union Berlin,RB Leipzig,0,0,6,1,3,6,8,17,1,0,5,3,5,0.6,1.0,2,5,4,2,1,1,0.0,0.17,14,4,2,4,15,18,2,0,7,9,7,1.8,1.4,4,6,6,2,3,3,0.4,0.4,6,3,8,8,3,6,-8,-6,3,14,-11,21,20,1,1582,1573,9,52000000,53000000,2,2,0,1
2024,1224149,20,Fecha inválida,Eintracht Frankfurt,VfL Wolfsburg,0,0,17,5,2,3,22,14,0,1,10,13,7,2.6,1.4,3,7,7,1,4,3,0.5,0.5,17,5,2,3,20,16,0,1,8,7,6,1.4,1.2,3,7,6,2,3,2,0.4,0.6,7,9,12,12,9,7,0,4,10,2,8,22,22,0,1569,1561,8,59000000,51000000,1,2,1,1
2024,1224146,20,Fecha inválida,Bayer Leverkusen,1899 Hoffenheim,0,0,24,7,3,0,24,11,1,0,9,10,6,2.0,1.2,2,8,7,1,4,3,0.8,0.6,10,2,4,4,10,13,1,0,8,7,6,1.4,1.2,2,5,3,2,2,2,0.33,0.0,16,7,7,7,7,16,14,16,9,8,1,22,22,0,1568,1567,1,58000000,57000000,0,2,0,1
2024,1224155,21,Fecha inválida,Bayern München,Werder Bremen,0,0,25,8,1,1,28,6,5,0,15,16,0,3.2,0.0,6,4,7,5,0,4,1.0,0.6,18,5,3,2,18,13,1,0,7,9,10,1.8,2.0,3,6,6,0,4,4,0.5,0.5,26,3,1,1,3,26,7,17,18,3,15,27,26,1,1557,1562,-5,57000000,52000000,1,0,1,0
2024,1224159,21,Fecha inválida,SC Freiburg,1. FC Heidenheim,0,0,15,4,3,3,15,19,1,0,5,4,8,0.8,1.6,2,7,7,2,2,3,0.8,0.0,4,1,1,8,10,25,0,1,1,5,12,1.0,2.4,2,5,6,1,3,3,0.2,0.0,3,2,1,1,2,3,11,11,1,1,0,28,28,0,1560,1580,-20,50000000,50000000,1,0,0,0
2024,1224160,21,Fecha inválida,VfL Wolfsburg,Bayer Leverkusen,0,0,17,5,2,3,20,16,0,1,8,7,6,1.4,1.2,3,7,6,2,3,2,0.4,0.6,24,7,3,0,24,11,1,0,9,10,6,2.0,1.2,2,8,7,1,4,3,0.8,0.6,11,7,13,13,7,11,-7,-9,2,9,-7,28,28,0,1561,1568,-7,51000000,58000000,2,0,1,0
2024,1224161,21,Fecha inválida,FSV Mainz 05,FC Augsburg,0,0,20,6,2,2,19,10,0,1,8,7,4,1.4,0.8,4,5,5,2,2,2,0.67,0.5,12,3,3,4,10,18,1,0,8,6,6,1.2,1.2,2,6,6,1,4,3,0.6,0.0,13,3,13,13,3,13,8,17,5,11,-6,28,49,-21,1564,1570,-6,54000000,50000000,2,2,0,0
2024,1224157,21,Fecha inválida,Borussia Dortmund,VfB Stuttgart,0,0,15,4,3,3,18,14,1,0,9,10,7,2.0,1.4,1,9,7,1,4,5,0.5,0.25,15,4,3,3,15,15,0,0,5,5,9,1.0,1.8,2,6,6,1,3,3,0.5,0.25,15,7,6,6,7,15,0,4,6,13,-7,28,49,-21,1565,1572,-7,55000000,52000000,0,1,1,0
2024,1224158,21,Fecha inválida,1899 Hoffenheim,Union Berlin,0,0,10,2,4,4,10,13,1,0,8,7,6,1.4,1.2,2,5,3,2,2,2,0.33,0.0,6,1,3,6,8,17,1,0,5,3,5,0.6,1.0,2,5,4,2,1,1,0.0,0.17,4,3,5,5,3,4,4,6,8,3,5,28,28,0,1567,1582,-15,57000000,52000000,2,2,1,0
2024,1224162,21,Fecha inválida,Borussia Mönchengladbach,Eintracht Frankfurt,0,0,18,5,3,2,18,11,1,0,11,10,4,2.0,0.8,2,7,5,2,3,2,0.67,0.25,17,5,2,3,22,14,0,1,10,13,7,2.6,1.4,3,7,7,1,4,3,0.5,0.5,11,9,11,11,9,11,1,-1,4,10,-6,28,28,0,1563,1569,-6,53000000,59000000,1,1,1,1
2024,1224163,21,Fecha inválida,Holstein Kiel,VfL Bochum,0,0,6,2,0,8,12,22,0,2,3,3,9,0.6,1.8,1,6,7,1,2,3,0.4,0.0,5,1,2,7,7,23,0,3,1,4,18,0.8,3.6,1,4,3,0,3,3,0.25,0.0,4,4,2,2,4,4,1,6,12,17,-5,29,29,0,1591,1576,15,51000000,56000000,2,2,1,0
2024,1224156,21,Fecha inválida,RB Leipzig,FC St. Pauli,0,0,14,4,2,4,15,18,2,0,7,9,7,1.8,1.4,4,6,6,2,3,3,0.4,0.4,10,3,1,6,8,11,0,1,4,3,5,0.6,1.0,3,3,3,2,1,1,0.2,0.4,2,2,3,3,2,2,4,0,14,7,7,28,29,-1,1573,1586,-13,53000000,56000000,2,0,1,0
2024,1224169,22,Fecha inválida,FC Augsburg,RB Leipzig,0,0,12,3,3,4,10,18,1,0,8,6,6,1.2,1.2,2,6,6,1,4,3,0.6,0.0,14,4,2,4,15,18,2,0,7,9,7,1.8,1.4,4,6,6,2,3,3,0.4,0.4,3,7,12,12,7,3,-2,-5,11,14,-3,55,33,22,1570,1573,-3,50000000,53000000,2,2,0,1
2024,1224165,22,Fecha inválida,VfB Stuttgart,VfL Wolfsburg,0,0,15,4,3,3,15,15,0,0,5,5,9,1.0,1.8,2,6,6,1,3,3,0.5,0.25,17,5,2,3,20,16,0,1,8,7,6,1.4,1.2,3,7,6,2,3,2,0.4,0.6,7,5,14,14,5,7,-2,-4,13,2,11,56,35,21,1572,1561,11,52000000,51000000,1,2,0,1
2024,1224171,22,Fecha inválida,VfL Bochum,Borussia Dortmund,0,0,5,1,2,7,7,23,0,3,1,4,18,0.8,3.6,1,4,3,0,3,3,0.25,0.0,15,4,3,3,18,14,1,0,9,10,7,2.0,1.4,1,9,7,1,4,5,0.5,0.25,3,4,4,4,4,3,-10,-20,17,6,11,35,35,0,1576,1565,11,56000000,55000000,2,0,0,1
2024,1224170,22,Fecha inválida,Union Berlin,Borussia Mönchengladbach,0,0,6,1,3,6,8,17,1,0,5,3,5,0.6,1.0,2,5,4,2,1,1,0.0,0.17,18,5,3,2,18,11,1,0,11,10,4,2.0,0.8,2,7,5,2,3,2,0.67,0.25,6,4,2,2,4,6,-12,-16,3,4,-1,35,34,1,1582,1563,19,52000000,53000000,2,1,0,1
2024,1224172,22,Fecha inválida,FC St. Pauli,SC Freiburg,0,0,10,3,1,6,8,11,0,1,4,3,5,0.6,1.0,3,3,3,2,1,1,0.2,0.4,15,4,3,3,15,19,1,0,5,4,8,0.8,1.6,2,7,7,2,2,3,0.8,0.0,3,2,3,3,2,3,-5,1,7,1,6,35,35,0,1586,1560,26,56000000,50000000,0,1,0,0
2024,1224164,22,Fecha inválida,Bayer Leverkusen,Bayern München,0,0,24,7,3,0,24,11,1,0,9,10,6,2.0,1.2,2,8,7,1,4,3,0.8,0.6,25,8,1,1,28,6,5,0,15,16,0,3.2,0.0,6,4,7,5,0,4,1.0,0.6,8,8,18,18,8,8,-1,-9,9,18,-9,35,35,0,1568,1557,11,58000000,57000000,0,1,0,1
2024,1224168,22,Fecha inválida,Werder Bremen,1899 Hoffenheim,0,0,18,5,3,2,18,13,1,0,7,9,10,1.8,2.0,3,6,6,0,4,4,0.5,0.5,10,2,4,4,10,13,1,0,8,7,6,1.4,1.2,2,5,3,2,2,2,0.33,0.0,10,10,9,9,10,10,8,8,3,8,-5,35,36,-1,1562,1567,-5,52000000,57000000,0,2,0,1
2024,1224166,22,Fecha inválida,Eintracht Frankfurt,Holstein Kiel,0,0,17,5,2,3,22,14,0,1,10,13,7,2.6,1.4,3,7,7,1,4,3,0.5,0.5,6,2,0,8,12,22,0,2,3,3,9,0.6,1.8,1,6,7,1,2,3,0.4,0.0,1,1,0,0,1,1,11,18,10,12,-2,36,36,0,1569,1591,-22,59000000,51000000,1,2,1,1
2024,1224167,22,Fecha inválida,1. FC Heidenheim,FSV Mainz 05,0,0,4,1,1,8,10,25,0,1,1,5,12,1.0,2.4,2,5,6,1,3,3,0.2,0.0,20,6,2,2,19,10,0,1,8,7,4,1.4,0.8,4,5,5,2,2,2,0.67,0.5,2,2,0,0,2,2,-16,-24,1,5,-4,36,36,0,1580,1564,16,50000000,54000000,0,2,0,0
2024,1224177,23,Fecha inválida,SC Freiburg,Werder Bremen,0,0,15,4,3,3,15,19,1,0,5,4,8,0.8,1.6,2,7,7,2,2,3,0.8,0.0,18,5,3,2,18,13,1,0,7,9,10,1.8,2.0,3,6,6,0,4,4,0.5,0.5,8,9,10,10,9,8,-3,-9,1,3,-2,41,40,1,1560,1562,-2,50000000,52000000,1,0,0,0
2024,1224178,23,Fecha inválida,VfL Wolfsburg,VfL Bochum,0,0,17,5,2,3,20,16,0,1,8,7,6,1.4,1.2,3,7,6,2,3,2,0.4,0.6,5,1,2,7,7,23,0,3,1,4,18,0.8,3.6,1,4,3,0,3,3,0.25,0.0,5,1,2,2,1,5,12,20,2,17,-15,42,42,0,1561,1576,-15,51000000,56000000,2,2,1,0
2024,1224180,23,Fecha inválida,Borussia Mönchengladbach,FC Augsburg,0,0,18,5,3,2,18,11,1,0,11,10,4,2.0,0.8,2,7,5,2,3,2,0.67,0.25,12,3,3,4,10,18,1,0,8,6,6,1.2,1.2,2,6,6,1,4,3,0.6,0.0,8,10,10,10,10,8,6,15,4,11,-7,41,63,-22,1563,1570,-7,53000000,50000000,1,2,1,0
2024,1224179,23,Fecha inválida,FSV Mainz 05,FC St. Pauli,0,0,20,6,2,2,19,10,0,1,8,7,4,1.4,0.8,4,5,5,2,2,2,0.67,0.5,10,3,1,6,8,11,0,1,4,3,5,0.6,1.0,3,3,3,2,1,1,0.2,0.4,3,1,0,0,1,3,10,12,5,7,-2,42,42,0,1564,1586,-22,54000000,56000000,2,0,0,0
2024,1224181,23,Fecha inválida,Holstein Kiel,Bayer Leverkusen,0,0,6,2,0,8,12,22,0,2,3,3,9,0.6,1.8,1,6,7,1,2,3,0.4,0.0,24,7,3,0,24,11,1,0,9,10,6,2.0,1.2,2,8,7,1,4,3,0.8,0.6,0,2,0,0,2,0,-18,-23,12,9,3,42,42,0,1591,1568,23,51000000,58000000,2,0,1,0
2024,1224175,23,Fecha inválida,Borussia Dortmund,Union Berlin,0,0,15,4,3,3,18,14,1,0,9,10,7,2.0,1.4,1,9,7,1,4,5,0.5,0.25,6,1,3,6,8,17,1,0,5,3,5,0.6,1.0,2,5,4,2,1,1,0.0,0.17,9,1,4,4,1,9,9,13,6,3,3,42,42,0,1565,1582,-17,55000000,52000000,0,2,1,0
2024,1224174,23,Fecha inválida,RB Leipzig,1. FC Heidenheim,0,0,14,4,2,4,15,18,2,0,7,9,7,1.8,1.4,4,6,6,2,3,3,0.4,0.4,4,1,1,8,10,25,0,1,1,5,12,1.0,2.4,2,5,6,1,3,3,0.2,0.0,5,4,1,1,4,5,10,12,14,1,13,42,43,-1,1573,1580,-7,53000000,50000000,2,0,1,0
2024,1224173,23,Fecha inválida,Bayern München,Eintracht Frankfurt,0,0,25,8,1,1,28,6,5,0,15,16,0,3.2,0.0,6,4,7,5,0,4,1.0,0.6,17,5,2,3,22,14,0,1,10,13,7,2.6,1.4,3,7,7,1,4,3,0.5,0.5,20,6,5,5,6,20,8,14,18,10,8,42,43,-1,1557,1569,-12,57000000,59000000,1,1,1,1
2024,1224176,23,Fecha inválida,1899 Hoffenheim,VfB Stuttgart,0,0,10,2,4,4,10,13,1,0,8,7,6,1.4,1.2,2,5,3,2,2,2,0.33,0.0,15,4,3,3,15,15,0,0,5,5,9,1.0,1.8,2,6,6,1,3,3,0.5,0.25,8,8,10,10,8,8,-5,-3,8,13,-5,43,64,-21,1567,1572,-5,57000000,52000000,2,1,1,0
2024,1224182,24,Fecha inválida,VfB Stuttgart,Bayern München,0,0,15,4,3,3,15,15,0,0,5,5,9,1.0,1.8,2,6,6,1,3,3,0.5,0.25,25,8,1,1,28,6,5,0,15,16,0,3.2,0.0,6,4,7,5,0,4,1.0,0.6,2,3,23,23,3,2,-10,-22,13,18,-5,69,48,21,1572,1557,15,52000000,57000000,1,1,0,1
2024,1224186,24,Fecha inválida,Werder Bremen,VfL Wolfsburg,0,0,18,5,3,2,18,13,1,0,7,9,10,1.8,2.0,3,6,6,0,4,4,0.5,0.5,17,5,2,3,20,16,0,1,8,7,6,1.4,1.2,3,7,6,2,3,2,0.4,0.6,9,7,12,12,7,9,1,1,3,2,1,48,49,-1,1562,1561,1,52000000,51000000,0,2,0,1
2024,1224183,24,Fecha inválida,RB Leipzig,FSV Mainz 05,0,0,14,4,2,4,15,18,2,0,7,9,7,1.8,1.4,4,6,6,2,3,3,0.4,0.4,20,6,2,2,19,10,0,1,8,7,4,1.4,0.8,4,5,5,2,2,2,0.67,0.5,8,5,5,5,5,8,-6,-12,14,5,9,48,49,-1,1573,1564,9,53000000,54000000,2,2,1,0
2024,1224189,24,Fecha inválida,VfL Bochum,1899 Hoffenheim,0,0,5,1,2,7,7,23,0,3,1,4,18,0.8,3.6,1,4,3,0,3,3,0.25,0.0,10,2,4,4,10,13,1,0,8,7,6,1.4,1.2,2,5,3,2,2,2,0.33,0.0,4,1,3,3,1,4,-5,-13,17,8,9,49,49,0,1576,1567,9,56000000,57000000,2,2,0,1
2024,1224185,24,Fecha inválida,1. FC Heidenheim,Borussia Mönchengladbach,0,0,4,1,1,8,10,25,0,1,1,5,12,1.0,2.4,2,5,6,1,3,3,0.2,0.0,18,5,3,2,18,11,1,0,11,10,4,2.0,0.8,2,7,5,2,3,2,0.67,0.25,0,2,4,4,2,0,-14,-22,1,4,-3,49,48,1,1580,1563,17,50000000,53000000,0,1,0,1
2024,1224190,24,Fecha inválida,FC St. Pauli,Borussia Dortmund,0,0,10,3,1,6,8,11,0,1,4,3,5,0.6,1.0,3,3,3,2,1,1,0.2,0.4,15,4,3,3,18,14,1,0,9,10,7,2.0,1.4,1,9,7,1,4,5,0.5,0.25,1,1,4,4,1,1,-5,-7,7,6,1,49,49,0,1586,1565,21,56000000,55000000,0,0,0,1
2024,1224184,24,Fecha inválida,Eintracht Frankfurt,Bayer Leverkusen,0,0,17,5,2,3,22,14,0,1,10,13,7,2.6,1.4,3,7,7,1,4,3,0.5,0.5,24,7,3,0,24,11,1,0,9,10,6,2.0,1.2,2,8,7,1,4,3,0.8,0.6,9,2,18,18,2,9,-7,-5,10,9,1,49,49,0,1569,1568,1,59000000,58000000,1,0,1,0
2024,1224188,24,Fecha inválida,Union Berlin,Holstein Kiel,0,0,6,1,3,6,8,17,1,0,5,3,5,0.6,1.0,2,5,4,2,1,1,0.0,0.17,6,2,0,8,12,22,0,2,3,3,9,0.6,1.8,1,6,7,1,2,3,0.4,0.0,4,2,2,2,2,4,0,1,3,12,-9,50,50,0,1582,1591,-9,52000000,51000000,2,2,0,1
2024,1224187,24,Fecha inválida,FC Augsburg,SC Freiburg,0,0,12,3,3,4,10,18,1,0,8,6,6,1.2,1.2,2,6,6,1,4,3,0.6,0.0,15,4,3,3,15,19,1,0,5,4,8,0.8,1.6,2,7,7,2,2,3,0.8,0.0,6,8,13,13,8,6,-3,-4,11,1,10,71,50,21,1570,1560,10,50000000,50000000,2,1,0,0
2024,1224192,25,Fecha inválida,Bayern München,VfL Bochum,0,0,25,8,1,1,28,6,5,0,15,16,0,3.2,0.0,6,4,7,5,0,4,1.0,0.6,5,1,2,7,7,23,0,3,1,4,18,0.8,3.6,1,4,3,0,3,3,0.25,0.0,8,1,2,2,1,8,20,38,18,17,1,55,55,0,1557,1576,-19,57000000,56000000,1,2,1,0
2024,1224196,25,Fecha inválida,SC Freiburg,RB Leipzig,0,0,15,4,3,3,15,19,1,0,5,4,8,0.8,1.6,2,7,7,2,2,3,0.8,0.0,14,4,2,4,15,18,2,0,7,9,7,1.8,1.4,4,6,6,2,3,3,0.4,0.4,4,5,13,13,5,4,1,-1,1,14,-13,55,54,1,1560,1573,-13,50000000,53000000,1,2,0,1
2024,1224197,25,Fecha inválida,VfL Wolfsburg,FC St. Pauli,0,0,17,5,2,3,20,16,0,1,8,7,6,1.4,1.2,3,7,6,2,3,2,0.4,0.6,10,3,1,6,8,11,0,1,4,3,5,0.6,1.0,3,3,3,2,1,1,0.2,0.4,0,4,0,0,4,0,7,7,2,7,-5,55,55,0,1561,1586,-25,51000000,56000000,2,0,1,0
2024,1224198,25,Fecha inválida,Borussia Mönchengladbach,FSV Mainz 05,0,0,18,5,3,2,18,11,1,0,11,10,4,2.0,0.8,2,7,5,2,3,2,0.67,0.25,20,6,2,2,19,10,0,1,8,7,4,1.4,0.8,4,5,5,2,2,2,0.67,0.5,12,11,7,7,11,12,-2,-2,4,5,-1,55,55,0,1563,1564,-1,53000000,54000000,1,2,1,0
2024,1224193,25,Fecha inválida,Borussia Dortmund,FC Augsburg,0,0,15,4,3,3,18,14,1,0,9,10,7,2.0,1.4,1,9,7,1,4,5,0.5,0.25,12,3,3,4,10,18,1,0,8,6,6,1.2,1.2,2,6,6,1,4,3,0.6,0.0,17,8,4,4,8,17,3,12,6,11,-5,56,76,-20,1565,1570,-5,55000000,50000000,0,2,1,0
2024,1224195,25,Fecha inválida,1899 Hoffenheim,1. FC Heidenheim,0,0,10,2,4,4,10,13,1,0,8,7,6,1.4,1.2,2,5,3,2,2,2,0.33,0.0,4,1,1,8,10,25,0,1,1,5,12,1.0,2.4,2,5,6,1,3,3,0.2,0.0,2,3,1,1,3,2,6,12,8,1,7,55,55,0,1567,1580,-13,57000000,50000000,2,0,1,0
2024,1224191,25,Fecha inválida,Bayer Leverkusen,Werder Bremen,0,0,24,7,3,0,24,11,1,0,9,10,6,2.0,1.2,2,8,7,1,4,3,0.8,0.6,18,5,3,2,18,13,1,0,7,9,10,1.8,2.0,3,6,6,0,4,4,0.5,0.5,12,12,6,6,12,12,6,8,9,3,6,56,54,2,1568,1562,6,58000000,52000000,0,0,0,0
2024,1224194,25,Fecha inválida,Eintracht Frankfurt,Union Berlin,0,0,17,5,2,3,22,14,0,1,10,13,7,2.6,1.4,3,7,7,1,4,3,0.5,0.5,6,1,3,6,8,17,1,0,5,3,5,0.6,1.0,2,5,4,2,1,1,0.0,0.17,8,4,3,3,4,8,11,17,10,3,7,55,55,0,1569,1582,-13,59000000,52000000,1,2,1,0
2024,1224199,25,Fecha inválida,Holstein Kiel,VfB Stuttgart,0,0,6,2,0,8,12,22,0,2,3,3,9,0.6,1.8,1,6,7,1,2,3,0.4,0.0,15,4,3,3,15,15,0,0,5,5,9,1.0,1.8,2,6,6,1,3,3,0.5,0.25,2,1,2,2,1,2,-9,-10,12,13,-1,55,76,-21,1591,1572,19,51000000,52000000,2,1,1,0
2024,1224203,26,Fecha inválida,Werder Bremen,Borussia Mönchengladbach,0,0,18,5,3,2,18,13,1,0,7,9,10,1.8,2.0,3,6,6,0,4,4,0.5,0.5,18,5,3,2,18,11,1,0,11,10,4,2.0,0.8,2,7,5,2,3,2,0.67,0.25,6,11,13,13,11,6,0,-2,3,4,-1,61,62,-1,1562,1563,-1,52000000,53000000,0,1,0,1
2024,1224205,26,Fecha inválida,FSV Mainz 05,SC Freiburg,0,0,20,6,2,2,19,10,0,1,8,7,4,1.4,0.8,4,5,5,2,2,2,0.67,0.5,15,4,3,3,15,19,1,0,5,4,8,0.8,1.6,2,7,7,2,2,3,0.8,0.0,11,10,8,8,10,11,5,13,5,1,4,62,62,0,1564,1560,4,54000000,50000000,2,1,0,0
2024,1224204,26,Fecha inválida,FC Augsburg,VfL Wolfsburg,0,0,12,3,3,4,10,18,1,0,8,6,6,1.2,1.2,2,6,6,1,4,3,0.6,0.0,17,5,2,3,20,16,0,1,8,7,6,1.4,1.2,3,7,6,2,3,2,0.4,0.6,9,11,9,9,11,9,-5,-12,11,2,9,83,62,21,1570,1561,9,50000000,51000000,2,2,0,1
2024,1224200,26,Fecha inválida,VfB Stuttgart,Bayer Leverkusen,0,0,15,4,3,3,15,15,0,0,5,5,9,1.0,1.8,2,6,6,1,3,3,0.5,0.25,24,7,3,0,24,11,1,0,9,10,6,2.0,1.2,2,8,7,1,4,3,0.8,0.6,1,9,19,19,9,1,-9,-13,13,9,4,83,63,20,1572,1568,4,52000000,58000000,1,0,0,0
2024,1224201,26,Fecha inválida,RB Leipzig,Borussia Dortmund,0,0,14,4,2,4,15,18,2,0,7,9,7,1.8,1.4,4,6,6,2,3,3,0.4,0.4,15,4,3,3,18,14,1,0,9,10,7,2.0,1.4,1,9,7,1,4,5,0.5,0.25,8,3,9,9,3,8,-1,-7,14,6,8,61,63,-2,1573,1565,8,53000000,55000000,2,0,1,1
2024,1224207,26,Fecha inválida,VfL Bochum,Eintracht Frankfurt,0,0,5,1,2,7,7,23,0,3,1,4,18,0.8,3.6,1,4,3,0,3,3,0.25,0.0,17,5,2,3,22,14,0,1,10,13,7,2.6,1.4,3,7,7,1,4,3,0.5,0.5,2,4,5,5,4,2,-12,-24,17,10,7,62,62,0,1576,1569,7,56000000,59000000,2,1,0,1
2024,1224202,26,Fecha inválida,1. FC Heidenheim,Holstein Kiel,0,0,4,1,1,8,10,25,0,1,1,5,12,1.0,2.4,2,5,6,1,3,3,0.2,0.0,6,2,0,8,12,22,0,2,3,3,9,0.6,1.8,1,6,7,1,2,3,0.4,0.0,7,5,4,4,5,7,-2,-5,1,12,-11,62,62,0,1580,1591,-11,50000000,51000000,0,2,0,1
2024,1224206,26,Fecha inválida,Union Berlin,Bayern München,0,0,6,1,3,6,8,17,1,0,5,3,5,0.6,1.0,2,5,4,2,1,1,0.0,0.17,25,8,1,1,28,6,5,0,15,16,0,3.2,0.0,6,4,7,5,0,4,1.0,0.6,0,4,8,8,4,0,-19,-31,3,18,-15,62,62,0,1582,1557,25,52000000,57000000,2,1,0,1
2024,1224208,26,Fecha inválida,FC St. Pauli,1899 Hoffenheim,0,0,10,3,1,6,8,11,0,1,4,3,5,0.6,1.0,3,3,3,2,1,1,0.2,0.4,10,2,4,4,10,13,1,0,8,7,6,1.4,1.2,2,5,3,2,2,2,0.33,0.0,1,2,1,1,2,1,0,0,7,8,-1,62,62,0,1586,1567,19,56000000,57000000,0,2,0,1
2024,1224210,27,Fecha inválida,Bayern München,FC St. Pauli,0,0,25,8,1,1,28,6,5,0,15,16,0,3.2,0.0,6,4,7,5,0,4,1.0,0.6,10,3,1,6,8,11,0,1,4,3,5,0.6,1.0,3,3,3,2,1,1,0.2,0.4,3,1,0,0,1,3,15,25,18,7,11,76,76,0,1557,1586,-29,57000000,56000000,1,0,1,0
2024,1224214,27,Fecha inválida,SC Freiburg,Union Berlin,0,0,15,4,3,3,15,19,1,0,5,4,8,0.8,1.6,2,7,7,2,2,3,0.8,0.0,6,1,3,6,8,17,1,0,5,3,5,0.6,1.0,2,5,4,2,1,1,0.0,0.17,3,5,7,7,5,3,9,5,1,3,-2,76,76,0,1560,1582,-22,50000000,52000000,1,2,0,0
2024,1224215,27,Fecha inválida,VfL Wolfsburg,1. FC Heidenheim,0,0,17,5,2,3,20,16,0,1,8,7,6,1.4,1.2,3,7,6,2,3,2,0.4,0.6,4,1,1,8,10,25,0,1,1,5,12,1.0,2.4,2,5,6,1,3,3,0.2,0.0,4,2,0,0,2,4,13,19,2,1,1,76,76,0,1561,1580,-19,51000000,50000000,2,0,1,0
2024,1224216,27,Fecha inválida,Borussia Mönchengladbach,RB Leipzig,0,0,18,5,3,2,18,11,1,0,11,10,4,2.0,0.8,2,7,5,2,3,2,0.67,0.25,14,4,2,4,15,18,2,0,7,9,7,1.8,1.4,4,6,6,2,3,3,0.4,0.4,3,5,10,10,5,3,4,10,4,14,-10,76,75,1,1563,1573,-10,53000000,53000000,1,2,1,1
2024,1224211,27,Fecha inválida,Borussia Dortmund,FSV Mainz 05,0,0,15,4,3,3,18,14,1,0,9,10,7,2.0,1.4,1,9,7,1,4,5,0.5,0.25,20,6,2,2,19,10,0,1,8,7,4,1.4,0.8,4,5,5,2,2,2,0.67,0.5,19,6,6,6,6,19,-5,-5,6,5,1,77,76,1,1565,1564,1,55000000,54000000,0,2,1,0
2024,1224213,27,Fecha inválida,1899 Hoffenheim,FC Augsburg,0,0,10,2,4,4,10,13,1,0,8,7,6,1.4,1.2,2,5,3,2,2,2,0.33,0.0,12,3,3,4,10,18,1,0,8,6,6,1.2,1.2,2,6,6,1,4,3,0.6,0.0,17,7,7,7,7,17,-2,5,8,11,-3,76,97,-21,1567,1570,-3,57000000,50000000,2,2,1,0
2024,1224209,27,Fecha inválida,Bayer Leverkusen,VfL Bochum,0,0,24,7,3,0,24,11,1,0,9,10,6,2.0,1.2,2,8,7,1,4,3,0.8,0.6,5,1,2,7,7,23,0,3,1,4,18,0.8,3.6,1,4,3,0,3,3,0.25,0.0,4,3,1,1,3,4,19,29,9,17,-8,77,76,1,1568,1576,-8,58000000,56000000,0,2,0,0
2024,1224212,27,Fecha inválida,Eintracht Frankfurt,VfB Stuttgart,0,0,17,5,2,3,22,14,0,1,10,13,7,2.6,1.4,3,7,7,1,4,3,0.5,0.5,15,4,3,3,15,15,0,0,5,5,9,1.0,1.8,2,6,6,1,3,3,0.5,0.25,10,6,9,9,6,10,2,8,10,13,-3,76,97,-21,1569,1572,-3,59000000,52000000,1,1,1,0
2024,1224217,27,Fecha inválida,Holstein Kiel,Werder Bremen,0,0,6,2,0,8,12,22,0,2,3,3,9,0.6,1.8,1,6,7,1,2,3,0.4,0.0,18,5,3,2,18,13,1,0,7,9,10,1.8,2.0,3,6,6,0,4,4,0.5,0.5,2,1,1,1,1,2,-12,-15,12,3,9,76,75,1,1591,1562,29,51000000,52000000,2,0,1,0
2024,1224221,28,Fecha inválida,SC Freiburg,Borussia Dortmund,0,0,15,4,3,3,15,19,1,0,5,4,8,0.8,1.6,2,7,7,2,2,3,0.8,0.0,15,4,3,3,18,14,1,0,9,10,7,2.0,1.4,1,9,7,1,4,5,0.5,0.25,2,4,22,22,4,2,0,-8,1,6,-5,83,84,-1,1560,1565,-5,50000000,55000000,1,0,0,1
2024,1224220,28,Fecha inválida,Werder Bremen,Eintracht Frankfurt,0,0,18,5,3,2,18,13,1,0,7,9,10,1.8,2.0,3,6,6,0,4,4,0.5,0.5,17,5,2,3,22,14,0,1,10,13,7,2.6,1.4,3,7,7,1,4,3,0.5,0.5,5,11,11,11,11,5,1,-3,3,10,-7,82,83,-1,1562,1569,-7,52000000,59000000,0,1,0,1
2024,1224223,28,Fecha inválida,FSV Mainz 05,Holstein Kiel,0,0,20,6,2,2,19,10,0,1,8,7,4,1.4,0.8,4,5,5,2,2,2,0.67,0.5,6,2,0,8,12,22,0,2,3,3,9,0.6,1.8,1,6,7,1,2,3,0.4,0.0,2,1,1,1,1,2,14,19,5,12,-7,83,83,0,1564,1591,-27,54000000,51000000,2,2,0,1
2024,1224222,28,Fecha inválida,FC Augsburg,Bayern München,0,0,12,3,3,4,10,18,1,0,8,6,6,1.2,1.2,2,6,6,1,4,3,0.6,0.0,25,8,1,1,28,6,5,0,15,16,0,3.2,0.0,6,4,7,5,0,4,1.0,0.6,4,3,25,25,3,4,-13,-30,11,18,-7,104,83,21,1570,1557,13,50000000,57000000,2,1,0,1
2024,1224218,28,Fecha inválida,RB Leipzig,1899 Hoffenheim,0,0,14,4,2,4,15,18,2,0,7,9,7,1.8,1.4,4,6,6,2,3,3,0.4,0.4,10,2,4,4,10,13,1,0,8,7,6,1.4,1.2,2,5,3,2,2,2,0.33,0.0,11,5,4,4,5,11,4,0,14,8,6,82,83,-1,1573,1567,6,53000000,57000000,2,2,1,1
2024,1224225,28,Fecha inválida,VfL Bochum,VfB Stuttgart,0,0,5,1,2,7,7,23,0,3,1,4,18,0.8,3.6,1,4,3,0,3,3,0.25,0.0,15,4,3,3,15,15,0,0,5,5,9,1.0,1.8,2,6,6,1,3,3,0.5,0.25,2,5,7,7,5,2,-10,-16,17,13,4,83,104,-21,1576,1572,4,56000000,52000000,2,1,0,0
2024,1224219,28,Fecha inválida,1. FC Heidenheim,Bayer Leverkusen,0,0,4,1,1,8,10,25,0,1,1,5,12,1.0,2.4,2,5,6,1,3,3,0.2,0.0,24,7,3,0,24,11,1,0,9,10,6,2.0,1.2,2,8,7,1,4,3,0.8,0.6,1,1,3,3,1,1,-20,-28,1,9,-8,83,84,-1,1580,1568,12,50000000,58000000,0,0,0,0
2024,1224224,28,Fecha inválida,Union Berlin,VfL Wolfsburg,0,0,6,1,3,6,8,17,1,0,5,3,5,0.6,1.0,2,5,4,2,1,1,0.0,0.17,17,5,2,3,20,16,0,1,8,7,6,1.4,1.2,3,7,6,2,3,2,0.4,0.6,4,4,5,5,4,4,-11,-13,3,2,1,83,83,0,1582,1561,21,52000000,51000000,2,2,0,1
2024,1224226,28,Fecha inválida,FC St. Pauli,Borussia Mönchengladbach,0,0,10,3,1,6,8,11,0,1,4,3,5,0.6,1.0,3,3,3,2,1,1,0.2,0.4,18,5,3,2,18,11,1,0,11,10,4,2.0,0.8,2,7,5,2,3,2,0.67,0.25,3,1,2,2,1,3,-8,-10,7,4,3,83,83,0,1586,1563,23,56000000,53000000,0,1,0,1
2024,1224229,29,Fecha inválida,Bayern München,Borussia Dortmund,0,0,25,8,1,1,28,6,5,0,15,16,0,3.2,0.0,6,4,7,5,0,4,1.0,0.6,15,4,3,3,18,14,1,0,9,10,7,2.0,1.4,1,9,7,1,4,5,0.5,0.25,26,6,14,14,6,26,10,18,18,6,12,90,91,-1,1557,1565,-8,57000000,55000000,1,0,1,1
2024,1224232,29,Fecha inválida,VfL Wolfsburg,RB Leipzig,0,0,17,5,2,3,20,16,0,1,8,7,6,1.4,1.2,3,7,6,2,3,2,0.4,0.6,14,4,2,4,15,18,2,0,7,9,7,1.8,1.4,4,6,6,2,3,3,0.4,0.4,7,8,11,11,8,7,3,7,2,14,-12,90,89,1,1561,1573,-12,51000000,53000000,2,2,1,1
2024,1224233,29,Fecha inválida,Borussia Mönchengladbach,SC Freiburg,0,0,18,5,3,2,18,11,1,0,11,10,4,2.0,0.8,2,7,5,2,3,2,0.67,0.25,15,4,3,3,15,19,1,0,5,4,8,0.8,1.6,2,7,7,2,2,3,0.8,0.0,7,10,11,11,10,7,3,11,4,1,3,90,90,0,1563,1560,3,53000000,50000000,1,1,1,0
2024,1224231,29,Fecha inválida,1899 Hoffenheim,FSV Mainz 05,0,0,10,2,4,4,10,13,1,0,8,7,6,1.4,1.2,2,5,3,2,2,2,0.33,0.0,20,6,2,2,19,10,0,1,8,7,4,1.4,0.8,4,5,5,2,2,2,0.67,0.5,9,11,13,13,11,9,-10,-12,8,5,3,90,90,0,1567,1564,3,57000000,54000000,2,2,1,0
2024,1224227,29,Fecha inválida,Bayer Leverkusen,Union Berlin,0,0,24,7,3,0,24,11,1,0,9,10,6,2.0,1.2,2,8,7,1,4,3,0.8,0.6,6,1,3,6,8,17,1,0,5,3,5,0.6,1.0,2,5,4,2,1,1,0.0,0.17,8,5,1,1,5,8,18,22,9,3,6,91,90,1,1568,1582,-14,58000000,52000000,0,2,0,0
2024,1224230,29,Fecha inválida,Eintracht Frankfurt,1. FC Heidenheim,0,0,17,5,2,3,22,14,0,1,10,13,7,2.6,1.4,3,7,7,1,4,3,0.5,0.5,4,1,1,8,10,25,0,1,1,5,12,1.0,2.4,2,5,6,1,3,3,0.2,0.0,4,1,0,0,1,4,13,23,10,1,9,90,90,0,1569,1580,-11,59000000,50000000,1,0,1,0
2024,1224228,29,Fecha inválida,VfB Stuttgart,Werder Bremen,0,0,15,4,3,3,15,15,0,0,5,5,9,1.0,1.8,2,6,6,1,3,3,0.5,0.25,18,5,3,2,18,13,1,0,7,9,10,1.8,2.0,3,6,6,0,4,4,0.5,0.5,8,9,7,7,9,8,-3,-5,13,3,10,111,89,22,1572,1562,10,52000000,52000000,1,0,0,0
2024,1224234,29,Fecha inválida,VfL Bochum,FC Augsburg,0,0,5,1,2,7,7,23,0,3,1,4,18,0.8,3.6,1,4,3,0,3,3,0.25,0.0,12,3,3,4,10,18,1,0,8,6,6,1.2,1.2,2,6,6,1,4,3,0.6,0.0,4,3,2,2,3,4,-7,-8,17,11,6,90,111,-21,1576,1570,6,56000000,50000000,2,2,0,0
2024,1224235,29,Fecha inválida,Holstein Kiel,FC St. Pauli,0,0,6,2,0,8,12,22,0,2,3,3,9,0.6,1.8,1,6,7,1,2,3,0.4,0.0,10,3,1,6,8,11,0,1,4,3,5,0.6,1.0,3,3,3,2,1,1,0.2,0.4,7,3,8,8,3,7,-4,-7,12,7,5,90,90,0,1591,1586,5,51000000,56000000,2,0,1,0
2024,1224240,30,Fecha inválida,SC Freiburg,1899 Hoffenheim,0,0,15,4,3,3,15,19,1,0,5,4,8,0.8,1.6,2,7,7,2,2,3,0.8,0.0,10,2,4,4,10,13,1,0,8,7,6,1.4,1.2,2,5,3,2,2,2,0.33,0.0,12,12,5,5,12,12,5,-1,1,8,-7,97,97,0,1560,1567,-7,50000000,57000000,1,2,0,1
2024,1224239,30,Fecha inválida,Werder Bremen,VfL Bochum,0,0,18,5,3,2,18,13,1,0,7,9,10,1.8,2.0,3,6,6,0,4,4,0.5,0.5,5,1,2,7,7,23,0,3,1,4,18,0.8,3.6,1,4,3,0,3,3,0.25,0.0,4,2,0,0,2,4,13,21,3,17,-14,96,97,-1,1562,1576,-14,52000000,56000000,0,2,0,0
2024,1224242,30,Fecha inválida,FSV Mainz 05,VfL Wolfsburg,0,0,20,6,2,2,19,10,0,1,8,7,4,1.4,0.8,4,5,5,2,2,2,0.67,0.5,17,5,2,3,20,16,0,1,8,7,6,1.4,1.2,3,7,6,2,3,2,0.4,0.6,7,12,11,11,12,7,3,5,5,2,3,97,97,0,1564,1561,3,54000000,51000000,2,2,0,1
2024,1224237,30,Fecha inválida,Borussia Dortmund,Borussia Mönchengladbach,0,0,15,4,3,3,18,14,1,0,9,10,7,2.0,1.4,1,9,7,1,4,5,0.5,0.25,18,5,3,2,18,11,1,0,11,10,4,2.0,0.8,2,7,5,2,3,2,0.67,0.25,21,4,7,7,4,21,-3,-3,6,4,2,98,97,1,1565,1563,2,55000000,53000000,0,1,1,1
2024,1224241,30,Fecha inválida,FC Augsburg,Eintracht Frankfurt,0,0,12,3,3,4,10,18,1,0,8,6,6,1.2,1.2,2,6,6,1,4,3,0.6,0.0,17,5,2,3,22,14,0,1,10,13,7,2.6,1.4,3,7,7,1,4,3,0.5,0.5,8,10,8,8,10,8,-5,-16,11,10,1,118,97,21,1570,1569,1,50000000,59000000,2,1,0,1
2024,1224236,30,Fecha inválida,RB Leipzig,Holstein Kiel,0,0,14,4,2,4,15,18,2,0,7,9,7,1.8,1.4,4,6,6,2,3,3,0.4,0.4,6,2,0,8,12,22,0,2,3,3,9,0.6,1.8,1,6,7,1,2,3,0.4,0.0,3,1,0,0,1,3,8,7,14,12,2,96,97,-1,1573,1591,-18,53000000,51000000,2,2,1,1
2024,1224238,30,Fecha inválida,1. FC Heidenheim,Bayern München,0,0,4,1,1,8,10,25,0,1,1,5,12,1.0,2.4,2,5,6,1,3,3,0.2,0.0,25,8,1,1,28,6,5,0,15,16,0,3.2,0.0,6,4,7,5,0,4,1.0,0.6,1,1,3,3,1,1,-21,-37,1,18,-17,97,97,0,1580,1557,23,50000000,57000000,0,1,0,1
2024,1224243,30,Fecha inválida,Union Berlin,VfB Stuttgart,0,0,6,1,3,6,8,17,1,0,5,3,5,0.6,1.0,2,5,4,2,1,1,0.0,0.17,15,4,3,3,15,15,0,0,5,5,9,1.0,1.8,2,6,6,1,3,3,0.5,0.25,3,7,5,5,7,3,-9,-9,3,13,-10,97,118,-21,1582,1572,10,52000000,52000000,2,1,0,0
2024,1224244,30,Fecha inválida,FC St. Pauli,Bayer Leverkusen,0,0,10,3,1,6,8,11,0,1,4,3,5,0.6,1.0,3,3,3,2,1,1,0.2,0.4,24,7,3,0,24,11,1,0,9,10,6,2.0,1.2,2,8,7,1,4,3,0.8,0.6,0,1,3,3,1,0,-14,-16,7,9,-2,97,98,-1,1586,1568,18,56000000,58000000,0,0,0,0
2024,1224247,31,Fecha inválida,Bayern München,FSV Mainz 05,0,0,25,8,1,1,28,6,5,0,15,16,0,3.2,0.0,6,4,7,5,0,4,1.0,0.6,20,6,2,2,19,10,0,1,8,7,4,1.4,0.8,4,5,5,2,2,2,0.67,0.5,22,3,7,7,3,22,5,13,18,5,13,104,104,0,1557,1564,-7,57000000,54000000,1,2,1,0
2024,1224251,31,Fecha inválida,VfL Wolfsburg,SC Freiburg,0,0,17,5,2,3,20,16,0,1,8,7,6,1.4,1.2,3,7,6,2,3,2,0.4,0.6,15,4,3,3,15,19,1,0,5,4,8,0.8,1.6,2,7,7,2,2,3,0.8,0.0,14,5,11,11,5,14,2,8,2,1,1,104,104,0,1561,1560,1,51000000,50000000,2,1,1,0
2024,1224250,31,Fecha inválida,Werder Bremen,FC St. Pauli,0,0,18,5,3,2,18,13,1,0,7,9,10,1.8,2.0,3,6,6,0,4,4,0.5,0.5,10,3,1,6,8,11,0,1,4,3,5,0.6,1.0,3,3,3,2,1,1,0.2,0.4,4,4,0,0,4,4,8,8,3,7,-4,103,104,-1,1562,1586,-24,52000000,56000000,0,0,0,0
2024,1224249,31,Fecha inválida,1899 Hoffenheim,Borussia Dortmund,0,0,10,2,4,4,10,13,1,0,8,7,6,1.4,1.2,2,5,3,2,2,2,0.33,0.0,15,4,3,3,18,14,1,0,9,10,7,2.0,1.4,1,9,7,1,4,5,0.5,0.25,7,10,15,15,10,7,-5,-7,8,6,2,104,105,-1,1567,1565,2,57000000,55000000,2,0,1,1
2024,1224245,31,Fecha inválida,Bayer Leverkusen,FC Augsburg,0,0,24,7,3,0,24,11,1,0,9,10,6,2.0,1.2,2,8,7,1,4,3,0.8,0.6,12,3,3,4,10,18,1,0,8,6,6,1.2,1.2,2,6,6,1,4,3,0.6,0.0,18,8,2,2,8,18,12,21,9,11,-2,105,125,-20,1568,1570,-2,58000000,50000000,0,2,0,0
2024,1224248,31,Fecha inválida,Eintracht Frankfurt,RB Leipzig,0,0,17,5,2,3,22,14,0,1,10,13,7,2.6,1.4,3,7,7,1,4,3,0.5,0.5,14,4,2,4,15,18,2,0,7,9,7,1.8,1.4,4,6,6,2,3,3,0.4,0.4,6,9,7,7,9,6,3,11,10,14,-4,104,103,1,1569,1573,-4,59000000,53000000,1,2,1,1
2024,1224246,31,Fecha inválida,VfB Stuttgart,1. FC Heidenheim,0,0,15,4,3,3,15,15,0,0,5,5,9,1.0,1.8,2,6,6,1,3,3,0.5,0.25,4,1,1,8,10,25,0,1,1,5,12,1.0,2.4,2,5,6,1,3,3,0.2,0.0,4,3,2,2,3,4,11,15,13,1,12,125,104,21,1572,1580,-8,52000000,50000000,1,0,0,0
2024,1224252,31,Fecha inválida,VfL Bochum,Union Berlin,0,0,5,1,2,7,7,23,0,3,1,4,18,0.8,3.6,1,4,3,0,3,3,0.25,0.0,6,1,3,6,8,17,1,0,5,3,5,0.6,1.0,2,5,4,2,1,1,0.0,0.17,7,6,11,11,6,7,-1,-7,17,3,14,104,104,0,1576,1582,-6,56000000,52000000,2,2,0,0
2024,1224253,31,Fecha inválida,Holstein Kiel,Borussia Mönchengladbach,0,0,6,2,0,8,12,22,0,2,3,3,9,0.6,1.8,1,6,7,1,2,3,0.4,0.0,18,5,3,2,18,11,1,0,11,10,4,2.0,0.8,2,7,5,2,3,2,0.67,0.25,0,1,1,1,1,0,-12,-17,12,4,8,104,104,0,1591,1563,28,51000000,53000000,2,1,1,1
2024,1224257,32,Fecha inválida,SC Freiburg,Bayer Leverkusen,0,0,15,4,3,3,15,19,1,0,5,4,8,0.8,1.6,2,7,7,2,2,3,0.8,0.0,24,7,3,0,24,11,1,0,9,10,6,2.0,1.2,2,8,7,1,4,3,0.8,0.6,6,10,14,14,10,6,-9,-17,1,9,-8,111,112,-1,1560,1568,-8,50000000,58000000,1,0,0,0
2024,1224260,32,Fecha inválida,Borussia Mönchengladbach,1899 Hoffenheim,0,0,18,5,3,2,18,11,1,0,11,10,4,2.0,0.8,2,7,5,2,3,2,0.67,0.25,10,2,4,4,10,13,1,0,8,7,6,1.4,1.2,2,5,3,2,2,2,0.33,0.0,12,10,8,8,10,12,8,10,4,8,-4,111,111,0,1563,1567,-4,53000000,57000000,1,2,1,1
2024,1224259,32,Fecha inválida,FSV Mainz 05,Eintracht Frankfurt,0,0,20,6,2,2,19,10,0,1,8,7,4,1.4,0.8,4,5,5,2,2,2,0.67,0.5,17,5,2,3,22,14,0,1,10,13,7,2.6,1.4,3,7,7,1,4,3,0.5,0.5,10,9,11,11,9,10,3,1,5,10,-5,111,111,0,1564,1569,-5,54000000,59000000,2,1,0,1
2024,1224255,32,Fecha inválida,Borussia Dortmund,VfL Wolfsburg,0,0,15,4,3,3,18,14,1,0,9,10,7,2.0,1.4,1,9,7,1,4,5,0.5,0.25,17,5,2,3,20,16,0,1,8,7,6,1.4,1.2,3,7,6,2,3,2,0.4,0.6,22,5,6,6,5,22,-2,0,6,2,4,112,111,1,1565,1561,4,55000000,51000000,0,2,1,1
2024,1224258,32,Fecha inválida,FC Augsburg,Holstein Kiel,0,0,12,3,3,4,10,18,1,0,8,6,6,1.2,1.2,2,6,6,1,4,3,0.6,0.0,6,2,0,8,12,22,0,2,3,3,9,0.6,1.8,1,6,7,1,2,3,0.4,0.0,1,1,1,1,1,1,6,2,11,12,-1,132,111,21,1570,1591,-21,50000000,51000000,2,2,0,1
2024,1224254,32,Fecha inválida,RB Leipzig,Bayern München,0,0,14,4,2,4,15,18,2,0,7,9,7,1.8,1.4,4,6,6,2,3,3,0.4,0.4,25,8,1,1,28,6,5,0,15,16,0,3.2,0.0,6,4,7,5,0,4,1.0,0.6,3,7,12,12,7,3,-11,-25,14,18,-4,110,111,-1,1573,1557,16,53000000,57000000,2,1,1,1
2024,1224256,32,Fecha inválida,1. FC Heidenheim,VfL Bochum,0,0,4,1,1,8,10,25,0,1,1,5,12,1.0,2.4,2,5,6,1,3,3,0.2,0.0,5,1,2,7,7,23,0,3,1,4,18,0.8,3.6,1,4,3,0,3,3,0.25,0.0,4,5,10,10,5,4,-1,1,1,17,-16,111,111,0,1580,1576,4,50000000,56000000,0,2,0,0
2024,1224261,32,Fecha inválida,Union Berlin,Werder Bremen,0,0,6,1,3,6,8,17,1,0,5,3,5,0.6,1.0,2,5,4,2,1,1,0.0,0.17,18,5,3,2,18,13,1,0,7,9,10,1.8,2.0,3,6,6,0,4,4,0.5,0.5,6,1,3,3,1,6,-12,-14,3,3,0,111,110,1,1582,1562,20,52000000,52000000,2,0,0,0
2024,1224262,32,Fecha inválida,FC St. Pauli,VfB Stuttgart,0,0,10,3,1,6,8,11,0,1,4,3,5,0.6,1.0,3,3,3,2,1,1,0.2,0.4,15,4,3,3,15,15,0,0,5,5,9,1.0,1.8,2,6,6,1,3,3,0.5,0.25,1,2,6,6,2,1,-5,-3,7,13,-6,111,132,-21,1586,1572,14,56000000,52000000,0,1,0,0
2024,1224265,33,Fecha inválida,Bayern München,Borussia Mönchengladbach,0,0,25,8,1,1,28,6,5,0,15,16,0,3.2,0.0,6,4,7,5,0,4,1.0,0.6,18,5,3,2,18,11,1,0,11,10,4,2.0,0.8,2,7,5,2,3,2,0.67,0.25,14,7,12,12,7,14,7,15,18,4,14,118,118,0,1557,1563,-6,57000000,53000000,1,1,1,1
2024,1224268,33,Fecha inválida,VfL Wolfsburg,1899 Hoffenheim,0,0,17,5,2,3,20,16,0,1,8,7,6,1.4,1.2,3,7,6,2,3,2,0.4,0.6,10,2,4,4,10,13,1,0,8,7,6,1.4,1.2,2,5,3,2,2,2,0.33,0.0,16,9,9,9,9,16,7,7,2,8,-6,118,118,0,1561,1567,-6,51000000,57000000,2,2,1,1
2024,1224267,33,Fecha inválida,Werder Bremen,RB Leipzig,0,0,18,5,3,2,18,13,1,0,7,9,10,1.8,2.0,3,6,6,0,4,4,0.5,0.5,14,4,2,4,15,18,2,0,7,9,7,1.8,1.4,4,6,6,2,3,3,0.4,0.4,2,6,10,10,6,2,4,8,3,14,-11,117,117,0,1562,1573,-11,52000000,53000000,0,2,0,1
2024,1224263,33,Fecha inválida,Bayer Leverkusen,Borussia Dortmund,0,0,24,7,3,0,24,11,1,0,9,10,6,2.0,1.2,2,8,7,1,4,3,0.8,0.6,15,4,3,3,18,14,1,0,9,10,7,2.0,1.4,1,9,7,1,4,5,0.5,0.25,8,7,15,15,7,8,9,9,9,6,3,119,119,0,1568,1565,3,58000000,55000000,0,0,0,1
2024,1224266,33,Fecha inválida,Eintracht Frankfurt,FC St. Pauli,0,0,17,5,2,3,22,14,0,1,10,13,7,2.6,1.4,3,7,7,1,4,3,0.5,0.5,10,3,1,6,8,11,0,1,4,3,5,0.6,1.0,3,3,3,2,1,1,0.2,0.4,4,2,1,1,2,4,7,11,10,7,3,118,118,0,1569,1586,-17,59000000,56000000,1,0,1,0
2024,1224264,33,Fecha inválida,VfB Stuttgart,FC Augsburg,0,0,15,4,3,3,15,15,0,0,5,5,9,1.0,1.8,2,6,6,1,3,3,0.5,0.25,12,3,3,4,10,18,1,0,8,6,6,1.2,1.2,2,6,6,1,4,3,0.6,0.0,11,5,9,9,5,11,3,8,13,11,2,139,139,0,1572,1570,2,52000000,50000000,1,2,0,0
2024,1224270,33,Fecha inválida,VfL Bochum,FSV Mainz 05,0,0,5,1,2,7,7,23,0,3,1,4,18,0.8,3.6,1,4,3,0,3,3,0.25,0.0,20,6,2,2,19,10,0,1,8,7,4,1.4,0.8,4,5,5,2,2,2,0.67,0.5,3,2,5,5,2,3,-15,-25,17,5,12,118,118,0,1576,1564,12,56000000,54000000,2,2,0,0
2024,1224269,33,Fecha inválida,Union Berlin,1. FC Heidenheim,0,0,6,1,3,6,8,17,1,0,5,3,5,0.6,1.0,2,5,4,2,1,1,0.0,0.17,4,1,1,8,10,25,0,1,1,5,12,1.0,2.4,2,5,6,1,3,3,0.2,0.0,4,4,8,8,4,4,2,6,3,1,2,118,118,0,1582,1580,2,52000000,50000000,2,0,0,0
2024,1224271,33,Fecha inválida,Holstein Kiel,SC Freiburg,0,0,6,2,0,8,12,22,0,2,3,3,9,0.6,1.8,1,6,7,1,2,3,0.4,0.0,15,4,3,3,15,19,1,0,5,4,8,0.8,1.6,2,7,7,2,2,3,0.8,0.0,1,1,1,1,1,1,-9,-6,12,1,11,118,118,0,1591,1560,31,51000000,50000000,2,1,1,0
2024,1224276,34,Fecha inválida,SC Freiburg,Eintracht Frankfurt,0,0,15,4,3,3,15,19,1,0,5,4,8,0.8,1.6,2,7,7,2,2,3,0.8,0.0,17,5,2,3,22,14,0,1,10,13,7,2.6,1.4,3,7,7,1,4,3,0.5,0.5,8,12,7,7,12,8,-2,-12,1,10,-9,125,125,0,1560,1569,-9,50000000,59000000,1,1,0,1
2024,1224279,34,Fecha inválida,Borussia Mönchengladbach,VfL Wolfsburg,0,0,18,5,3,2,18,11,1,0,11,10,4,2.0,0.8,2,7,5,2,3,2,0.67,0.25,17,5,2,3,20,16,0,1,8,7,6,1.4,1.2,3,7,6,2,3,2,0.4,0.6,11,11,9,9,11,11,1,3,4,2,2,125,125,0,1563,1561,2,53000000,51000000,1,2,1,1
2024,1224278,34,Fecha inválida,FSV Mainz 05,Bayer Leverkusen,0,0,20,6,2,2,19,10,0,1,8,7,4,1.4,0.8,4,5,5,2,2,2,0.67,0.5,24,7,3,0,24,11,1,0,9,10,6,2.0,1.2,2,8,7,1,4,3,0.8,0.6,9,5,16,16,5,9,-4,-4,5,9,-4,125,126,-1,1564,1568,-4,54000000,58000000,2,0,0,0
2024,1224273,34,Fecha inválida,Borussia Dortmund,Holstein Kiel,0,0,15,4,3,3,18,14,1,0,9,10,7,2.0,1.4,1,9,7,1,4,5,0.5,0.25,6,2,0,8,12,22,0,2,3,3,9,0.6,1.8,1,6,7,1,2,3,0.4,0.0,2,2,0,0,2,2,9,14,6,12,-6,126,125,1,1565,1591,-26,55000000,51000000,0,2,1,1
2024,1224274,34,Fecha inválida,1899 Hoffenheim,Bayern München,0,0,10,2,4,4,10,13,1,0,8,7,6,1.4,1.2,2,5,3,2,2,2,0.33,0.0,25,8,1,1,28,6,5,0,15,16,0,3.2,0.0,6,4,7,5,0,4,1.0,0.6,5,7,19,19,7,5,-15,-25,8,18,-10,125,125,0,1567,1557,10,57000000,57000000,2,1,1,1
2024,1224277,34,Fecha inválida,FC Augsburg,Union Berlin,0,0,12,3,3,4,10,18,1,0,8,6,6,1.2,1.2,2,6,6,1,4,3,0.6,0.0,6,1,3,6,8,17,1,0,5,3,5,0.6,1.0,2,5,4,2,1,1,0.0,0.17,5,6,3,3,6,5,6,1,11,3,8,146,125,21,1570,1582,-12,50000000,52000000,2,2,0,0
2024,1224272,34,Fecha inválida,RB Leipzig,VfB Stuttgart,0,0,14,4,2,4,15,18,2,0,7,9,7,1.8,1.4,4,6,6,2,3,3,0.4,0.4,15,4,3,3,15,15,0,0,5,5,9,1.0,1.8,2,6,6,1,3,3,0.5,0.25,9,4,1,1,4,9,-1,-3,14,13,1,124,146,-22,1573,1572,1,53000000,52000000,2,1,1,0
2024,1224275,34,Fecha inválida,1. FC Heidenheim,Werder Bremen,0,0,4,1,1,8,10,25,0,1,1,5,12,1.0,2.4,2,5,6,1,3,3,0.2,0.0,18,5,3,2,18,13,1,0,7,9,10,1.8,2.0,3,6,6,0,4,4,0.5,0.5,4,4,2,2,4,4,-14,-20,1,3,-2,125,124,1,1580,1562,18,50000000,52000000,0,0,0,0
2024,1224280,34,Fecha inválida,FC St. Pauli,VfL Bochum,0,0,10,3,1,6,8,11,0,1,4,3,5,0.6,1.0,3,3,3,2,1,1,0.2,0.4,5,1,2,7,7,23,0,3,1,4,18,0.8,3.6,1,4,3,0,3,3,0.25,0.0,8,10,4,4,10,8,5,13,7,17,-10,125,125,0,1586,1576,10,56000000,56000000,0,2,0,0
