temporada,id_partido,fecha,fecha_partido,nombre_equipo_local,nombre_equipo_visitante,goles_equipo_local,goles_equipo_visitante,puntos_acumulados_local,wins_last10_local,draws_last10_local,losses_last10_local,goles_favor_last10_local,goles_contra_last10_local,current_win_streak_local,current_loss_streak_local,puntos_ultimos5_local,goles_favor_ultimos5_local,goles_contra_ultimos5_local,prom_goles_favor_ultimos5_local,prom_goles_contra_ultimos5_local,clean_sheets_last10_local,btts_last10_local,over25_last10_local,clean_sheets_last5_local,btts_last5_local,over25_last5_local,home_win_rate_local,away_win_rate_local,puntos_acumulados_visitante,wins_last10_visitante,draws_last10_visitante,losses_last10_visitante,goles_favor_last10_visitante,goles_contra_last10_visitante,current_win_streak_visitante,current_loss_streak_visitante,puntos_ultimos5_visitante,goles_favor_ultimos5_visitante,goles_contra_ultimos5_visitante,prom_goles_favor_ultimos5_visitante,prom_goles_contra_ultimos5_visitante,clean_sheets_last10_visitante,btts_last10_visitante,over25_last10_visitante,clean_sheets_last5_visitante,btts_last5_visitante,over25_last5_visitante,home_win_rate_visitante,away_win_rate_visitante,head2head_local_wins,head2head_local_draws,head2head_local_losses,head2head_visitante_wins,head2head_visitante_draws,head2head_visitante_losses,puntos_balance,goles_balance,posicion_tabla_local,posicion_tabla_visitante,diff_posicion_tabla,dias_descanso_local,dias_descanso_visitante,diff_dias_descanso,elo_rating_local,elo_rating_visitante,diff_elo_rating,valor_mercado_local,valor_mercado_visitante,jugadores_lesionados_local,jugadores_lesionados_visitante,titulares_sancionados_local,titulares_sancionados_visitante
2024,1307790,1,Fecha inválida,Erbil,Diyala,2,1,0,0,0,0,0,0,0,0,0,0,0,0.0,0.0,0,0,0,0,0,0,0.0,0.0,0,0,0,0,0,0,0,0,0,0,0,0.0,0.0,0,0,0,0,0,0,0.0,0.0,1,0,0,0,0,1,0,0,11,2,9,0,0,0,1570,1561,9,50000000,51000000,0,2,0,1
2024,1307791,1,Fecha inválida,Duhok,Al Zawra'a,0,1,0,0,0,0,0,0,0,0,0,0,0,0.0,0.0,0,0,0,0,0,0,0.0,0.0,0,0,0,0,0,0,0,0,0,0,0,0.0,0.0,0,0,0,0,0,0,0.0,0.0,1,3,2,2,3,1,0,0,4,11,-7,0,0,0,1563,1510,53,53000000,50000000,0,0,1,0
2024,1307792,1,Fecha inválida,Karbala,Newroz,0,0,0,0,0,0,0,0,0,0,0,0,0,0.0,0.0,0,0,0,0,0,0,0.0,0.0,0,0,0,0,0,0,0,0,0,0,0,0.0,0.0,0,0,0,0,0,0,0.0,0.0,2,1,2,2,1,2,0,0,5,10,-5,0,0,0,1564,1589,-25,54000000,59000000,1,2,0,1
2024,1307793,1,Fecha inválida,Naft Al-Janoob,Al Karkh,1,0,0,0,0,0,0,0,0,0,0,0,0,0.0,0.0,0,0,0,0,0,0,0.0,0.0,0,0,0,0,0,0,0,0,0,0,0,0.0,0.0,0,0,0,0,0,0,0.0,0.0,3,2,4,4,2,3,0,0,13,5,8,0,0,0,1572,1544,28,52000000,54000000,2,1,0,0
2024,1307826,1,Fecha inválida,Al Shorta,Al-Karma,2,2,0,0,0,0,0,0,0,0,0,0,0,0.0,0.0,0,0,0,0,0,0,0.0,0.0,0,0,0,0,0,0,0,0,0,0,0,0.0,0.0,0,0,0,0,0,0,0.0,0.0,0,1,0,0,1,0,0,0,3,4,-1,0,0,0,1542,1563,-21,52000000,53000000,1,1,0,1
2024,1307794,1,Fecha inválida,Al Najaf,Naft,1,1,0,0,0,0,0,0,0,0,0,0,0,0.0,0.0,0,0,0,0,0,0,0.0,0.0,0,0,0,0,0,0,0,0,0,0,0,0.0,0.0,0,0,0,0,0,0,0.0,0.0,3,2,5,5,2,3,0,0,7,12,-5,0,0,0,1566,1571,-5,56000000,51000000,2,1,0,1
2024,1307795,1,Fecha inválida,Al Minaa Basra,Al Hudod,2,1,0,0,0,0,0,0,0,0,0,0,0,0.0,0.0,0,0,0,0,0,0,0.0,0.0,0,0,0,0,0,0,0,0,0,0,0,0.0,0.0,0,0,0,0,0,0,0.0,0.0,1,3,1,1,3,1,0,0,6,4,2,0,0,0,1565,1563,2,55000000,53000000,1,2,1,1
2024,1307796,1,Fecha inválida,Al-Qasim,Naft Maysan,1,2,0,0,0,0,0,0,0,0,0,0,0,0.0,0.0,0,0,0,0,0,0,0.0,0.0,0,0,0,0,0,0,0,0,0,0,0,0.0,0.0,0,0,0,0,0,0,0.0,0.0,2,3,4,4,3,2,0,0,7,15,-8,0,0,0,1546,1574,-28,56000000,54000000,0,1,0,0
2024,1307797,1,Fecha inválida,Al Talaba,Zakho,0,0,0,0,0,0,0,0,0,0,0,0,0,0.0,0.0,0,0,0,0,0,0,0.0,0.0,0,0,0,0,0,0,0,0,0,0,0,0.0,0.0,0,0,0,0,0,0,0.0,0.0,1,5,3,3,5,1,0,0,8,8,0,0,0,0,1567,1547,20,57000000,57000000,0,1,1,1
2024,1307798,1,Fecha inválida,Al Kahrabaa,Al Quwa Al Jawiya,0,0,0,0,0,0,0,0,0,0,0,0,0,0.0,0.0,0,0,0,0,0,0,0.0,0.0,0,0,0,0,0,0,0,0,0,0,0,0.0,0.0,0,0,0,0,0,0,0.0,0.0,1,4,5,5,4,1,0,0,5,10,-5,0,0,0,1564,1509,55,54000000,59000000,0,2,0,1
2024,1307800,2,Fecha inválida,Diyala,Al Shorta,0,6,0,0,0,1,1,2,0,1,0,1,2,1.0,2.0,0,1,1,0,1,1,0.0,0.0,1,0,1,0,2,2,0,0,1,2,2,2.0,2.0,0,1,1,0,1,1,0.0,0.0,0,0,1,1,0,0,-1,-1,2,3,-1,6,4,2,1561,1542,19,51000000,52000000,2,1,1,0
2024,1307827,2,Fecha inválida,Al-Karma,Naft,0,2,1,0,1,0,2,2,0,0,1,2,2,2.0,2.0,0,1,1,0,1,1,0.0,0.0,1,0,1,0,1,1,0,0,1,1,1,1.0,1.0,0,1,0,0,1,0,0.0,0.0,0,0,1,1,0,0,0,0,4,12,-8,4,4,0,1563,1571,-8,53000000,51000000,1,1,1,1
2024,1307799,2,Fecha inválida,Al Zawra'a,Al Karkh,2,1,3,1,0,0,1,0,1,0,3,1,0,1.0,0.0,1,0,0,1,0,0,0.0,1.0,0,0,0,1,0,1,0,1,0,0,1,0.0,1.0,0,0,0,0,0,0,0.0,0.0,4,4,1,1,4,4,3,2,11,5,6,5,5,0,1510,1544,-34,50000000,54000000,0,1,0,0
2024,1307801,2,Fecha inválida,Zakho,Newroz,1,1,1,0,1,0,0,0,0,0,1,0,0,0.0,0.0,1,0,0,1,0,0,0.0,0.0,1,0,1,0,0,0,0,0,1,0,0,0.0,0.0,1,0,0,1,0,0,0.0,0.0,3,1,3,3,1,3,0,0,8,10,-2,4,5,-1,1547,1589,-42,57000000,59000000,1,2,1,1
2024,1307804,2,Fecha inválida,Al Quwa Al Jawiya,Al Minaa Basra,2,1,1,0,1,0,0,0,0,0,1,0,0,0.0,0.0,1,0,0,1,0,0,0.0,0.0,3,1,0,0,2,1,1,0,3,2,1,2.0,1.0,0,1,1,0,1,1,1.0,0.0,4,3,1,1,3,4,-2,-1,10,6,4,4,5,-1,1509,1565,-56,59000000,55000000,2,1,1,1
2024,1307805,2,Fecha inválida,Al-Qasim,Al Kahrabaa,0,0,0,0,0,1,1,2,0,1,0,1,2,1.0,2.0,0,1,1,0,1,1,0.0,0.0,1,0,1,0,0,0,0,0,1,0,0,0.0,0.0,1,0,0,1,0,0,0.0,0.0,3,4,2,2,4,3,-1,-1,7,5,2,5,4,1,1546,1564,-18,56000000,54000000,0,0,0,0
2024,1307802,2,Fecha inválida,Duhok,Erbil,0,1,0,0,0,1,0,1,0,1,0,0,1,0.0,1.0,0,0,0,0,0,0,0.0,0.0,3,1,0,0,2,1,1,0,3,2,1,2.0,1.0,0,1,1,0,1,1,1.0,0.0,1,2,2,2,2,1,-3,-2,4,11,-7,6,7,-1,1563,1570,-7,53000000,50000000,0,0,1,0
2024,1307803,2,Fecha inválida,Karbala,Al Najaf,1,1,1,0,1,0,0,0,0,0,1,0,0,0.0,0.0,1,0,0,1,0,0,0.0,0.0,1,0,1,0,1,1,0,0,1,1,1,1.0,1.0,0,1,0,0,1,0,0.0,0.0,2,2,1,1,2,2,0,0,5,7,-2,6,5,1,1564,1566,-2,54000000,56000000,1,2,0,0
2024,1307807,2,Fecha inválida,Naft Maysan,Naft Al-Janoob,1,0,3,1,0,0,2,1,1,0,3,2,1,2.0,1.0,0,1,1,0,1,1,0.0,1.0,3,1,0,0,1,0,1,0,3,1,0,1.0,0.0,1,0,0,1,0,0,1.0,0.0,4,2,3,3,2,4,0,0,15,13,2,6,6,0,1574,1572,2,54000000,52000000,1,2,0,0
2024,1307806,2,Fecha inválida,Al Talaba,Al Hudod,1,0,1,0,1,0,0,0,0,0,1,0,0,0.0,0.0,1,0,0,1,0,0,0.0,0.0,0,0,0,1,1,2,0,1,0,1,2,1.0,2.0,0,1,1,0,1,1,0.0,0.0,2,3,2,2,3,2,1,1,8,4,4,6,6,0,1567,1563,4,57000000,53000000,0,2,1,1
2024,1307828,3,Fecha inválida,Al-Karma,Al Hudod,3,1,1,0,1,1,2,4,0,0,1,2,4,1.0,2.0,0,1,1,0,1,1,0.0,0.0,0,0,0,2,1,3,0,2,0,1,3,0.5,1.5,0,1,1,0,1,1,0.0,0.0,1,0,0,0,0,1,1,0,4,4,0,8,5,3,1563,1563,0,53000000,53000000,1,2,1,1
2024,1307808,3,Fecha inválida,Al Minaa Basra,Al Karkh,1,2,3,1,0,1,3,3,1,0,3,3,3,1.5,1.5,0,2,2,0,2,2,1.0,0.0,0,0,0,2,1,3,0,2,0,1,3,0.5,1.5,0,1,1,0,1,1,0.0,0.0,0,3,4,4,3,0,3,2,6,5,1,7,8,-1,1565,1544,21,55000000,54000000,1,1,1,0
2024,1307811,3,Fecha inválida,Erbil,Al Zawra'a,1,1,6,2,0,0,3,1,2,0,6,3,1,1.5,0.5,1,1,1,1,1,1,1.0,1.0,6,2,0,0,3,1,2,0,6,3,1,1.5,0.5,1,1,1,1,1,1,1.0,1.0,1,1,7,7,1,1,0,0,11,11,0,7,8,-1,1570,1510,60,50000000,50000000,0,0,0,0
2024,1307812,3,Fecha inválida,Zakho,Karbala,5,0,2,0,2,0,1,1,0,0,2,1,1,0.5,0.5,1,1,0,1,1,0,0.0,0.0,2,0,2,0,1,1,0,0,2,1,1,0.5,0.5,1,1,0,1,1,0,0.0,0.0,3,1,1,1,1,3,0,0,8,5,3,8,7,1,1547,1564,-17,57000000,54000000,1,1,1,0
2024,1307809,3,Fecha inválida,Al Shorta,Al Talaba,1,0,4,1,1,0,8,2,0,0,4,8,2,4.0,1.0,1,1,2,1,1,2,0.0,1.0,4,1,1,0,1,0,0,0,4,1,0,0.5,0.0,2,0,0,2,0,0,0.5,0.0,7,1,1,1,1,7,0,5,3,8,-5,9,7,2,1542,1567,-25,52000000,57000000,1,0,0,1
2024,1307810,3,Fecha inválida,Diyala,Al-Qasim,0,1,0,0,0,2,1,8,0,2,0,1,8,0.5,4.0,0,1,2,0,1,2,0.0,0.0,1,0,1,1,1,2,0,1,1,1,2,0.5,1.0,1,1,1,1,1,1,0.0,0.0,0,0,1,1,0,0,-1,-6,2,7,-5,9,8,1,1561,1546,15,51000000,56000000,2,0,1,0
2024,1307814,3,Fecha inválida,Al Kahrabaa,Newroz,2,1,2,0,2,0,0,0,0,0,2,0,0,0.0,0.0,2,0,0,2,0,0,0.0,0.0,2,0,2,0,1,1,0,0,2,1,1,0.5,0.5,1,1,0,1,1,0,0.0,0.0,3,3,1,1,3,3,0,0,5,10,-5,9,9,0,1564,1589,-25,54000000,59000000,0,2,0,1
2024,1307816,3,Fecha inválida,Naft Maysan,Naft,0,0,6,2,0,0,3,1,2,0,6,3,1,1.5,0.5,1,1,1,1,1,1,1.0,1.0,4,1,1,0,3,1,0,0,4,3,1,1.5,0.5,1,1,0,1,1,0,0.0,0.5,4,4,1,1,4,4,2,0,15,12,3,8,10,-2,1574,1571,3,54000000,51000000,1,1,0,1
2024,1307813,3,Fecha inválida,Al Najaf,Duhok,0,1,2,0,2,0,2,2,0,0,2,2,2,1.0,1.0,0,2,0,0,2,0,0.0,0.0,0,0,0,2,0,2,0,2,0,0,2,0.0,1.0,0,0,0,0,0,0,0.0,0.0,2,0,4,4,0,2,2,2,7,4,3,9,9,0,1566,1563,3,56000000,53000000,2,0,0,1
2024,1307815,3,Fecha inválida,Naft Al-Janoob,Al Quwa Al Jawiya,1,2,3,1,0,1,1,1,1,0,3,1,1,0.5,0.5,1,0,0,1,0,0,1.0,0.0,4,1,1,0,2,1,0,0,4,2,1,1.0,0.5,1,1,1,1,1,1,1.0,0.0,2,2,5,5,2,2,-1,-1,13,10,3,8,9,-1,1572,1509,63,52000000,59000000,2,2,0,1
2024,1307819,4,Fecha inválida,Al Hudod,Al Shorta,0,1,0,0,0,3,2,6,0,3,0,2,6,0.67,2.0,0,2,2,0,2,2,0.0,0.0,7,2,1,0,9,2,0,0,7,9,2,3.0,0.67,2,1,2,2,1,2,0.5,1.0,1,2,5,5,2,1,-7,-11,4,3,1,19,18,1,1563,1542,21,53000000,52000000,2,1,1,0
2024,1307818,4,Fecha inválida,Al-Qasim,Erbil,4,0,4,1,1,1,2,2,0,1,4,2,2,0.67,0.67,2,1,1,2,1,1,0.0,1.0,7,2,1,0,4,2,2,0,7,4,2,1.33,0.67,1,2,1,1,2,1,0.5,1.0,3,3,3,3,3,3,-3,-2,7,11,-4,18,18,0,1546,1570,-24,56000000,50000000,0,0,0,0
2024,1307817,4,Fecha inválida,Naft,Naft Al-Janoob,2,0,5,1,2,0,3,1,0,0,5,3,1,1.0,0.33,2,1,0,2,1,0,0.0,0.33,3,1,0,2,2,3,1,0,3,2,3,0.67,1.0,1,1,1,1,1,1,0.5,0.0,2,4,3,3,4,2,2,3,12,13,-1,17,17,0,1571,1572,-1,51000000,52000000,1,2,1,0
2024,1307829,4,Fecha inválida,Al Talaba,Al-Karma,2,0,4,1,1,1,1,1,0,0,4,1,1,0.33,0.33,2,0,0,2,0,0,0.5,0.0,4,1,1,1,5,5,0,0,4,5,5,1.67,1.67,0,2,2,0,2,2,0.5,0.0,1,0,0,0,0,1,0,0,8,4,4,18,20,-2,1567,1563,4,57000000,53000000,0,1,1,1
2024,1307820,4,Fecha inválida,Al Zawra'a,Zakho,2,3,7,2,1,0,4,2,2,0,7,4,2,1.33,0.67,1,2,1,1,2,1,1.0,0.5,5,1,2,0,6,1,0,0,5,6,1,2.0,0.33,2,1,1,2,1,1,0.5,0.0,3,3,3,3,3,3,2,-3,11,8,3,19,19,0,1510,1547,-37,50000000,57000000,0,1,0,1
2024,1307821,4,Fecha inválida,Al Karkh,Naft Maysan,0,2,3,1,0,2,3,4,0,2,3,3,4,1.0,1.33,0,2,2,0,2,2,0.0,0.33,7,2,1,0,3,1,2,0,7,3,1,1.0,0.33,2,1,1,2,1,1,0.5,1.0,1,4,4,4,4,1,-4,-3,5,15,-10,20,18,2,1544,1574,-30,54000000,54000000,1,1,0,0
2024,1307822,4,Fecha inválida,Karbala,Al Minaa Basra,1,0,2,0,2,1,1,6,0,0,2,1,6,0.33,2.0,1,1,1,1,1,1,0.0,0.0,3,1,0,2,4,5,1,0,3,4,5,1.33,1.67,0,3,3,0,3,3,0.5,0.0,1,1,1,1,1,1,-1,-4,5,6,-1,19,20,-1,1564,1565,-1,54000000,55000000,1,1,0,1
2024,1307823,4,Fecha inválida,Newroz,Al Najaf,2,1,2,0,2,1,2,3,0,0,2,2,3,0.67,1.0,1,2,1,1,2,1,0.0,0.0,2,0,2,1,2,3,0,0,2,2,3,0.67,1.0,0,2,0,0,2,0,0.0,0.0,3,1,3,3,1,3,0,0,10,7,3,19,19,0,1589,1566,23,59000000,56000000,2,2,1,0
2024,1307824,4,Fecha inválida,Duhok,Al Kahrabaa,0,0,3,1,0,2,1,2,0,2,3,1,2,0.33,0.67,1,0,0,1,0,0,0.0,1.0,5,1,2,0,2,1,0,0,5,2,1,0.67,0.33,2,1,1,2,1,1,0.5,0.0,0,4,1,1,4,0,-2,-2,4,5,-1,19,19,0,1563,1564,-1,53000000,54000000,0,0,1,0
2024,1307825,4,Fecha inválida,Al Quwa Al Jawiya,Diyala,1,1,7,2,1,0,4,2,0,0,7,4,2,1.33,0.67,1,2,2,1,2,2,1.0,0.5,0,0,0,3,1,9,0,3,0,1,9,0.33,3.0,0,1,2,0,1,2,0.0,0.0,0,1,0,0,1,0,7,10,10,2,8,19,20,-1,1509,1561,-52,59000000,51000000,2,2,1,1
2024,1313986,5,Fecha inválida,Al Hudod,Naft,0,1,0,0,0,4,2,7,0,4,0,2,7,0.5,1.75,0,2,2,0,2,2,0.0,0.0,8,2,2,0,5,1,0,0,8,5,1,1.25,0.25,3,1,0,3,1,0,1.0,0.33,3,1,4,4,1,3,-8,-9,4,12,-8,4,3,1,1563,1571,-8,53000000,51000000,2,1,1,1
2024,1313987,5,Fecha inválida,Naft Al-Janoob,Al-Karma,0,5,3,1,0,3,2,5,1,0,3,2,5,0.5,1.25,1,1,1,1,1,1,0.5,0.0,4,1,1,2,5,7,0,0,4,5,7,1.25,1.75,0,2,2,0,2,2,0.5,0.0,0,0,1,1,0,0,-1,-1,13,4,9,4,3,1,1572,1563,9,52000000,53000000,2,1,0,1
2024,1313988,5,Fecha inválida,Al Shorta,Al-Qasim,2,2,10,3,1,0,10,2,0,0,10,10,2,2.5,0.5,3,1,2,3,1,2,0.5,1.0,7,2,1,1,6,2,0,1,7,6,2,1.5,0.5,3,1,2,3,1,2,0.33,1.0,7,2,0,0,2,7,3,4,3,7,-4,4,4,0,1542,1546,-4,52000000,56000000,1,0,0,0
2024,1314025,5,Fecha inválida,Newroz,Al Talaba,1,0,5,1,2,1,4,4,0,0,5,4,4,1.0,1.0,1,3,2,1,3,2,1.0,0.0,7,2,1,1,3,1,0,0,7,3,1,0.75,0.25,3,0,0,3,0,0,0.67,0.0,2,1,4,4,1,2,-2,-2,10,8,2,3,4,-1,1589,1567,22,59000000,57000000,2,0,1,1
2024,1314026,5,Fecha inválida,Naft Maysan,Karbala,0,0,10,3,1,0,5,1,2,0,10,5,1,1.25,0.25,3,1,1,3,1,1,0.5,1.0,5,1,2,1,2,6,0,0,5,2,6,0.5,1.5,2,1,1,2,1,1,0.33,0.0,1,4,0,0,4,1,5,8,15,5,10,4,3,1,1574,1564,10,54000000,54000000,1,1,0,0
2024,1314027,5,Fecha inválida,Al Minaa Basra,Al Zawra'a,1,0,3,1,0,3,4,6,1,0,3,4,6,1.0,1.5,0,3,3,0,3,3,0.5,0.0,7,2,1,1,6,5,2,0,7,6,5,1.5,1.25,1,3,2,1,3,2,0.5,0.5,1,5,2,2,5,1,-4,-3,6,11,-5,4,4,0,1565,1510,55,55000000,50000000,1,0,1,0
2024,1314028,5,Fecha inválida,Al Karkh,Al Quwa Al Jawiya,1,1,3,1,0,3,3,6,0,2,3,3,6,0.75,1.5,0,2,2,0,2,2,0.0,0.33,8,2,2,0,5,3,0,0,8,5,3,1.25,0.75,1,3,2,1,3,2,0.5,0.5,0,2,7,7,2,0,-5,-5,5,10,-5,5,3,2,1544,1509,35,54000000,59000000,1,2,0,1
2024,1314030,5,Fecha inválida,Erbil,Al Najaf,0,0,7,2,1,1,4,6,2,0,7,4,6,1.0,1.5,1,2,2,1,2,2,0.5,0.5,2,0,2,2,3,5,0,0,2,3,5,0.75,1.25,0,3,1,0,3,1,0.0,0.0,2,7,0,0,7,2,5,0,11,7,4,6,4,2,1570,1566,4,50000000,56000000,0,2,0,0
2024,1314029,5,Fecha inválida,Diyala,Al Kahrabaa,1,2,1,0,1,3,2,10,0,3,1,2,10,0.5,2.5,0,2,2,0,2,2,0.0,0.0,6,1,3,0,2,1,0,0,6,2,1,0.5,0.25,3,1,1,3,1,1,0.5,0.0,0,0,1,1,0,0,-5,-9,2,5,-3,3,4,-1,1561,1564,-3,51000000,54000000,2,0,1,0
2024,1314031,5,Fecha inválida,Zakho,Duhok,2,2,8,2,2,0,9,3,0,0,8,9,3,2.25,0.75,2,2,2,2,2,2,0.5,0.5,4,1,1,2,1,2,0,2,4,1,2,0.25,0.5,2,0,0,2,0,0,0.0,1.0,0,5,0,0,5,0,4,7,8,4,4,5,4,1,1547,1563,-16,57000000,53000000,1,0,1,1
2024,1314237,6,Fecha inválida,Naft,Al Shorta,0,2,11,3,2,0,6,1,0,0,11,6,1,1.2,0.2,4,1,0,4,1,0,1.0,0.5,11,3,2,0,12,4,0,0,11,12,4,2.4,0.8,3,2,3,3,2,3,0.33,1.0,1,3,5,5,3,1,0,-3,12,3,9,3,2,1,1571,1542,29,51000000,52000000,1,1,1,0
2024,1314238,6,Fecha inválida,Al Hudod,Karbala,0,1,0,0,0,5,2,8,0,5,0,2,8,0.4,1.6,0,2,2,0,2,2,0.0,0.0,6,1,3,1,2,6,0,0,6,2,6,0.4,1.2,3,1,1,3,1,1,0.33,0.0,0,1,4,4,1,0,-6,-2,4,5,-1,4,3,1,1563,1564,-1,53000000,54000000,2,1,1,0
2024,1314239,6,Fecha inválida,Al-Karma,Al-Qasim,1,0,7,2,1,2,10,7,0,0,7,10,7,2.0,1.4,1,2,3,1,2,3,0.5,0.33,8,2,2,1,8,4,0,1,8,8,4,1.6,0.8,3,2,3,3,2,3,0.33,0.5,1,0,0,0,0,1,-1,-1,4,7,-3,3,3,0,1563,1546,17,53000000,56000000,1,0,1,0
2024,1314240,6,Fecha inválida,Al Zawra'a,Newroz,1,0,7,2,1,2,6,6,2,0,7,6,6,1.2,1.2,1,3,2,1,3,2,0.5,0.33,8,2,2,1,5,4,0,0,8,5,4,1.0,0.8,2,3,2,2,3,2,1.0,0.0,4,1,2,2,1,4,-1,-1,11,10,1,3,3,0,1510,1589,-79,50000000,59000000,0,2,0,1
2024,1314242,6,Fecha inválida,Al Talaba,Al Minaa Basra,1,0,7,2,1,2,3,2,0,0,7,3,2,0.6,0.4,3,0,0,3,0,0,0.67,0.0,6,2,0,3,5,6,1,0,6,5,6,1.0,1.2,1,3,3,1,3,3,0.67,0.0,2,3,2,2,3,2,1,2,8,6,2,4,4,0,1567,1565,2,57000000,55000000,0,1,1,1
2024,1314241,6,Fecha inválida,Duhok,Al Karkh,1,3,5,1,2,2,3,4,0,2,5,3,4,0.6,0.8,2,1,1,2,1,1,0.0,0.5,4,1,1,3,4,7,0,2,4,4,7,0.8,1.4,0,3,2,0,3,2,0.0,0.33,0,2,3,3,2,0,1,2,4,5,-1,2,3,-1,1563,1544,19,53000000,54000000,0,1,1,0
2024,1314243,6,Fecha inválida,Al Quwa Al Jawiya,Zakho,1,0,9,2,3,0,6,4,0,0,9,6,4,1.2,0.8,1,4,2,1,4,2,0.5,0.33,9,2,3,0,11,5,0,0,9,11,5,2.2,1.0,2,3,3,2,3,3,0.33,0.5,6,1,2,2,1,6,0,-4,10,8,2,3,3,0,1509,1547,-38,59000000,57000000,2,1,1,1
2024,1314244,6,Fecha inválida,Al Najaf,Diyala,2,0,3,0,3,2,3,5,0,0,3,3,5,0.6,1.0,1,3,1,1,3,1,0.0,0.0,1,0,1,4,3,12,0,3,1,3,12,0.6,2.4,0,3,3,0,3,3,0.0,0.0,1,0,0,0,0,1,2,7,7,2,5,3,3,0,1566,1561,5,56000000,51000000,2,2,0,1
2024,1314245,6,Fecha inválida,Al Kahrabaa,Naft Maysan,1,0,9,2,3,0,4,2,0,0,9,4,2,0.8,0.4,3,2,2,3,2,2,0.5,0.33,11,3,2,0,5,1,2,0,11,5,1,1.0,0.2,4,1,1,4,1,1,0.33,1.0,5,4,1,1,4,5,-2,-2,5,15,-10,3,5,-2,1564,1574,-10,54000000,54000000,0,1,0,0
2024,1314246,6,Fecha inválida,Erbil,Naft Al-Janoob,4,1,8,2,2,1,4,6,2,0,8,4,6,0.8,1.2,2,2,2,2,2,2,0.33,0.5,3,1,0,4,2,10,1,0,3,2,10,0.4,2.0,1,1,2,1,1,2,0.33,0.0,2,4,4,4,4,2,5,6,11,13,-2,4,6,-2,1570,1572,-2,50000000,52000000,0,2,0,0
2024,1314533,7,Fecha inválida,Newroz,Al-Karma,1,3,8,2,2,2,5,5,0,0,8,5,4,1.0,0.8,2,3,2,2,3,2,1.0,0.0,10,3,1,2,11,7,0,0,7,10,7,2.0,1.4,2,2,3,1,2,3,0.67,0.33,0,0,1,1,0,0,-2,-4,10,4,6,4,4,0,1589,1563,26,59000000,53000000,2,1,1,1
2024,1314534,7,Fecha inválida,Al-Qasim,Naft,0,0,8,2,2,2,8,5,0,1,8,8,4,1.6,0.8,3,2,3,3,2,3,0.33,0.33,11,3,2,1,6,3,0,0,11,6,1,1.2,0.2,4,1,0,4,1,0,0.5,0.5,1,3,5,5,3,1,-3,0,7,12,-5,5,6,-1,1546,1571,-25,56000000,51000000,0,1,0,1
2024,1314536,7,Fecha inválida,Al Karkh,Karbala,2,1,7,2,1,3,7,8,0,2,4,4,7,0.8,1.4,0,4,3,0,3,2,0.0,0.5,9,2,3,1,3,6,0,0,6,2,6,0.4,1.2,4,1,1,3,1,1,0.33,0.33,2,0,3,3,0,2,-2,2,5,5,0,4,5,-1,1544,1564,-20,54000000,54000000,1,1,0,0
2024,1314537,7,Fecha inválida,Al Zawra'a,Al Talaba,1,0,10,3,1,2,7,6,2,0,7,6,6,1.2,1.2,2,3,2,1,3,2,0.67,0.33,10,3,1,2,4,2,0,0,7,3,2,0.6,0.4,4,0,0,3,0,0,0.75,0.0,4,2,4,4,2,4,0,-1,11,8,3,5,4,1,1510,1567,-57,50000000,57000000,0,0,0,1
2024,1314538,7,Fecha inválida,Al Hudod,Al Najaf,0,1,0,0,0,6,2,9,0,6,0,2,8,0.4,1.6,0,2,2,0,2,2,0.0,0.0,6,1,3,2,5,5,0,0,3,3,5,0.6,1.0,2,3,1,1,3,1,0.33,0.0,1,3,4,4,3,1,-6,-7,4,7,-3,6,4,2,1563,1566,-3,53000000,56000000,2,2,1,0
2024,1314540,7,Fecha inválida,Naft Al-Janoob,Al Kahrabaa,2,1,3,1,0,5,3,14,1,0,3,2,10,0.4,2.0,1,2,3,1,1,2,0.33,0.0,12,3,3,0,5,2,0,0,9,4,2,0.8,0.4,4,2,2,3,2,2,0.67,0.33,2,3,3,3,3,2,-9,-14,13,5,8,4,4,0,1572,1564,8,52000000,54000000,2,0,0,0
2024,1314541,7,Fecha inválida,Diyala,Al Minaa Basra,1,1,1,0,1,5,3,14,0,3,1,3,12,0.6,2.4,0,3,3,0,3,3,0.0,0.0,6,2,0,4,5,7,1,0,6,5,6,1.0,1.2,1,3,3,1,3,3,0.67,0.0,0,1,0,0,1,0,-5,-9,2,6,-4,4,5,-1,1561,1565,-4,51000000,55000000,2,1,1,1
2024,1314542,7,Fecha inválida,Zakho,Erbil,3,1,9,2,3,1,11,6,0,0,9,11,5,2.2,1.0,2,3,3,2,3,3,0.33,0.33,11,3,2,1,8,7,2,0,8,4,6,0.8,1.2,2,3,3,2,2,2,0.5,0.5,5,3,1,1,3,5,-2,4,8,11,-3,5,4,1,1547,1570,-23,57000000,50000000,1,0,1,0
2024,1316592,8,Fecha inválida,Al-Karma,Al Zawra'a,0,0,13,4,1,2,14,8,0,0,7,10,7,2.0,1.4,2,3,4,1,2,3,0.67,0.5,13,4,1,2,8,6,2,0,7,6,6,1.2,1.2,3,3,2,1,3,2,0.75,0.33,0,1,0,0,1,0,0,4,4,11,-7,19,18,1,1563,1510,53,53000000,50000000,1,0,1,0
2024,1316593,8,Fecha inválida,Naft,Al Karkh,1,0,12,3,3,1,6,3,0,0,11,6,1,1.2,0.2,5,1,0,4,1,0,0.5,0.4,10,3,1,3,9,9,0,2,4,4,7,0.8,1.4,0,5,4,0,3,2,0.33,0.5,5,4,0,0,4,5,2,3,12,5,7,19,19,0,1571,1544,27,51000000,54000000,1,1,1,0
2024,1316594,8,Fecha inválida,Al Talaba,Naft Al-Janoob,0,1,10,3,1,3,4,3,0,0,7,3,2,0.6,0.4,4,0,0,3,0,0,0.75,0.0,6,2,0,5,5,15,1,0,3,2,10,0.4,2.0,1,3,4,1,1,2,0.5,0.0,3,4,2,2,4,3,4,11,8,13,-5,18,18,0,1567,1572,-5,57000000,52000000,0,2,1,0
2024,1316596,8,Fecha inválida,Al Najaf,Naft Maysan,4,1,9,2,3,2,6,5,0,0,3,3,5,0.6,1.0,3,3,1,1,3,1,0.33,0.25,11,3,2,1,5,2,2,0,11,5,1,1.0,0.2,4,1,1,4,1,1,0.33,0.67,5,2,1,1,2,5,-2,-2,7,15,-8,19,23,-4,1566,1574,-8,56000000,54000000,2,1,0,0
2024,1316597,8,Fecha inválida,Erbil,Al Hudod,3,1,11,3,2,2,9,10,2,0,8,4,6,0.8,1.2,2,4,4,2,2,2,0.5,0.33,0,0,0,7,2,10,0,7,0,2,8,0.4,1.6,0,2,2,0,2,2,0.0,0.0,3,4,1,1,4,3,11,7,11,4,7,18,19,-1,1570,1563,7,50000000,53000000,0,2,0,1
2024,1316600,8,Fecha inválida,Al Minaa Basra,Zakho,0,0,7,2,1,4,6,8,1,0,6,5,6,1.0,1.2,1,4,3,1,3,3,0.67,0.0,12,3,3,1,14,7,0,0,9,11,5,2.2,1.0,2,4,4,2,3,3,0.5,0.33,1,2,4,4,2,1,-5,-9,6,8,-2,19,19,0,1565,1547,18,55000000,57000000,1,1,1,1
2024,1316601,8,Fecha inválida,Karbala,Diyala,2,2,9,2,3,2,4,8,0,0,6,2,6,0.4,1.2,4,2,2,3,1,1,0.33,0.25,2,0,2,5,4,15,0,3,1,3,12,0.6,2.4,0,4,3,0,3,3,0.0,0.0,0,1,0,0,1,0,7,7,5,2,3,21,20,1,1564,1561,3,54000000,51000000,1,2,0,1
2024,1318373,9,Fecha inválida,Al Zawra'a,Al Najaf,1,1,14,4,2,2,8,6,2,0,7,6,6,1.2,1.2,4,3,2,1,3,2,0.75,0.25,12,3,3,2,10,6,0,0,3,3,5,0.6,1.0,3,4,2,1,3,1,0.5,0.25,2,5,2,2,5,2,2,-2,11,7,4,4,3,1,1510,1566,-56,50000000,56000000,0,2,0,0
2024,1318370,9,Fecha inválida,Naft Maysan,Erbil,1,1,11,3,2,2,6,6,2,0,11,5,1,1.0,0.2,4,2,2,4,1,1,0.33,0.5,14,4,2,2,12,11,2,0,8,4,6,0.8,1.2,2,5,5,2,2,2,0.6,0.33,2,3,5,5,3,2,-3,-1,15,11,4,3,3,0,1574,1570,4,54000000,50000000,1,0,0,0
2024,1318368,9,Fecha inválida,Al Karkh,Al Kahrabaa,1,1,10,3,1,4,9,10,0,2,4,4,7,0.8,1.4,0,5,4,0,3,2,0.33,0.4,12,3,3,1,6,4,0,0,9,4,2,0.8,0.4,4,3,3,3,2,2,0.67,0.25,4,3,2,2,3,4,-2,-3,5,5,0,4,22,-18,1544,1564,-20,54000000,54000000,1,0,0,0
2024,1318372,9,Fecha inválida,Al-Qasim,Al Talaba,0,0,9,2,3,2,8,5,0,1,8,8,4,1.6,0.8,4,2,3,3,2,3,0.25,0.33,10,3,1,4,4,4,0,0,7,3,2,0.6,0.4,4,0,0,3,0,0,0.6,0.0,0,4,5,5,4,0,-1,3,7,8,-1,23,4,19,1546,1567,-21,56000000,57000000,0,0,0,1
2024,1318377,9,Fecha inválida,Zakho,Al-Karma,1,0,13,3,4,1,14,7,0,0,9,11,5,2.2,1.0,3,4,4,2,3,3,0.5,0.25,14,4,2,2,14,8,0,0,7,10,7,2.0,1.4,3,3,4,1,2,3,0.5,0.5,1,0,0,0,0,1,-1,1,8,4,4,3,5,-2,1547,1563,-16,57000000,53000000,1,1,1,1
2024,1318376,9,Fecha inválida,Karbala,Naft Al-Janoob,2,1,10,2,4,2,6,10,0,0,6,2,6,0.4,1.2,4,3,3,3,1,1,0.25,0.25,9,3,0,5,6,15,1,0,3,2,10,0.4,2.0,2,3,4,1,1,2,0.5,0.25,3,2,0,0,2,3,1,5,5,13,-8,3,5,-2,1564,1572,-8,54000000,52000000,1,2,0,0
2024,1318375,9,Fecha inválida,Diyala,Naft,0,0,3,0,3,5,6,17,0,3,1,3,12,0.6,2.4,0,5,4,0,3,3,0.0,0.0,15,4,3,1,7,3,0,0,11,6,1,1.2,0.2,6,1,0,4,1,0,0.67,0.4,0,1,0,0,1,0,-12,-15,2,12,-10,3,5,-2,1561,1571,-10,51000000,51000000,2,1,1,1
2024,1319291,10,Fecha inválida,Al Minaa Basra,Erbil,3,0,8,2,2,4,6,8,1,0,6,5,6,1.0,1.2,2,4,3,1,3,3,0.5,0.0,15,4,3,2,13,12,2,0,8,4,6,0.8,1.2,2,6,5,2,2,2,0.6,0.25,3,2,2,2,2,3,-7,-3,6,11,-5,8,5,3,1565,1570,-5,55000000,50000000,1,0,1,0
2024,1319292,10,Fecha inválida,Naft Al-Janoob,Al Zawra'a,0,0,9,3,0,6,7,17,1,0,3,2,10,0.4,2.0,2,4,5,1,1,2,0.5,0.2,15,4,3,2,9,7,2,0,7,6,6,1.2,1.2,4,4,2,1,3,2,0.6,0.25,0,6,4,4,6,0,-6,-12,13,11,2,4,5,-1,1572,1510,62,52000000,50000000,2,0,0,0
2024,1319293,10,Fecha inválida,Al Talaba,Al Karkh,1,0,11,3,2,4,4,4,0,0,7,3,2,0.6,0.4,5,0,0,3,0,0,0.6,0.0,11,3,2,4,10,11,0,2,4,4,7,0.8,1.4,0,6,4,0,3,2,0.25,0.4,4,3,2,2,3,4,0,1,8,5,3,5,5,0,1567,1544,23,57000000,54000000,0,1,1,0
2024,1319295,10,Fecha inválida,Al-Karma,Naft Maysan,1,2,14,4,2,3,14,9,0,0,7,10,7,2.0,1.4,3,3,4,1,2,3,0.5,0.4,12,3,3,2,7,7,2,0,11,5,1,1.0,0.2,4,3,2,4,1,1,0.25,0.5,0,0,1,1,0,0,2,5,4,15,-11,5,6,-1,1563,1574,-11,53000000,54000000,1,1,1,0
2024,1319296,10,Fecha inválida,Karbala,Al Kahrabaa,0,0,13,3,4,2,8,11,0,0,6,2,6,0.4,1.2,4,4,4,3,1,1,0.4,0.25,13,3,4,1,7,5,0,0,9,4,2,0.8,0.4,4,4,3,3,2,2,0.67,0.2,2,3,0,0,3,2,0,-5,5,5,0,5,6,-1,1564,1564,0,54000000,54000000,1,0,0,0
2024,1319294,10,Fecha inválida,Al Najaf,Al-Qasim,1,0,13,3,4,2,11,7,0,0,3,3,5,0.6,1.0,3,5,2,1,3,1,0.5,0.2,10,2,4,2,8,5,0,1,8,8,4,1.6,0.8,5,2,3,3,2,3,0.2,0.33,6,2,1,1,2,6,3,1,7,7,0,6,6,0,1566,1546,20,56000000,56000000,2,0,0,0
2024,1319297,10,Fecha inválida,Newroz,Al Hudod,1,2,8,2,2,3,6,8,0,0,8,5,4,1.0,0.8,2,4,3,2,3,2,0.67,0.0,0,0,0,8,3,13,0,8,0,2,8,0.4,1.6,0,3,3,0,2,2,0.0,0.0,1,0,4,4,0,1,8,8,10,4,6,31,10,21,1589,1563,26,59000000,53000000,2,2,1,1
2024,1319298,10,Fecha inválida,Al Shorta,Zakho,0,1,14,4,2,0,14,4,0,0,11,12,4,2.4,0.8,4,2,3,3,2,3,0.33,1.0,16,4,4,1,15,7,0,0,9,11,5,2.2,1.0,4,4,4,2,3,3,0.6,0.25,5,3,1,1,3,5,-2,2,3,8,-5,37,6,31,1542,1547,-5,52000000,57000000,1,1,0,1
2024,1319300,10,Fecha inválida,Duhok,Diyala,3,1,5,1,2,3,4,7,0,2,5,3,4,0.6,0.8,2,2,2,2,1,1,0.0,0.5,4,0,4,5,6,17,0,3,1,3,12,0.6,2.4,1,5,4,0,3,3,0.0,0.0,1,0,0,0,0,1,1,8,4,2,2,36,7,29,1563,1561,2,53000000,51000000,0,2,1,1
2024,1319299,10,Fecha inválida,Naft,Al Quwa Al Jawiya,0,1,16,4,4,1,7,3,0,0,11,6,1,1.2,0.2,7,1,0,4,1,0,0.67,0.33,12,3,3,0,7,4,0,0,9,6,4,1.2,0.8,2,4,2,1,4,2,0.67,0.33,1,2,6,6,2,1,4,1,12,10,2,7,35,-28,1571,1509,62,51000000,59000000,1,2,1,1
2024,1320655,11,Fecha inválida,Al-Qasim,Al Minaa Basra,0,0,10,2,4,3,8,6,0,1,8,8,4,1.6,0.8,5,2,3,3,2,3,0.2,0.25,11,3,2,4,9,8,1,0,6,5,6,1.0,1.2,3,4,4,1,3,3,0.6,0.0,1,3,3,3,3,1,-1,1,7,6,1,3,5,-2,1546,1565,-19,56000000,55000000,0,1,0,1
2024,1320656,11,Fecha inválida,Al Najaf,Naft Al-Janoob,0,0,16,4,4,2,12,7,0,0,3,3,5,0.6,1.0,4,5,2,1,3,1,0.6,0.2,10,3,1,6,7,17,1,0,3,2,10,0.4,2.0,3,4,5,1,1,2,0.4,0.2,5,4,1,1,4,5,6,15,7,13,-6,3,5,-2,1566,1572,-6,56000000,52000000,2,2,0,0
2024,1320657,11,Fecha inválida,Karbala,Al Zawra'a,1,3,14,3,5,2,8,11,0,0,6,2,6,0.4,1.2,5,4,4,3,1,1,0.33,0.25,16,4,4,2,9,7,2,0,7,6,6,1.2,1.2,5,4,2,1,3,2,0.6,0.2,1,1,3,3,1,1,-2,-5,5,11,-6,4,5,-1,1564,1510,54,54000000,50000000,1,0,0,0
2024,1320658,11,Fecha inválida,Naft Maysan,Newroz,1,0,15,4,3,2,9,8,2,0,11,5,1,1.0,0.2,4,4,3,4,1,1,0.25,0.6,0,0,0,0,0,0,0,0,0,0,0,0.0,0.0,0,0,0,0,0,0,0.0,0.0,1,0,0,0,0,1,15,1,15,3,12,5,0,5,1574,1562,12,54000000,52000000,1,0,0,0
2024,1320659,11,Fecha inválida,Al Karkh,Al Shorta,1,2,11,3,2,5,10,12,0,2,4,4,7,0.8,1.4,0,6,4,0,3,2,0.25,0.33,14,4,2,1,14,5,0,0,11,12,4,2.4,0.8,4,2,3,3,2,3,0.25,1.0,2,0,7,7,0,2,-3,-11,5,3,2,5,3,2,1544,1542,2,54000000,52000000,1,1,0,0
2024,1320660,11,Fecha inválida,Erbil,Al Kahrabaa,4,3,15,4,3,3,13,15,2,0,8,4,6,0.8,1.2,2,6,6,2,2,2,0.6,0.2,14,3,5,1,7,5,0,0,9,4,2,0.8,0.4,5,4,3,3,2,2,0.67,0.17,4,3,2,2,3,4,1,-4,11,5,6,6,5,1,1570,1564,6,50000000,54000000,0,0,0,0
2024,1320661,11,Fecha inválida,Al Hudod,Duhok,1,4,3,1,0,8,5,14,0,8,0,2,8,0.4,1.6,0,4,4,0,2,2,0.0,0.2,8,2,2,3,7,8,0,2,5,3,4,0.6,0.8,2,3,3,2,1,1,0.2,0.5,1,2,2,2,2,1,-5,-8,4,4,0,5,3,2,1563,1563,0,53000000,53000000,2,0,1,1
2024,1320662,11,Fecha inválida,Diyala,Al Talaba,0,1,4,0,4,6,7,20,0,3,1,3,12,0.6,2.4,1,6,5,0,3,3,0.0,0.0,14,4,2,4,5,4,0,0,7,3,2,0.6,0.4,6,0,0,3,0,0,0.67,0.0,0,0,1,1,0,0,-10,-14,2,8,-6,3,6,-3,1561,1567,-6,51000000,57000000,2,0,1,1
2024,1320663,11,Fecha inválida,Al Quwa Al Jawiya,Al-Karma,1,0,15,4,3,0,8,4,0,0,9,6,4,1.2,0.8,3,4,2,1,4,2,0.67,0.5,14,4,2,4,15,11,0,0,7,10,7,2.0,1.4,3,4,5,1,2,3,0.4,0.4,1,0,0,0,0,1,1,0,10,4,6,4,6,-2,1509,1563,-54,59000000,53000000,2,1,1,1
2024,1320664,11,Fecha inválida,Naft,Zakho,2,0,16,4,4,2,7,4,0,0,11,6,1,1.2,0.2,7,1,0,4,1,0,0.5,0.33,19,5,4,1,16,7,0,0,9,11,5,2.2,1.0,5,4,4,2,3,3,0.6,0.4,3,4,2,2,4,3,-3,-6,12,8,4,4,5,-1,1571,1547,24,51000000,57000000,1,1,1,1
2024,1314539,7,Fecha inválida,Naft Maysan,Al Quwa Al Jawiya,0,1,18,5,3,2,10,8,2,0,11,5,1,1.0,0.2,5,4,3,4,1,1,0.4,0.6,18,5,3,0,9,4,0,0,9,6,4,1.2,0.8,4,4,2,1,4,2,0.75,0.5,0,2,8,8,2,0,0,-3,15,10,5,5,3,2,1574,1509,65,54000000,59000000,1,2,0,1
2024,1314535,7,Fecha inválida,Al Shorta,Duhok,0,0,17,5,2,1,16,6,0,0,11,12,4,2.4,0.8,4,3,4,3,2,3,0.25,1.0,11,3,2,3,11,9,0,2,5,3,4,0.6,0.8,2,4,4,2,1,1,0.2,0.67,2,2,1,1,2,2,6,8,3,4,-1,5,4,1,1542,1563,-21,52000000,53000000,1,0,0,1
2024,1316595,8,Fecha inválida,Al Quwa Al Jawiya,Newroz,2,0,21,6,3,0,10,4,0,0,9,6,4,1.2,0.8,5,4,2,1,4,2,0.75,0.6,8,2,2,4,7,10,0,0,8,5,4,1.0,0.8,2,5,4,2,3,2,0.5,0.0,6,0,1,1,0,6,13,9,10,10,0,4,13,-9,1509,1589,-80,59000000,59000000,2,2,1,1
2024,1316599,8,Fecha inválida,Al Kahrabaa,Al Shorta,0,1,14,3,5,2,10,9,0,0,9,4,2,0.8,0.4,5,5,4,3,2,2,0.67,0.14,18,5,3,1,16,6,0,0,11,12,4,2.4,0.8,5,3,4,3,2,3,0.2,1.0,0,4,6,6,4,0,-4,-9,5,3,2,9,4,5,1564,1542,22,54000000,52000000,0,1,0,0
2024,1316598,8,Fecha inválida,Duhok,Al-Qasim,2,0,12,3,3,3,11,9,0,2,5,3,4,0.6,0.8,3,4,4,2,1,1,0.2,0.5,11,2,5,3,8,6,0,1,8,8,4,1.6,0.8,6,2,3,3,2,3,0.17,0.25,4,1,0,0,1,4,1,0,4,7,-3,4,11,-7,1563,1546,17,53000000,56000000,0,0,1,0
2024,1318374,9,Fecha inválida,Al Hudod,Al Quwa Al Jawiya,2,3,3,1,0,9,6,18,0,8,0,2,8,0.4,1.6,0,5,5,0,2,2,0.0,0.2,24,7,3,0,12,4,0,0,9,6,4,1.2,0.8,6,4,2,1,4,2,0.8,0.6,0,1,6,6,1,0,-21,-20,4,10,-6,15,7,8,1563,1509,54,53000000,59000000,2,2,1,1
2024,1318371,9,Fecha inválida,Newroz,Duhok,3,1,8,2,2,5,7,12,0,0,8,5,4,1.0,0.8,2,5,4,2,3,2,0.5,0.0,15,4,3,3,13,9,0,2,5,3,4,0.6,0.8,4,4,4,2,1,1,0.33,0.5,2,0,3,3,0,2,-7,-9,10,4,6,8,7,1,1589,1563,26,59000000,53000000,2,0,1,1
2024,1318369,9,Fecha inválida,Al Shorta,Al Minaa Basra,1,1,21,6,3,1,17,6,0,0,11,12,4,2.4,0.8,6,3,4,3,2,3,0.2,1.0,12,3,3,4,9,8,1,0,6,5,6,1.0,1.2,4,4,4,1,3,3,0.6,0.0,5,3,0,0,3,5,9,10,3,6,-3,8,19,-11,1542,1565,-23,52000000,55000000,1,1,0,1
2024,1332250,12,Fecha inválida,Al Kahrabaa,Naft,0,0,13,3,4,3,10,10,0,0,11,5,2,1.0,0.4,4,5,4,3,2,2,0.67,0.14,18,5,3,2,8,3,1,0,10,5,2,1.0,0.4,8,0,0,4,0,0,0.6,0.4,2,3,5,5,3,2,-5,-5,5,12,-7,12,20,-8,1564,1571,-7,54000000,51000000,0,1,0,1
2024,1332251,12,Fecha inválida,Al-Karma,Karbala,0,0,13,4,1,5,13,10,0,1,9,9,5,1.8,1.0,3,3,4,2,1,2,0.4,0.4,13,3,4,3,9,14,0,0,8,3,6,0.6,1.2,4,5,5,3,1,1,0.33,0.25,0,1,0,0,1,0,0,8,4,5,-1,20,22,-2,1563,1564,-1,53000000,54000000,1,1,1,0
2024,1332252,12,Fecha inválida,Duhok,Naft Al-Janoob,1,0,15,4,3,3,14,11,0,1,5,4,6,0.8,1.2,4,5,5,2,2,2,0.4,0.4,8,2,2,6,6,17,0,5,0,2,14,0.4,2.8,3,4,5,0,2,3,0.25,0.17,3,1,1,1,1,3,7,14,4,13,-9,4,23,-19,1563,1572,-9,53000000,52000000,0,2,1,0
2024,1332253,12,Fecha inválida,Al Minaa Basra,Naft Maysan,1,0,10,2,4,4,8,8,0,3,3,3,6,0.6,1.2,4,4,3,1,2,2,0.5,0.0,15,4,3,3,8,8,1,0,8,3,1,0.6,0.2,5,3,2,4,0,0,0.33,0.5,3,2,2,2,2,3,-5,0,6,15,-9,4,17,-13,1565,1574,-9,55000000,54000000,1,1,1,0
2024,1332254,12,Fecha inválida,Newroz,Diyala,2,1,0,0,0,1,0,1,0,1,0,0,1,0.0,1.0,0,0,0,0,0,0,0.0,0.0,4,0,4,6,6,19,0,2,1,2,12,0.4,2.4,1,5,4,0,2,2,0.0,0.0,1,0,0,0,0,1,-4,12,3,2,1,22,21,1,1562,1561,1,52000000,51000000,0,2,0,1
2024,1332255,12,Fecha inválida,Al Hudod,Al-Qasim,2,4,3,1,0,9,7,19,0,7,0,1,7,0.2,1.4,0,5,5,0,1,1,0.0,0.25,11,2,5,3,7,6,0,0,8,7,3,1.4,0.6,6,1,2,3,1,2,0.2,0.2,0,4,3,3,4,0,-8,-13,4,7,-3,6,12,-6,1563,1546,17,53000000,56000000,2,0,1,0
2024,1332256,12,Fecha inválida,Zakho,Al Karkh,2,0,18,5,3,2,16,9,0,0,8,11,6,2.2,1.2,4,4,4,1,3,3,0.6,0.4,11,3,2,5,11,13,0,1,7,7,7,1.4,1.4,0,7,5,0,4,3,0.2,0.4,4,4,1,1,4,4,7,9,8,5,3,21,23,-2,1547,1544,3,57000000,54000000,1,1,1,0
2024,1332257,12,Fecha inválida,Al Zawra'a,Al Quwa Al Jawiya,3,1,16,4,4,2,11,8,1,0,7,6,6,1.2,1.2,4,5,3,1,3,2,0.6,0.2,26,8,2,0,15,6,2,0,11,7,4,1.4,0.8,5,5,3,1,4,2,0.8,0.8,3,6,2,2,6,3,-10,-6,11,10,1,24,6,18,1510,1509,1,50000000,59000000,0,2,0,1
2024,1332259,12,Fecha inválida,Al Talaba,Al Najaf,2,1,16,5,1,4,6,4,1,0,9,4,2,0.8,0.4,6,0,0,3,0,0,0.8,0.2,16,4,4,2,11,6,0,0,5,4,4,0.8,0.8,5,4,2,2,2,1,0.6,0.2,5,2,3,3,2,5,0,-3,8,7,1,22,24,-2,1567,1566,1,57000000,56000000,0,2,1,0
2024,1332258,12,Fecha inválida,Al Shorta,Erbil,4,1,21,6,3,1,16,5,3,0,13,12,2,2.4,0.4,6,3,3,4,1,2,0.2,1.0,15,4,3,3,15,17,1,0,8,6,6,1.2,1.2,2,6,6,2,2,2,0.6,0.2,7,1,1,1,1,7,6,13,3,11,-8,5,23,-18,1542,1570,-28,52000000,50000000,1,0,0,0
2024,1333262,13,Fecha inválida,Naft,Al Minaa Basra,1,0,16,4,4,2,6,3,0,0,8,3,2,0.6,0.4,8,0,0,4,0,0,0.6,0.2,13,3,4,3,8,6,0,2,4,3,5,0.6,1.0,5,3,2,1,2,1,0.6,0.0,4,4,0,0,4,4,3,1,12,6,6,5,4,1,1571,1565,6,51000000,55000000,1,1,1,1
2024,1333263,13,Fecha inválida,Karbala,Duhok,1,2,13,3,4,3,8,13,0,1,7,3,7,0.6,1.4,5,4,5,3,1,2,0.4,0.2,18,5,3,2,15,10,1,0,8,7,6,1.4,1.2,5,5,5,2,3,3,0.6,0.4,0,2,3,3,2,0,-5,-10,5,4,1,5,5,0,1564,1563,1,54000000,53000000,1,0,0,1
2024,1333265,13,Fecha inválida,Naft Maysan,Al Hudod,3,1,12,3,3,4,7,9,0,0,5,3,5,0.6,1.0,4,3,2,3,1,1,0.2,0.4,3,1,0,9,9,22,0,6,0,1,7,0.2,1.4,0,6,6,0,1,1,0.0,0.33,4,2,1,1,2,4,9,11,15,4,11,6,6,0,1574,1563,11,54000000,53000000,1,2,0,1
2024,1333264,13,Fecha inválida,Al Karkh,Al-Qasim,0,0,11,3,2,5,10,13,1,0,10,8,6,1.6,1.2,0,6,4,0,4,3,0.2,0.4,13,3,4,3,11,8,2,0,8,7,3,1.4,0.6,5,2,3,3,1,2,0.25,0.33,3,6,0,0,6,3,-2,-6,5,7,-2,5,6,-1,1544,1546,-2,54000000,56000000,1,0,0,0
2024,1333266,13,Fecha inválida,Naft Al-Janoob,Newroz,2,0,8,2,2,6,6,17,0,4,3,4,14,0.8,2.8,3,4,5,0,3,4,0.25,0.17,3,1,0,1,2,2,0,1,3,2,2,1.0,1.0,0,1,1,0,1,1,1.0,0.0,1,0,0,0,0,1,5,-11,13,3,10,7,6,1,1572,1562,10,52000000,52000000,2,0,0,0
2024,1333267,13,Fecha inválida,Diyala,Zakho,1,4,4,0,4,6,7,15,0,1,2,3,7,0.6,1.4,1,6,4,0,3,1,0.0,0.0,20,6,2,2,17,8,2,0,10,13,6,2.6,1.2,5,3,4,1,3,4,0.8,0.4,0,0,1,1,0,0,-16,-17,2,8,-6,6,6,0,1561,1547,14,51000000,57000000,2,1,1,1
2024,1333268,13,Fecha inválida,Al Kahrabaa,Al Zawra'a,0,1,13,3,4,3,10,10,1,0,10,6,4,1.2,0.8,4,5,4,2,3,3,0.5,0.17,16,4,4,2,12,8,0,0,7,5,5,1.0,1.0,4,5,3,2,2,1,0.6,0.2,1,5,4,4,5,1,-3,-4,5,11,-6,8,6,2,1564,1510,54,54000000,50000000,0,0,0,0
2024,1333270,13,Fecha inválida,Al Najaf,Al Shorta,0,0,15,4,3,3,11,7,0,2,7,4,3,0.8,0.6,5,4,3,3,1,1,0.6,0.2,21,6,3,1,14,6,2,0,10,6,3,1.2,0.6,5,4,3,3,1,1,0.33,1.0,1,4,4,4,4,1,-6,-4,7,3,4,6,6,0,1566,1542,24,56000000,52000000,2,1,0,0
2024,1333269,13,Fecha inválida,Erbil,Al-Karma,1,1,12,3,3,4,15,21,0,0,5,6,9,1.2,1.8,1,7,7,1,3,3,0.6,0.0,14,4,2,4,13,8,1,0,12,12,4,2.4,0.8,4,3,4,2,2,3,0.4,0.4,0,1,0,0,1,0,-2,-11,11,4,7,6,8,-2,1570,1563,7,50000000,53000000,0,1,0,1
2024,1333271,13,Fecha inválida,Al Quwa Al Jawiya,Al Talaba,1,1,23,7,2,1,14,8,1,0,11,6,3,1.2,0.6,5,5,3,2,3,1,0.75,0.67,16,5,1,4,7,5,0,1,6,3,3,0.6,0.6,5,1,1,2,0,0,0.8,0.2,6,3,1,1,3,6,7,4,10,8,2,7,6,1,1509,1567,-58,59000000,57000000,2,0,1,1
2024,1334943,14,Fecha inválida,Al Hudod,Diyala,1,0,3,1,0,9,9,22,0,5,0,1,7,0.2,1.4,0,6,6,0,1,1,0.0,0.33,4,0,4,6,8,18,0,0,3,5,8,1.0,1.6,1,7,5,0,4,2,0.0,0.0,1,0,0,0,0,1,-1,-3,4,2,2,4,3,1,1563,1561,2,53000000,51000000,2,2,1,1
2024,1334944,14,Fecha inválida,Al-Qasim,Karbala,1,0,11,2,5,3,10,8,1,0,6,6,3,1.2,0.6,5,2,3,3,1,2,0.25,0.17,13,3,4,3,9,10,1,0,8,5,4,1.0,0.8,5,5,5,3,2,2,0.33,0.25,2,2,1,1,2,2,-2,3,7,5,2,4,5,-1,1546,1564,-18,56000000,54000000,0,1,0,0
2024,1334945,14,Fecha inválida,Al Minaa Basra,Naft Al-Janoob,2,0,13,3,4,3,7,5,0,1,5,2,3,0.4,0.6,5,2,1,2,1,0,0.75,0.0,11,3,2,5,7,15,0,3,6,4,12,0.8,2.4,4,3,4,1,2,3,0.5,0.17,4,1,2,2,1,4,2,10,6,13,-7,6,4,2,1565,1572,-7,55000000,52000000,1,2,1,0
2024,1334979,14,Fecha inválida,Newroz,Al Karkh,1,0,3,1,0,2,2,4,0,1,3,2,4,0.67,1.33,0,1,1,0,1,1,1.0,0.0,9,2,3,5,8,12,0,1,7,6,6,1.2,1.2,1,5,3,0,3,2,0.17,0.25,1,0,0,0,0,1,-6,2,3,5,-2,4,4,0,1562,1544,18,52000000,54000000,0,1,0,0
2024,1334980,14,Fecha inválida,Al Shorta,Naft Maysan,3,3,19,5,4,1,13,6,1,0,10,7,4,1.4,0.8,5,4,3,2,2,2,0.2,0.8,14,4,2,4,10,10,1,0,5,4,6,0.8,1.2,3,4,3,2,2,1,0.4,0.4,7,2,0,0,2,7,5,7,3,15,-12,4,5,-1,1542,1574,-32,52000000,54000000,1,1,0,0
2024,1334981,14,Fecha inválida,Duhok,Al Quwa Al Jawiya,1,0,18,5,3,2,16,11,0,0,8,10,7,2.0,1.4,4,6,6,1,4,4,0.6,0.4,21,6,3,1,13,8,0,0,11,5,2,1.0,0.4,5,5,2,3,2,0,0.6,0.6,2,2,1,1,2,2,-3,0,4,10,-6,7,4,3,1563,1509,54,53000000,59000000,0,2,1,1
2024,1334982,14,Fecha inválida,Al Talaba,Erbil,0,0,17,5,2,3,8,5,1,0,6,3,3,0.6,0.6,5,2,1,2,0,0,0.8,0.2,12,3,3,4,15,21,0,1,7,8,9,1.6,1.8,1,7,7,1,3,4,0.6,0.0,4,4,2,2,4,4,5,9,8,11,-3,4,4,0,1567,1570,-3,57000000,50000000,0,0,1,0
2024,1334983,14,Fecha inválida,Zakho,Al Kahrabaa,0,0,20,6,2,2,16,9,1,0,8,8,6,1.6,1.2,4,4,4,1,3,3,0.75,0.5,10,2,4,4,8,10,0,0,8,5,4,1.0,0.8,4,4,3,2,3,2,0.25,0.17,3,2,4,4,2,3,10,9,8,5,3,5,5,0,1547,1564,-17,57000000,54000000,1,0,1,0
2024,1334984,14,Fecha inválida,Al-Karma,Al Najaf,0,0,12,3,3,4,11,8,0,1,10,9,3,1.8,0.6,4,3,3,3,1,2,0.25,0.33,16,4,4,2,11,6,0,1,10,8,3,1.6,0.6,6,4,3,3,2,2,0.6,0.2,0,1,0,0,1,0,-4,-2,4,7,-3,5,5,0,1563,1566,-3,53000000,56000000,1,2,1,0
2024,1334985,14,Fecha inválida,Al Zawra'a,Naft,0,0,18,5,3,2,12,7,0,2,7,4,4,0.8,0.8,5,4,3,3,1,1,0.6,0.4,18,5,3,2,7,3,2,0,10,4,2,0.8,0.4,8,0,0,4,0,0,0.67,0.25,2,6,1,1,6,2,0,1,11,12,-1,5,8,-3,1510,1571,-61,50000000,51000000,0,1,0,1
