temporada,id_partido,fecha,fecha_partido,nombre_equipo_local,nombre_equipo_visitante,goles_equipo_local,goles_equipo_visitante,puntos_acumulados_local,wins_last10_local,draws_last10_local,losses_last10_local,goles_favor_last10_local,goles_contra_last10_local,current_win_streak_local,current_loss_streak_local,puntos_ultimos5_local,goles_favor_ultimos5_local,goles_contra_ultimos5_local,prom_goles_favor_ultimos5_local,prom_goles_contra_ultimos5_local,clean_sheets_last10_local,btts_last10_local,over25_last10_local,clean_sheets_last5_local,btts_last5_local,over25_last5_local,home_win_rate_local,away_win_rate_local,puntos_acumulados_visitante,wins_last10_visitante,draws_last10_visitante,losses_last10_visitante,goles_favor_last10_visitante,goles_contra_last10_visitante,current_win_streak_visitante,current_loss_streak_visitante,puntos_ultimos5_visitante,goles_favor_ultimos5_visitante,goles_contra_ultimos5_visitante,prom_goles_favor_ultimos5_visitante,prom_goles_contra_ultimos5_visitante,clean_sheets_last10_visitante,btts_last10_visitante,over25_last10_visitante,clean_sheets_last5_visitante,btts_last5_visitante,over25_last5_visitante,home_win_rate_visitante,away_win_rate_visitante,head2head_local_wins,head2head_local_draws,head2head_local_losses,head2head_visitante_wins,head2head_visitante_draws,head2head_visitante_losses,puntos_balance,goles_balance,posicion_tabla_local,posicion_tabla_visitante,diff_posicion_tabla,dias_descanso_local,dias_descanso_visitante,diff_dias_descanso,elo_rating_local,elo_rating_visitante,diff_elo_rating,valor_mercado_local,valor_mercado_visitante,jugadores_lesionados_local,jugadores_lesionados_visitante,titulares_sancionados_local,titulares_sancionados_visitante
2024,1315499,1,Fecha inválida,Bakaridjan,Diarra,1,1,0,0,0,0,0,0,0,0,0,0,0,0.0,0.0,0,0,0,0,0,0,0.0,0.0,0,0,0,0,0,0,0,0,0,0,0,0.0,0.0,0,0,0,0,0,0,0.0,0.0,0,1,0,0,1,0,0,0,9,12,-3,0,0,0,1568,1571,-3,58000000,51000000,2,0,0,1
2024,1315498,1,Fecha inválida,Afrique Football Élite,Étoiles Mandé,0,2,0,0,0,0,0,0,0,0,0,0,0,0.0,0.0,0,0,0,0,0,0,0.0,0.0,0,0,0,0,0,0,0,0,0,0,0,0.0,0.0,0,0,0,0,0,0,0.0,0.0,0,0,1,1,0,0,0,0,3,13,-10,0,0,0,1582,1572,10,52000000,52000000,2,1,0,0
2024,1315496,1,Fecha inválida,Djoliba,Bougouni,0,0,0,0,0,0,0,0,0,0,0,0,0,0.0,0.0,0,0,0,0,0,0,0.0,0.0,0,0,0,0,0,0,0,0,0,0,0,0.0,0.0,0,0,0,0,0,0,0.0,0.0,3,2,1,1,2,3,0,0,1,10,-9,0,0,0,1560,1569,-9,50000000,59000000,2,0,0,1
2024,1315500,1,Fecha inválida,ASKO,Onze Créateurs,0,2,0,0,0,0,0,0,0,0,0,0,0,0.0,0.0,0,0,0,0,0,0,0.0,0.0,0,0,0,0,0,0,0,0,0,0,0,0.0,0.0,0,0,0,0,0,0,0.0,0.0,5,3,5,5,3,5,0,0,7,14,-7,0,0,0,1586,1593,-7,56000000,53000000,2,2,0,1
2024,1315501,1,Fecha inválida,Réal Bamako,USFAS Bamako,0,0,0,0,0,0,0,0,0,0,0,0,0,0.0,0.0,0,0,0,0,0,0,0.0,0.0,0,0,0,0,0,0,0,0,0,0,0,0.0,0.0,0,0,0,0,0,0,0.0,0.0,9,6,1,1,6,9,0,0,18,2,16,0,0,0,1577,1581,-4,57000000,51000000,2,0,1,1
2024,1315502,1,Fecha inválida,Binga,US Bougouba,1,1,0,0,0,0,0,0,0,0,0,0,0,0.0,0.0,0,0,0,0,0,0,0.0,0.0,0,0,0,0,0,0,0,0,0,0,0,0.0,0.0,0,0,0,0,0,0,0.0,0.0,1,1,1,1,1,1,0,0,7,4,3,0,0,0,1546,1583,-37,56000000,53000000,1,0,0,1
2024,1315503,2,Fecha inválida,Stade Malien Bamako,Réal Bamako,0,0,0,0,0,0,0,0,0,0,0,0,0,0.0,0.0,0,0,0,0,0,0,0.0,0.0,1,0,1,0,0,0,0,0,1,0,0,0.0,0.0,1,0,0,1,0,0,0.0,0.0,12,7,5,5,7,12,-1,0,15,18,-3,0,5,-5,1534,1577,-43,54000000,57000000,2,2,0,1
2024,1315506,2,Fecha inválida,Onze Créateurs,Police,0,0,3,1,0,0,2,0,1,0,3,2,0,2.0,0.0,1,0,0,1,0,0,0.0,1.0,0,0,0,0,0,0,0,0,0,0,0,0.0,0.0,0,0,0,0,0,0,0.0,0.0,4,6,3,3,6,4,3,2,14,5,9,6,0,6,1593,1564,29,53000000,54000000,2,1,1,0
2024,1315507,2,Fecha inválida,USFAS Bamako,Afrique Football Élite,0,0,1,0,1,0,0,0,0,0,1,0,0,0.0,0.0,1,0,0,1,0,0,0.0,0.0,0,0,0,1,0,2,0,1,0,0,2,0.0,2.0,0,0,0,0,0,0,0.0,0.0,2,2,3,3,2,2,1,2,2,3,-1,6,7,-1,1581,1582,-1,51000000,52000000,0,2,1,0
2024,1315508,2,Fecha inválida,Bougouni,Bakaridjan,1,2,1,0,1,0,0,0,0,0,1,0,0,0.0,0.0,1,0,0,1,0,0,0.0,0.0,1,0,1,0,1,1,0,0,1,1,1,1.0,1.0,0,1,0,0,1,0,0.0,0.0,1,1,4,4,1,1,0,0,10,9,1,8,8,0,1569,1568,1,59000000,58000000,0,2,1,0
2024,1315505,2,Fecha inválida,US Bougouba,ASKO,3,2,1,0,1,0,1,1,0,0,1,1,1,1.0,1.0,0,1,0,0,1,0,0.0,0.0,0,0,0,1,0,2,0,1,0,0,2,0.0,2.0,0,0,0,0,0,0,0.0,0.0,3,0,2,2,0,3,1,2,4,7,-3,6,7,-1,1583,1586,-3,53000000,56000000,0,2,1,0
2024,1315509,2,Fecha inválida,Diarra,Binga,2,2,1,0,1,0,1,1,0,0,1,1,1,1.0,1.0,0,1,0,0,1,0,0.0,0.0,1,0,1,0,1,1,0,0,1,1,1,1.0,1.0,0,1,0,0,1,0,0.0,0.0,0,1,0,0,1,0,0,0,12,7,5,8,7,1,1571,1546,25,51000000,56000000,0,1,1,0
2024,1315504,2,Fecha inválida,Étoiles Mandé,Djoliba,1,2,3,1,0,0,2,0,1,0,3,2,0,2.0,0.0,1,0,0,1,0,0,0.0,1.0,1,0,1,0,0,0,0,0,1,0,0,0.0,0.0,1,0,0,1,0,0,0.0,0.0,0,0,1,1,0,0,2,2,13,1,12,10,10,0,1572,1560,12,52000000,50000000,1,2,0,0
2024,1319853,3,Fecha inválida,Djoliba,Bakaridjan,0,0,4,1,1,0,2,1,0,0,4,2,1,1.0,0.5,1,1,1,1,1,1,0.0,1.0,4,1,1,0,3,2,0,0,4,3,2,1.5,1.0,0,2,1,0,2,1,0.0,1.0,13,6,3,3,6,13,0,0,1,9,-8,2,4,-2,1560,1568,-8,50000000,58000000,2,2,0,0
2024,1319852,3,Fecha inválida,Afrique Football Élite,Stade Malien Bamako,0,0,1,0,1,1,0,2,0,1,1,0,2,0.0,1.0,1,0,0,1,0,0,0.0,0.0,1,0,1,0,0,0,0,0,1,0,0,0.0,0.0,1,0,0,1,0,0,0.0,0.0,1,3,3,3,3,1,0,-2,3,15,-12,5,6,-1,1582,1534,48,52000000,54000000,2,2,0,0
2024,1319854,3,Fecha inválida,Police,US Bougouba,0,2,1,0,1,0,0,0,0,0,1,0,0,0.0,0.0,1,0,0,1,0,0,0.0,0.0,4,1,1,0,4,3,0,0,4,4,3,2.0,1.5,0,2,1,0,2,1,1.0,0.0,2,0,3,3,0,2,-3,-1,5,4,1,6,5,1,1564,1583,-19,54000000,53000000,1,0,0,1
2024,1319855,3,Fecha inválida,ASKO,Diarra,1,0,0,0,0,2,2,5,0,2,0,2,5,1.0,2.5,0,1,1,0,1,1,0.0,0.0,2,0,2,0,3,3,0,0,2,3,3,1.5,1.5,0,2,1,0,2,1,0.0,0.0,1,0,0,0,0,1,-2,-3,7,12,-5,5,4,1,1586,1571,15,56000000,51000000,2,0,0,1
2024,1319856,3,Fecha inválida,Binga,Bougouni,0,0,2,0,2,0,3,3,0,0,2,3,3,1.5,1.5,0,2,1,0,2,1,0.0,0.0,1,0,1,1,1,2,0,0,1,1,2,0.5,1.0,1,1,1,1,1,1,0.0,0.0,0,4,1,1,4,0,1,1,7,10,-3,5,5,0,1546,1569,-23,56000000,59000000,1,0,0,1
2024,1319858,3,Fecha inválida,Réal Bamako,Onze Créateurs,0,2,2,0,2,0,0,0,0,0,2,0,0,0.0,0.0,2,0,0,2,0,0,0.0,0.0,4,1,1,0,2,0,1,0,4,2,0,1.0,0.0,2,0,0,2,0,0,0.0,1.0,7,6,8,8,6,7,-2,-2,18,14,4,8,7,1,1577,1593,-16,57000000,53000000,2,2,1,1
2024,1319857,3,Fecha inválida,Étoiles Mandé,USFAS Bamako,0,1,3,1,0,1,3,2,1,0,3,3,2,1.5,1.0,1,1,1,1,1,1,0.0,1.0,2,0,2,0,0,0,0,0,2,0,0,0.0,0.0,2,0,0,2,0,0,0.0,0.0,0,0,1,1,0,0,1,1,13,2,11,4,6,-2,1572,1581,-9,52000000,51000000,1,0,0,1
2024,1321736,4,Fecha inválida,USFAS Bamako,Djoliba,1,2,5,1,2,0,1,0,0,0,5,1,0,0.33,0.0,3,0,0,3,0,0,0.0,0.5,5,1,2,0,2,1,0,0,5,2,1,0.67,0.33,2,1,1,2,1,1,0.0,1.0,2,6,9,9,6,2,0,0,2,1,1,4,5,-1,1581,1560,21,51000000,50000000,0,2,1,0
2024,1321737,4,Fecha inválida,Onze Créateurs,Afrique Football Élite,1,2,7,2,1,0,4,0,1,0,7,4,0,1.33,0.0,3,0,0,3,0,0,0.0,1.0,2,0,2,1,0,2,0,1,2,0,2,0.0,0.67,2,0,0,2,0,0,0.0,0.0,2,3,2,2,3,2,5,6,14,3,11,6,7,-1,1593,1582,11,53000000,52000000,2,2,1,0
2024,1321738,4,Fecha inválida,Bakaridjan,Binga,0,0,5,1,2,0,3,2,0,0,5,3,2,1.0,0.67,1,2,1,1,2,1,0.0,0.5,3,0,3,0,3,3,0,0,3,3,3,1.0,1.0,1,2,1,1,2,1,0.0,0.0,2,1,2,2,1,2,2,1,9,7,2,7,6,1,1568,1546,22,58000000,56000000,2,1,0,0
2024,1321741,4,Fecha inválida,Bougouni,ASKO,0,0,2,0,2,1,1,2,0,0,2,1,2,0.33,0.67,2,1,1,2,1,1,0.0,0.0,3,1,0,2,3,5,0,2,3,3,5,1.0,1.67,1,1,1,1,1,1,0.5,0.0,1,3,1,1,3,1,-1,1,10,7,3,7,8,-1,1569,1586,-17,59000000,56000000,0,2,1,0
2024,1321740,4,Fecha inválida,Diarra,Police,2,2,2,0,2,1,3,4,0,0,2,3,4,1.0,1.33,0,2,1,0,2,1,0.0,0.0,1,0,1,1,0,2,0,0,1,0,2,0.0,1.0,1,0,0,1,0,0,0.0,0.0,0,1,0,0,1,0,1,1,12,5,7,8,8,0,1571,1564,7,51000000,54000000,0,1,1,0
2024,1321739,4,Fecha inválida,Stade Malien Bamako,Étoiles Mandé,0,0,2,0,2,0,0,0,0,0,2,0,0,0.0,0.0,2,0,0,2,0,0,0.0,0.0,3,1,0,2,3,3,1,0,3,3,3,1.0,1.0,1,1,1,1,1,1,0.0,1.0,0,1,0,0,1,0,-1,0,15,13,2,8,7,1,1534,1572,-38,54000000,52000000,2,1,0,0
2024,1321742,4,Fecha inválida,US Bougouba,Réal Bamako,1,0,7,2,1,0,6,3,0,0,7,6,3,2.0,1.0,1,2,1,1,2,1,1.0,0.5,2,0,2,1,0,2,0,0,2,0,2,0.0,0.67,2,0,0,2,0,0,0.0,0.0,2,0,3,3,0,2,5,5,4,18,-14,8,7,1,1583,1577,6,53000000,57000000,0,2,1,1
2024,1315497,1,Fecha inválida,Police,Stade Malien Bamako,0,0,2,0,2,1,2,4,0,0,2,2,4,0.67,1.33,1,1,1,1,1,1,0.0,0.0,3,0,3,0,0,0,0,0,3,0,0,0.0,0.0,3,0,0,3,0,0,0.0,0.0,2,5,8,8,5,2,-1,-2,5,15,-10,12,12,0,1564,1534,30,54000000,54000000,1,2,0,0
2024,1331823,5,Fecha inválida,ASKO,Bakaridjan,1,0,4,1,1,2,3,5,0,2,4,3,5,0.75,1.25,2,1,1,2,1,1,0.5,0.0,6,1,3,0,3,2,0,0,6,3,2,0.75,0.5,2,2,1,2,2,1,0.0,0.5,4,6,3,3,6,4,-2,-3,7,9,-2,16,17,-1,1586,1568,18,56000000,58000000,2,2,0,0
2024,1331824,5,Fecha inválida,USFAS Bamako,Stade Malien Bamako,0,2,5,1,2,1,2,2,0,0,5,2,2,0.5,0.5,3,1,1,3,1,1,0.0,0.5,4,0,4,0,0,0,0,0,4,0,0,0.0,0.0,4,0,0,4,0,0,0.0,0.0,3,5,8,8,5,3,1,0,2,15,-13,20,5,15,1581,1534,47,51000000,54000000,0,2,1,0
2024,1331825,5,Fecha inválida,Réal Bamako,Diarra,3,3,2,0,2,2,0,3,0,0,2,0,3,0.0,0.75,2,0,0,2,0,0,0.0,0.0,3,0,3,1,5,6,0,0,3,5,6,1.25,1.5,0,3,2,0,3,2,0.0,0.0,0,1,0,0,1,0,-1,-2,18,12,6,17,17,0,1577,1571,6,57000000,51000000,2,0,1,1
2024,1331826,5,Fecha inválida,Djoliba,Binga,0,0,8,2,2,0,4,2,0,0,8,4,2,1.0,0.5,2,2,2,2,2,2,0.0,1.0,4,0,4,0,3,3,0,0,4,3,3,0.75,0.75,2,2,1,2,2,1,0.0,0.0,3,2,0,0,2,3,4,2,1,7,-6,21,19,2,1560,1546,14,50000000,56000000,2,1,0,0
2024,1331827,5,Fecha inválida,Étoiles Mandé,Onze Créateurs,1,2,4,1,1,2,3,3,1,0,4,3,3,0.75,0.75,2,1,1,2,1,1,0.0,0.5,7,2,1,1,5,2,1,0,7,5,2,1.25,0.5,3,1,1,3,1,1,0.0,1.0,0,0,1,1,0,0,-3,-3,13,14,-1,18,19,-1,1572,1593,-21,52000000,53000000,1,2,0,1
2024,1331828,5,Fecha inválida,Police,Bougouni,0,1,3,0,3,1,2,4,0,0,3,2,4,0.5,1.0,2,1,1,2,1,1,0.0,0.0,3,0,3,1,1,2,0,0,3,1,2,0.25,0.5,3,1,1,3,1,1,0.0,0.0,1,2,4,4,2,1,0,-1,5,10,-5,7,19,-12,1564,1569,-5,54000000,59000000,1,0,0,1
2024,1331829,5,Fecha inválida,Afrique Football Élite,US Bougouba,1,1,5,1,2,1,2,3,0,1,5,2,3,0.5,0.75,2,1,1,2,1,1,0.0,0.5,10,3,1,0,7,3,0,0,10,7,3,1.75,0.75,2,2,1,2,2,1,1.0,0.5,1,3,1,1,3,1,-5,-5,3,4,-1,20,19,1,1582,1583,-1,52000000,53000000,2,0,0,1
2024,1331831,6,Fecha inválida,Binga,ASKO,2,1,5,0,5,0,3,3,0,0,5,3,3,0.6,0.6,3,2,1,3,2,1,0.0,0.0,7,2,1,2,4,5,0,2,7,4,5,0.8,1.0,3,1,1,3,1,1,0.67,0.0,2,2,1,1,2,2,-2,1,7,7,0,3,4,-1,1546,1586,-40,56000000,56000000,1,2,0,0
2024,1331835,6,Fecha inválida,Bougouni,Réal Bamako,0,3,6,1,3,1,2,2,0,0,6,2,2,0.4,0.4,4,1,1,4,1,1,0.0,0.33,3,0,3,2,3,6,0,0,3,3,6,0.6,1.2,2,1,1,2,1,1,0.0,0.0,3,1,4,4,1,3,3,3,10,18,-8,4,5,-1,1569,1577,-8,59000000,57000000,0,2,1,1
2024,1331834,6,Fecha inválida,Diarra,Afrique Football Élite,0,0,4,0,4,1,8,9,0,0,4,8,9,1.6,1.8,0,4,3,0,4,3,0.0,0.0,6,1,3,1,3,4,0,1,6,3,4,0.6,0.8,2,2,1,2,2,1,0.0,0.5,0,1,0,0,1,0,-2,0,12,3,9,5,3,2,1571,1582,-11,51000000,52000000,0,2,1,0
2024,1331833,6,Fecha inválida,Stade Malien Bamako,Djoliba,0,0,7,1,4,0,2,0,0,0,7,2,0,0.4,0.0,5,0,0,5,0,0,0.0,0.33,9,2,3,0,4,2,0,0,9,4,2,0.8,0.4,3,2,2,3,2,2,0.0,1.0,5,9,5,5,9,5,-2,0,15,1,14,6,5,1,1534,1560,-26,54000000,50000000,2,2,0,0
2024,1331836,6,Fecha inválida,Onze Créateurs,USFAS Bamako,1,3,10,3,1,1,7,3,1,0,10,7,3,1.4,0.6,3,2,2,3,2,2,0.0,1.0,5,1,2,2,2,4,0,0,5,2,4,0.4,0.8,3,1,1,3,1,1,0.0,0.5,8,3,7,7,3,8,5,6,14,2,12,4,6,-2,1593,1581,12,53000000,51000000,2,0,1,1
2024,1331830,6,Fecha inválida,Bakaridjan,Police,2,1,6,1,3,1,3,3,0,0,6,3,3,0.6,0.6,2,2,1,2,2,1,0.0,0.33,3,0,3,2,2,5,0,0,3,2,5,0.4,1.0,2,1,1,2,1,1,0.0,0.0,7,8,2,2,8,7,3,3,9,5,4,7,4,3,1568,1564,4,58000000,54000000,2,1,0,0
2024,1331832,6,Fecha inválida,US Bougouba,Étoiles Mandé,5,2,11,3,2,0,8,4,0,0,11,8,4,1.6,0.8,2,3,1,2,3,1,1.0,0.33,4,1,1,3,4,5,1,0,4,4,5,0.8,1.0,2,2,2,2,2,2,0.0,0.5,1,0,0,0,0,1,7,5,4,13,-9,4,5,-1,1583,1572,11,53000000,52000000,0,1,1,0
2024,1334519,7,Fecha inválida,Stade Malien Bamako,Onze Créateurs,0,0,8,1,5,0,2,0,0,0,7,2,0,0.4,0.0,6,0,0,5,0,0,0.0,0.33,10,3,1,2,8,6,1,0,10,7,3,1.4,0.6,3,3,3,3,2,2,0.0,1.0,12,10,2,2,10,12,-2,0,15,14,1,3,3,0,1534,1593,-59,54000000,53000000,2,2,0,1
2024,1334518,7,Fecha inválida,Djoliba,ASKO,0,0,10,2,4,0,4,2,0,0,9,4,2,0.8,0.4,4,2,2,3,2,2,0.0,0.67,7,2,1,3,5,7,0,2,7,4,5,0.8,1.0,3,2,2,3,1,1,0.67,0.0,8,3,2,2,3,8,3,4,1,7,-6,3,5,-2,1560,1586,-26,50000000,56000000,2,2,0,0
2024,1334520,7,Fecha inválida,Réal Bamako,Bakaridjan,0,0,6,1,3,2,6,6,0,0,3,3,6,0.6,1.2,3,1,2,2,1,1,0.0,0.33,9,2,3,1,5,4,0,0,6,3,3,0.6,0.6,2,3,2,2,2,1,0.33,0.33,4,12,5,5,12,4,-3,-1,18,9,9,4,3,1,1577,1568,9,57000000,58000000,2,2,1,0
2024,1334521,7,Fecha inválida,Police,Binga,1,0,3,0,3,3,3,7,0,0,3,2,5,0.4,1.0,2,2,2,2,1,1,0.0,0.0,8,1,5,0,5,4,0,0,5,3,3,0.6,0.6,3,3,2,3,2,1,0.33,0.0,2,1,2,2,1,2,-5,-5,5,7,-2,3,6,-3,1564,1546,18,54000000,56000000,1,1,0,0
2024,1334522,7,Fecha inválida,USFAS Bamako,US Bougouba,2,1,8,2,2,2,5,5,0,0,5,2,4,0.4,0.8,3,2,2,3,1,1,0.0,0.67,14,4,2,0,13,6,0,0,11,8,4,1.6,0.8,2,4,2,2,3,1,1.0,0.33,3,1,1,1,1,3,-6,-7,2,4,-2,4,3,1,1581,1583,-2,51000000,53000000,0,0,1,1
2024,1334523,7,Fecha inválida,Afrique Football Élite,Bougouni,2,0,7,1,4,1,3,4,0,1,6,3,4,0.6,0.8,3,2,1,2,2,1,0.0,0.33,6,1,3,2,2,5,0,0,6,2,2,0.4,0.4,4,1,2,4,1,1,0.0,0.33,3,1,1,1,1,3,1,2,3,10,-7,5,5,0,1582,1569,13,52000000,59000000,2,0,0,1
2024,1334524,7,Fecha inválida,Étoiles Mandé,Diarra,0,0,4,1,1,4,6,10,1,0,4,4,5,0.8,1.0,2,3,3,2,2,2,0.0,0.33,5,0,5,1,8,9,0,0,4,8,9,1.6,1.8,1,4,3,0,4,3,0.0,0.0,0,1,0,0,1,0,-1,-3,13,12,1,4,5,-1,1572,1571,1,52000000,51000000,1,0,0,1
2024,1334906,8,Fecha inválida,Binga,Réal Bamako,0,0,8,1,5,1,5,5,0,0,5,3,3,0.6,0.6,3,3,2,3,2,1,0.33,0.0,7,1,4,2,6,6,0,0,3,3,6,0.6,1.2,4,1,2,2,1,1,0.0,0.33,0,3,2,2,3,0,1,0,7,18,-11,4,4,0,1546,1577,-31,56000000,57000000,1,2,0,1
2024,1334907,8,Fecha inválida,Diarra,USFAS Bamako,0,0,6,0,6,1,8,9,0,0,4,8,9,1.6,1.8,2,4,3,0,4,3,0.0,0.0,11,3,2,2,7,6,0,0,5,2,4,0.4,0.8,3,3,3,3,1,1,0.25,0.67,0,1,0,0,1,0,-5,-2,12,2,10,3,4,-1,1571,1581,-10,51000000,51000000,0,0,1,1
2024,1334908,8,Fecha inválida,ASKO,Police,0,0,8,2,2,3,5,7,0,2,7,4,5,0.8,1.0,4,2,2,3,1,1,0.67,0.0,6,1,3,3,4,7,0,0,3,2,5,0.4,1.0,3,2,2,2,1,1,0.25,0.0,4,3,2,2,3,4,2,1,7,5,2,5,5,0,1586,1564,22,56000000,54000000,2,1,0,0
2024,1334909,8,Fecha inválida,Onze Créateurs,Djoliba,0,0,11,3,2,2,8,6,1,0,10,7,3,1.4,0.6,4,3,3,3,2,2,0.0,0.75,11,2,5,0,4,2,0,0,9,4,2,0.8,0.4,5,2,2,3,2,2,0.0,0.67,6,10,5,5,10,6,0,0,14,1,13,6,6,0,1593,1560,33,53000000,50000000,2,2,1,0
2024,1334910,8,Fecha inválida,US Bougouba,Stade Malien Bamako,0,0,14,4,2,1,14,8,0,0,11,8,4,1.6,0.8,2,5,3,2,3,1,1.0,0.25,9,1,6,0,2,0,0,0,7,2,0,0.4,0.0,7,0,0,5,0,0,0.0,0.33,0,1,4,4,1,0,5,4,4,15,-11,4,6,-2,1583,1534,49,53000000,54000000,0,2,1,0
2024,1334911,8,Fecha inválida,Bougouni,Étoiles Mandé,0,0,6,1,3,3,2,7,0,0,6,2,2,0.4,0.4,4,1,2,4,1,1,0.0,0.25,5,1,2,4,6,10,1,0,4,4,5,0.8,1.0,3,3,3,2,2,2,0.0,0.33,0,1,0,0,1,0,1,-1,10,13,-3,5,4,1,1569,1572,-3,59000000,52000000,0,1,1,0
2024,1334912,8,Fecha inválida,Bakaridjan,Afrique Football Élite,0,0,10,2,4,1,5,4,0,0,6,3,3,0.6,0.6,3,3,2,2,2,1,0.33,0.25,10,2,4,1,5,4,0,1,6,3,4,0.6,0.8,4,2,1,2,2,1,0.25,0.33,1,2,4,4,2,1,0,0,9,3,6,6,5,1,1568,1582,-14,58000000,52000000,2,2,0,0
