temporada,id_partido,fecha,fecha_partido,nombre_equipo_local,nombre_equipo_visitante,goles_equipo_local,goles_equipo_visitante,puntos_acumulados_local,wins_last10_local,draws_last10_local,losses_last10_local,goles_favor_last10_local,goles_contra_last10_local,current_win_streak_local,current_loss_streak_local,puntos_ultimos5_local,goles_favor_ultimos5_local,goles_contra_ultimos5_local,prom_goles_favor_ultimos5_local,prom_goles_contra_ultimos5_local,clean_sheets_last10_local,btts_last10_local,over25_last10_local,clean_sheets_last5_local,btts_last5_local,over25_last5_local,home_win_rate_local,away_win_rate_local,puntos_acumulados_visitante,wins_last10_visitante,draws_last10_visitante,losses_last10_visitante,goles_favor_last10_visitante,goles_contra_last10_visitante,current_win_streak_visitante,current_loss_streak_visitante,puntos_ultimos5_visitante,goles_favor_ultimos5_visitante,goles_contra_ultimos5_visitante,prom_goles_favor_ultimos5_visitante,prom_goles_contra_ultimos5_visitante,clean_sheets_last10_visitante,btts_last10_visitante,over25_last10_visitante,clean_sheets_last5_visitante,btts_last5_visitante,over25_last5_visitante,home_win_rate_visitante,away_win_rate_visitante,head2head_local_wins,head2head_local_draws,head2head_local_losses,head2head_visitante_wins,head2head_visitante_draws,head2head_visitante_losses,puntos_balance,goles_balance,posicion_tabla_local,posicion_tabla_visitante,diff_posicion_tabla,dias_descanso_local,dias_descanso_visitante,diff_dias_descanso,elo_rating_local,elo_rating_visitante,diff_elo_rating,valor_mercado_local,valor_mercado_visitante,jugadores_lesionados_local,jugadores_lesionados_visitante,titulares_sancionados_local,titulares_sancionados_visitante
2024,1208021,1,Fecha inválida,Manchester United,Fulham,1,0,0,0,0,0,0,0,0,0,0,0,0,0.0,0.0,0,0,0,0,0,0,0.0,0.0,0,0,0,0,0,0,0,0,0,0,0,0.0,0.0,0,0,0,0,0,0,0.0,0.0,15,4,1,1,4,15,0,0,14,17,-3,0,0,0,1533,1536,-3,53000000,56000000,0,0,1,0
2024,1208022,1,Fecha inválida,Ipswich,Liverpool,0,2,0,0,0,0,0,0,0,0,0,0,0,0.0,0.0,0,0,0,0,0,0,0.0,0.0,0,0,0,0,0,0,0,0,0,0,0,0.0,0.0,0,0,0,0,0,0,0.0,0.0,0,1,1,1,1,0,0,0,18,1,17,0,0,0,1557,1540,17,57000000,50000000,0,1,1,0
2024,1208025,1,Fecha inválida,Newcastle,Southampton,1,0,0,0,0,0,0,0,0,0,0,0,0,0.0,0.0,0,0,0,0,0,0,0.0,0.0,0,0,0,0,0,0,0,0,0,0,0,0.0,0.0,0,0,0,0,0,0,0.0,0.0,12,6,6,6,6,12,0,0,15,2,13,0,0,0,1534,1541,-7,54000000,51000000,1,2,0,1
2024,1208023,1,Fecha inválida,Arsenal,Wolves,2,0,0,0,0,0,0,0,0,0,0,0,0,0.0,0.0,0,0,0,0,0,0,0.0,0.0,0,0,0,0,0,0,0,0,0,0,0,0.0,0.0,0,0,0,0,0,0,0.0,0.0,11,4,3,3,4,11,0,0,3,20,-17,0,0,0,1542,1539,3,52000000,59000000,0,0,0,1
2024,1208024,1,Fecha inválida,Everton,Brighton,0,3,0,0,0,0,0,0,0,0,0,0,0,0.0,0.0,0,0,0,0,0,0,0.0,0.0,0,0,0,0,0,0,0,0,0,0,0,0.0,0.0,0,0,0,0,0,0,0.0,0.0,6,5,5,5,5,6,0,0,6,12,-6,0,0,0,1545,1551,-6,55000000,51000000,0,0,1,1
2024,1208026,1,Fecha inválida,Nottingham Forest,Bournemouth,1,1,0,0,0,0,0,0,0,0,0,0,0,0.0,0.0,0,0,0,0,0,0,0.0,0.0,0,0,0,0,0,0,0,0,0,0,0,0.0,0.0,0,0,0,0,0,0,0.0,0.0,2,6,6,6,6,2,0,0,6,16,-10,0,0,0,1565,1535,30,55000000,55000000,2,2,1,1
2024,1208027,1,Fecha inválida,West Ham,Aston Villa,1,2,0,0,0,0,0,0,0,0,0,0,0,0.0,0.0,0,0,0,0,0,0,0.0,0.0,0,0,0,0,0,0,0,0,0,0,0,0.0,0.0,0,0,0,0,0,0,0.0,0.0,8,8,7,7,8,8,0,0,9,7,2,0,0,0,1548,1566,-18,58000000,56000000,0,0,0,0
2024,1208028,1,Fecha inválida,Brentford,Crystal Palace,2,1,0,0,0,0,0,0,0,0,0,0,0,0.0,0.0,0,0,0,0,0,0,0.0,0.0,0,0,0,0,0,0,0,0,0,0,0,0.0,0.0,0,0,0,0,0,0,0.0,0.0,1,6,1,1,6,1,0,0,16,13,3,0,0,0,1555,1552,3,55000000,52000000,1,1,1,0
2024,1208029,1,Fecha inválida,Chelsea,Manchester City,0,2,0,0,0,0,0,0,0,0,0,0,0,0.0,0.0,0,0,0,0,0,0,0.0,0.0,0,0,0,0,0,0,0,0,0,0,0,0.0,0.0,0,0,0,0,0,0,0.0,0.0,12,6,24,24,6,12,0,0,10,11,-1,0,0,0,1549,1550,-1,59000000,50000000,1,2,1,0
2024,1208030,1,Fecha inválida,Leicester,Tottenham,1,1,0,0,0,0,0,0,0,0,0,0,0,0.0,0.0,0,0,0,0,0,0,0.0,0.0,0,0,0,0,0,0,0,0,0,0,0,0.0,0.0,0,0,0,0,0,0,0.0,0.0,6,6,12,12,6,6,0,0,7,8,-1,0,0,0,1546,1547,-1,56000000,57000000,1,2,0,1
2024,1208033,2,Fecha inválida,Brighton,Manchester United,2,1,3,1,0,0,3,0,1,0,3,3,0,3.0,0.0,1,0,1,1,0,1,0.0,1.0,3,1,0,0,1,0,1,0,3,1,0,1.0,0.0,1,0,0,1,0,0,1.0,0.0,7,1,11,11,1,7,0,2,12,14,-2,6,7,-1,1551,1533,18,51000000,53000000,0,0,1,1
2024,1208035,2,Fecha inválida,Fulham,Leicester,2,1,0,0,0,1,0,1,0,1,0,0,1,0.0,1.0,0,0,0,0,0,0,0.0,0.0,1,0,1,0,1,1,0,0,1,1,1,1.0,1.0,0,1,0,0,1,0,0.0,0.0,4,2,3,3,2,4,-1,-1,17,7,10,7,4,3,1536,1546,-10,56000000,56000000,0,1,0,0
2024,1208038,2,Fecha inválida,Southampton,Nottingham Forest,0,1,0,0,0,1,0,1,0,1,0,0,1,0.0,1.0,0,0,0,0,0,0,0.0,0.0,1,0,1,0,1,1,0,0,1,1,1,1.0,1.0,0,1,0,0,1,0,0.0,0.0,2,1,3,3,1,2,-1,-1,2,6,-4,7,7,0,1541,1565,-24,51000000,55000000,2,2,1,1
2024,1208039,2,Fecha inválida,Tottenham,Everton,4,0,1,0,1,0,1,1,0,0,1,1,1,1.0,1.0,0,1,0,0,1,0,0.0,0.0,0,0,0,1,0,3,0,1,0,0,3,0.0,3.0,0,0,1,0,0,1,0.0,0.0,13,13,5,5,13,13,1,3,8,6,2,4,7,-3,1547,1545,2,57000000,55000000,2,0,1,1
2024,1208037,2,Fecha inválida,Manchester City,Ipswich,4,1,3,1,0,0,2,0,1,0,3,2,0,2.0,0.0,1,0,0,1,0,0,0.0,1.0,0,0,0,1,0,2,0,1,0,0,2,0.0,2.0,0,0,0,0,0,0,0.0,0.0,1,1,0,0,1,1,3,4,11,18,-7,5,7,-2,1550,1557,-7,50000000,57000000,2,0,0,1
2024,1208034,2,Fecha inválida,Crystal Palace,West Ham,0,2,0,0,0,1,1,2,0,1,0,1,2,1.0,2.0,0,1,1,0,1,1,0.0,0.0,0,0,0,1,1,2,0,1,0,1,2,1.0,2.0,0,1,1,0,1,1,0.0,0.0,9,10,8,8,10,9,0,0,13,9,4,6,6,0,1552,1548,4,52000000,58000000,1,0,0,0
2024,1208032,2,Fecha inválida,Aston Villa,Arsenal,0,2,3,1,0,0,2,1,1,0,3,2,1,2.0,1.0,0,1,1,0,1,1,0.0,1.0,3,1,0,0,2,0,1,0,3,2,0,2.0,0.0,1,0,0,1,0,0,1.0,0.0,7,2,17,17,2,7,0,-1,7,3,4,7,7,0,1566,1542,24,56000000,52000000,0,0,0,0
2024,1208031,2,Fecha inválida,Bournemouth,Newcastle,1,1,1,0,1,0,1,1,0,0,1,1,1,1.0,1.0,0,1,0,0,1,0,0.0,0.0,3,1,0,0,1,0,1,0,3,1,0,1.0,0.0,1,0,0,1,0,0,1.0,0.0,3,7,5,5,7,3,-2,-1,16,15,1,7,7,0,1535,1534,1,55000000,54000000,2,1,1,0
2024,1208040,2,Fecha inválida,Wolves,Chelsea,2,6,0,0,0,1,0,2,0,1,0,0,2,0.0,2.0,0,0,0,0,0,0,0.0,0.0,0,0,0,1,0,2,0,1,0,0,2,0.0,2.0,0,0,0,0,0,0,0.0,0.0,6,5,9,9,5,6,0,0,20,10,10,7,6,1,1539,1549,-10,59000000,59000000,0,1,1,1
2024,1208036,2,Fecha inválida,Liverpool,Brentford,2,0,3,1,0,0,2,0,1,0,3,2,0,2.0,0.0,1,0,0,1,0,0,0.0,1.0,3,1,0,0,2,1,1,0,3,2,1,2.0,1.0,0,1,1,0,1,1,1.0,0.0,5,2,1,1,2,5,0,1,1,16,-15,8,7,1,1540,1555,-15,50000000,55000000,1,1,0,1
2024,1208041,3,Fecha inválida,Arsenal,Brighton,1,1,6,2,0,0,4,0,2,0,6,4,0,2.0,0.0,2,0,0,2,0,0,1.0,1.0,6,2,0,0,5,1,2,0,6,5,1,2.5,0.5,1,1,2,1,1,2,1.0,1.0,8,5,6,6,5,8,0,0,3,12,-9,6,7,-1,1542,1551,-9,52000000,51000000,0,0,0,1
2024,1208044,3,Fecha inválida,Everton,Bournemouth,2,3,0,0,0,2,0,7,0,2,0,0,7,0.0,3.5,0,0,2,0,0,2,0.0,0.0,2,0,2,0,2,2,0,0,2,2,2,1.0,1.0,0,2,0,0,2,0,0.0,0.0,7,2,9,9,2,7,-2,-7,6,16,-10,7,6,1,1545,1535,10,55000000,55000000,0,2,1,1
2024,1208046,3,Fecha inválida,Leicester,Aston Villa,1,2,1,0,1,1,2,3,0,0,1,2,3,1.0,1.5,0,2,1,0,2,1,0.0,0.0,3,1,0,1,2,3,1,0,3,2,3,1.0,1.5,0,1,1,0,1,1,0.0,1.0,6,3,8,8,3,6,-2,0,7,7,0,7,6,1,1546,1566,-20,56000000,56000000,1,0,0,0
2024,1208042,3,Fecha inválida,Brentford,Southampton,3,1,3,1,0,1,2,3,1,0,3,2,3,1.0,1.5,0,1,1,0,1,1,1.0,0.0,0,0,0,2,0,2,0,2,0,0,2,0.0,1.0,0,0,0,0,0,0,0.0,0.0,6,0,1,1,0,6,3,1,16,2,14,5,7,-2,1555,1541,14,55000000,51000000,1,2,1,1
2024,1208045,3,Fecha inválida,Ipswich,Fulham,1,1,0,0,0,2,1,6,0,2,0,1,6,0.5,3.0,0,1,1,0,1,1,0.0,0.0,3,1,0,1,2,2,0,1,3,2,2,1.0,1.0,0,1,1,0,1,1,1.0,0.0,3,3,6,6,3,3,-3,-5,18,17,1,7,7,0,1557,1536,21,57000000,56000000,0,0,1,0
2024,1208049,3,Fecha inválida,Nottingham Forest,Wolves,1,1,4,1,1,0,2,1,0,0,4,2,1,1.0,0.5,1,1,0,1,1,0,0.0,1.0,0,0,0,2,2,8,0,2,0,2,8,1.0,4.0,0,1,1,0,1,1,0.0,0.0,6,6,6,6,6,6,4,7,6,20,-14,7,6,1,1565,1539,26,55000000,59000000,2,0,1,1
2024,1208050,3,Fecha inválida,West Ham,Manchester City,1,3,3,1,0,1,3,2,0,1,3,3,2,1.5,1.0,1,1,1,1,1,1,0.0,1.0,6,2,0,0,6,1,2,0,6,6,1,3.0,0.5,1,1,1,1,1,1,1.0,1.0,3,4,26,26,4,3,-3,-4,9,11,-2,7,7,0,1548,1550,-2,58000000,50000000,0,2,0,0
2024,1208048,3,Fecha inválida,Newcastle,Tottenham,2,1,4,1,1,0,2,1,1,0,4,2,1,1.0,0.5,1,1,0,1,1,0,1.0,0.0,4,1,1,0,5,1,0,0,4,5,1,2.5,0.5,1,1,1,1,1,1,1.0,0.0,12,4,14,14,4,12,0,-3,15,8,7,6,7,-1,1534,1547,-13,54000000,57000000,1,2,0,1
2024,1208043,3,Fecha inválida,Chelsea,Crystal Palace,1,1,3,1,0,1,6,4,0,1,3,6,4,3.0,2.0,0,1,1,0,1,1,0.0,1.0,0,0,0,2,1,4,0,2,0,1,4,0.5,2.0,0,1,1,0,1,1,0.0,0.0,19,2,4,4,2,19,3,5,10,13,-3,6,7,-1,1549,1552,-3,59000000,52000000,1,1,1,0
2024,1208047,3,Fecha inválida,Manchester United,Liverpool,0,3,3,1,0,1,2,2,1,0,3,2,2,1.0,1.0,1,1,1,1,1,1,1.0,0.0,6,2,0,0,4,0,2,0,6,4,0,2.0,0.0,2,0,0,2,0,0,1.0,1.0,14,11,14,14,11,14,-3,-4,14,1,13,8,6,2,1533,1540,-7,53000000,50000000,0,1,1,0
2024,1208058,4,Fecha inválida,Southampton,Manchester United,0,3,0,0,0,3,1,5,0,3,0,1,5,0.33,1.67,0,1,1,0,1,1,0.0,0.0,3,1,0,2,2,5,1,0,3,2,5,0.67,1.67,1,1,2,1,1,2,0.5,0.0,2,11,12,12,11,2,-3,-1,2,14,-12,13,12,1,1541,1533,8,51000000,53000000,2,0,1,1
2024,1208055,4,Fecha inválida,Fulham,West Ham,1,1,4,1,1,1,3,3,0,1,4,3,3,1.0,1.0,0,2,1,0,2,1,1.0,0.0,3,1,0,2,4,5,0,1,3,4,5,1.33,1.67,1,2,2,1,2,2,0.0,1.0,4,5,8,8,5,4,1,1,17,9,8,14,13,1,1536,1548,-12,56000000,58000000,0,0,0,0
2024,1208056,4,Fecha inválida,Liverpool,Nottingham Forest,0,1,9,3,0,0,7,0,3,0,9,7,0,2.33,0.0,3,0,1,3,0,1,1.0,1.0,5,1,2,0,3,2,0,0,5,3,2,1.0,0.67,1,2,0,1,2,0,0.0,1.0,4,1,2,2,1,4,4,6,1,6,-5,12,14,-2,1540,1565,-25,50000000,55000000,1,2,0,1
2024,1208057,4,Fecha inválida,Manchester City,Brentford,2,1,9,3,0,0,9,2,3,0,9,9,2,3.0,0.67,1,2,2,1,2,2,1.0,1.0,6,2,0,1,5,4,1,0,6,5,4,1.67,1.33,0,2,2,0,2,2,1.0,0.0,5,1,2,2,1,5,3,6,11,16,-5,13,14,-1,1550,1555,-5,50000000,55000000,2,1,0,1
2024,1208053,4,Fecha inválida,Brighton,Ipswich,0,0,7,2,1,0,6,2,2,0,7,6,2,2.0,0.67,1,2,2,1,2,2,1.0,0.5,1,0,1,2,2,7,0,2,1,2,7,0.67,2.33,0,2,1,0,2,1,0.0,0.0,4,5,5,5,5,4,6,9,12,18,-6,14,14,0,1551,1557,-6,51000000,57000000,0,0,1,1
2024,1208054,4,Fecha inválida,Crystal Palace,Leicester,2,2,1,0,1,2,2,5,0,2,1,2,5,0.67,1.67,0,2,1,0,2,1,0.0,0.0,1,0,1,2,3,5,0,0,1,3,5,1.0,1.67,0,3,2,0,3,2,0.0,0.0,8,7,9,9,7,8,0,-1,13,7,6,13,14,-1,1552,1546,6,52000000,56000000,1,1,0,0
2024,1208052,4,Fecha inválida,Aston Villa,Everton,3,2,6,2,0,1,4,4,1,0,6,4,4,1.33,1.33,0,2,2,0,2,2,0.0,1.0,0,0,0,3,2,10,0,3,0,2,10,0.67,3.33,0,1,3,0,1,3,0.0,0.0,10,8,7,7,8,10,6,8,7,6,1,14,14,0,1566,1545,21,56000000,55000000,0,0,0,1
2024,1208051,4,Fecha inválida,Bournemouth,Chelsea,0,1,5,1,2,0,5,4,0,0,5,5,4,1.67,1.33,0,3,1,0,3,1,0.0,0.5,4,1,1,1,7,5,0,1,4,7,5,2.33,1.67,0,2,1,0,2,1,0.0,1.0,4,4,12,12,4,4,1,-1,16,10,6,14,13,1,1535,1549,-14,55000000,59000000,2,1,1,1
2024,1208059,4,Fecha inválida,Tottenham,Arsenal,0,1,4,1,1,1,6,3,0,0,4,6,3,2.0,1.0,1,2,2,1,2,2,1.0,0.0,7,2,1,0,5,1,2,0,7,5,1,1.67,0.33,2,1,0,2,1,0,0.5,1.0,11,9,14,14,9,11,-3,-1,8,3,5,14,15,-1,1547,1542,5,57000000,52000000,2,0,1,0
2024,1208060,4,Fecha inválida,Wolves,Newcastle,1,2,1,0,1,2,3,9,0,2,1,3,9,1.0,3.0,0,2,1,0,2,1,0.0,0.0,7,2,1,0,4,2,1,0,7,4,2,1.33,0.67,1,2,1,1,2,1,1.0,0.0,4,10,8,8,10,4,-6,-8,20,15,5,15,14,1,1539,1534,5,59000000,54000000,0,1,1,0
2024,1208070,5,Fecha inválida,West Ham,Chelsea,0,3,4,1,1,2,5,6,0,1,4,5,6,1.25,1.5,1,3,2,1,3,2,0.0,0.5,7,2,1,1,8,5,0,1,7,8,5,2.0,1.25,1,2,1,1,2,1,0.0,1.0,8,6,15,15,6,8,-3,-4,9,10,-1,6,6,0,1548,1549,-1,58000000,59000000,0,1,0,1
2024,1208064,5,Fecha inválida,Fulham,Newcastle,3,1,5,1,2,1,4,4,0,1,5,4,4,1.0,1.0,0,3,1,0,3,1,0.5,0.0,10,3,1,0,6,3,1,0,10,6,3,1.5,0.75,1,3,2,1,3,2,1.0,0.5,7,4,10,10,4,7,-5,-3,17,15,2,7,5,2,1536,1534,2,56000000,54000000,0,1,0,0
2024,1208066,5,Fecha inválida,Liverpool,Bournemouth,3,0,9,3,0,1,7,1,3,0,9,7,1,1.75,0.25,3,0,1,3,0,1,0.5,1.0,5,1,2,1,5,5,0,0,5,5,5,1.25,1.25,0,3,1,0,3,1,0.0,0.5,16,2,2,2,2,16,4,6,1,16,-15,7,6,1,1540,1535,5,50000000,55000000,1,2,0,1
2024,1208068,5,Fecha inválida,Southampton,Ipswich,1,1,0,0,0,4,1,8,0,4,0,1,8,0.25,2.0,0,1,2,0,1,2,0.0,0.0,2,0,2,2,2,7,0,2,2,2,7,0.5,1.75,1,2,1,1,2,1,0.0,0.0,2,4,2,2,4,2,-2,-2,2,18,-16,7,7,0,1541,1557,-16,51000000,57000000,2,0,1,1
2024,1208065,5,Fecha inválida,Leicester,Everton,1,1,2,0,2,2,5,7,0,0,2,5,7,1.25,1.75,0,4,3,0,4,3,0.0,0.0,0,0,0,4,4,13,0,4,0,4,13,1.0,3.25,0,2,4,0,2,4,0.0,0.0,8,7,7,7,7,8,2,7,7,6,1,7,6,1,1546,1545,1,56000000,55000000,1,0,0,1
2024,1208069,5,Fecha inválida,Tottenham,Brentford,3,1,4,1,1,2,6,4,0,0,4,6,4,1.5,1.0,1,2,2,1,2,2,0.5,0.0,6,2,0,2,6,6,1,0,6,6,6,1.5,1.5,0,3,3,0,3,3,1.0,0.0,4,4,1,1,4,4,-2,2,8,16,-8,6,7,-1,1547,1555,-8,57000000,55000000,2,1,1,1
2024,1208061,5,Fecha inválida,Aston Villa,Wolves,3,1,9,3,0,1,7,6,1,0,9,7,6,1.75,1.5,0,3,3,0,3,3,0.5,1.0,1,0,1,3,4,11,0,2,1,4,11,1.0,2.75,0,3,2,0,3,2,0.0,0.0,7,6,8,8,6,7,8,8,7,20,-13,6,5,1,1566,1539,27,56000000,59000000,0,0,0,1
2024,1208063,5,Fecha inválida,Crystal Palace,Manchester United,0,0,2,0,2,2,4,7,0,2,2,4,7,1.0,1.75,0,3,2,0,3,2,0.0,0.0,6,2,0,2,5,5,1,0,6,5,5,1.25,1.25,2,1,3,2,1,3,0.5,0.5,6,6,16,16,6,6,-4,-3,13,14,-1,7,7,0,1552,1533,19,52000000,53000000,1,0,0,1
2024,1208062,5,Fecha inválida,Brighton,Nottingham Forest,2,2,8,2,2,0,6,2,2,0,8,6,2,1.5,0.5,2,2,2,2,2,2,0.5,0.5,8,2,2,0,4,2,0,0,8,4,2,1.0,0.5,2,2,0,2,2,0,0.0,1.0,7,7,4,4,7,7,0,2,12,6,6,7,7,0,1551,1565,-14,51000000,55000000,0,2,1,1
2024,1208067,5,Fecha inválida,Manchester City,Arsenal,2,2,12,4,0,0,11,3,4,0,12,11,3,2.75,0.75,1,3,3,1,3,3,1.0,1.0,10,3,1,0,6,1,2,0,10,6,1,1.5,0.25,3,1,0,3,1,0,0.5,1.0,20,9,9,9,9,20,2,3,11,3,8,8,7,1,1550,1542,8,50000000,52000000,2,0,0,0
2024,1208078,6,Fecha inválida,Newcastle,Manchester City,1,1,10,3,1,1,7,6,1,0,10,7,6,1.4,1.2,1,4,3,1,4,3,1.0,0.33,13,4,1,0,13,5,4,0,13,13,5,2.6,1.0,1,4,4,1,4,4,0.67,1.0,3,5,25,25,5,3,-3,-7,15,11,4,6,5,1,1534,1550,-16,54000000,50000000,1,2,0,0
2024,1208072,6,Fecha inválida,Arsenal,Leicester,4,2,11,3,2,0,8,3,2,0,11,8,3,1.6,0.6,3,2,1,3,2,1,0.5,0.67,3,0,3,2,6,8,0,0,3,6,8,1.2,1.6,0,5,3,0,5,3,0.0,0.0,13,4,4,4,4,13,8,7,3,7,-4,5,7,-2,1542,1546,-4,52000000,56000000,0,1,0,0
2024,1208075,6,Fecha inválida,Everton,Crystal Palace,2,1,1,0,1,4,5,14,0,4,1,5,14,1.0,2.8,0,3,4,0,3,4,0.0,0.0,3,0,3,2,4,7,0,2,3,4,7,0.8,1.4,1,3,2,1,3,2,0.0,0.0,11,12,4,4,12,11,-2,-6,6,13,-7,7,6,1,1545,1552,-7,55000000,52000000,0,1,1,0
2024,1208074,6,Fecha inválida,Chelsea,Brighton,4,2,10,3,1,1,11,5,0,1,10,11,5,2.2,1.0,2,2,2,2,2,2,0.0,1.0,9,2,3,0,8,4,2,0,9,8,4,1.6,0.8,2,3,3,2,3,3,0.33,0.5,11,6,2,2,6,11,1,2,10,12,-2,7,6,1,1549,1551,-2,59000000,51000000,1,0,1,1
2024,1208073,6,Fecha inválida,Brentford,West Ham,1,1,6,2,0,3,7,9,1,0,6,7,9,1.4,1.8,0,4,4,0,4,4,1.0,0.0,4,1,1,3,5,9,0,1,4,5,9,1.0,1.8,1,3,3,1,3,3,0.0,0.5,5,2,4,4,2,5,2,2,16,9,7,7,7,0,1555,1548,7,55000000,58000000,1,0,1,0
2024,1208079,6,Fecha inválida,Nottingham Forest,Fulham,0,1,9,2,3,0,6,4,0,0,9,6,4,1.2,0.8,2,3,1,2,3,1,0.0,0.67,8,2,2,1,7,5,0,1,8,7,5,1.4,1.0,0,4,2,0,4,2,0.67,0.0,6,2,10,10,2,6,1,0,6,17,-11,6,7,-1,1565,1536,29,55000000,56000000,2,0,1,0
2024,1208080,6,Fecha inválida,Wolves,Liverpool,1,2,1,0,1,4,5,14,0,2,1,5,14,1.0,2.8,0,4,3,0,4,3,0.0,0.0,12,4,0,1,10,1,3,0,12,10,1,2.0,0.2,4,0,2,4,0,2,0.67,1.0,4,2,16,16,2,4,-11,-18,20,1,19,7,7,0,1539,1540,-1,59000000,50000000,0,1,1,0
2024,1208076,6,Fecha inválida,Ipswich,Aston Villa,2,2,3,0,3,2,3,8,0,2,3,3,8,0.6,1.6,1,3,1,1,3,1,0.0,0.0,12,4,0,1,10,7,1,0,12,10,7,2.0,1.4,0,4,4,0,4,4,0.67,1.0,1,4,4,4,4,1,-9,-8,18,7,11,7,7,0,1557,1566,-9,57000000,56000000,0,0,1,0
2024,1208077,6,Fecha inválida,Manchester United,Tottenham,0,3,7,2,1,2,5,5,1,0,7,5,5,1.0,1.0,3,1,3,3,1,3,0.5,0.33,7,2,1,2,9,5,0,0,7,9,5,1.8,1.0,1,3,3,1,3,3,0.67,0.0,15,8,10,10,8,15,0,-4,14,8,6,7,8,-1,1533,1547,-14,53000000,57000000,0,2,1,1
2024,1208071,6,Fecha inválida,Bournemouth,Southampton,3,1,5,1,2,2,5,8,0,0,5,5,8,1.0,1.6,0,3,2,0,3,2,0.0,0.33,1,0,1,4,2,9,0,4,1,2,9,0.4,1.8,0,2,2,0,2,2,0.0,0.0,5,5,6,6,5,5,4,4,16,2,14,9,9,0,1535,1541,-6,55000000,51000000,2,2,1,1
2024,1208086,7,Fecha inválida,Crystal Palace,Liverpool,0,1,3,0,3,3,5,9,0,2,3,4,7,0.8,1.4,1,4,3,1,3,2,0.0,0.0,15,5,0,1,12,2,3,0,12,10,1,2.0,0.2,4,1,3,4,0,2,0.67,1.0,5,4,17,17,4,5,-12,-14,13,1,12,6,6,0,1552,1540,12,52000000,50000000,1,1,0,0
2024,1208081,7,Fecha inválida,Arsenal,Southampton,3,1,14,4,2,0,12,5,2,0,11,8,3,1.6,0.6,3,3,2,3,2,1,0.67,0.67,1,0,1,5,3,12,0,4,1,2,9,0.4,1.8,0,3,3,0,2,2,0.0,0.0,12,9,7,7,9,12,13,16,3,2,1,7,4,3,1542,1541,1,52000000,51000000,0,2,0,1
2024,1208088,7,Fecha inválida,Leicester,Bournemouth,1,0,3,0,3,3,8,12,0,0,3,6,8,1.2,1.6,0,6,4,0,5,3,0.0,0.0,8,2,2,2,8,9,0,0,5,5,8,1.0,1.6,0,4,3,0,3,2,0.33,0.33,6,6,5,5,6,6,-5,-3,7,16,-9,7,4,3,1546,1535,11,56000000,55000000,1,2,0,1
2024,1208090,7,Fecha inválida,West Ham,Ipswich,4,1,5,1,2,3,6,10,0,1,4,5,9,1.0,1.8,1,4,3,1,3,3,0.0,0.33,4,0,4,2,5,10,0,2,3,3,8,0.6,1.6,1,4,2,1,3,1,0.0,0.0,3,1,2,2,1,3,1,1,9,18,-9,7,6,1,1548,1557,-9,58000000,57000000,0,0,0,1
2024,1208089,7,Fecha inválida,Manchester City,Fulham,3,2,14,4,2,0,14,6,4,0,13,13,5,2.6,1.0,1,5,4,1,4,4,0.67,0.67,11,3,2,1,8,5,0,1,8,7,5,1.4,1.0,1,4,2,0,4,2,0.67,0.33,18,3,0,0,3,18,3,5,11,17,-6,7,7,0,1550,1536,14,50000000,56000000,2,0,0,0
2024,1208083,7,Fecha inválida,Brentford,Wolves,5,3,7,2,1,3,8,10,1,0,6,7,9,1.4,1.8,0,5,4,0,4,4,0.67,0.0,1,0,1,5,6,16,0,2,1,5,14,1.0,2.8,0,5,4,0,4,3,0.0,0.0,6,5,9,9,5,6,6,8,16,20,-4,7,6,1,1555,1539,16,55000000,59000000,1,0,1,1
2024,1208087,7,Fecha inválida,Everton,Newcastle,0,0,4,1,1,4,7,15,0,4,1,5,14,1.0,2.8,0,4,5,0,3,4,0.33,0.0,11,3,2,1,8,7,1,0,10,7,6,1.4,1.2,1,5,3,1,4,3,0.67,0.33,13,6,9,9,6,13,-7,-9,6,15,-9,7,7,0,1545,1534,11,55000000,54000000,0,1,1,0
2024,1208085,7,Fecha inválida,Chelsea,Nottingham Forest,1,1,13,4,1,1,15,7,0,1,10,11,5,2.2,1.0,2,3,3,2,2,2,0.33,1.0,9,2,3,1,6,5,0,0,9,6,4,1.2,0.8,2,3,1,2,3,1,0.0,0.67,4,4,1,1,4,4,4,7,10,6,4,7,7,0,1549,1565,-16,59000000,55000000,1,2,1,1
2024,1208082,7,Fecha inválida,Aston Villa,Manchester United,0,0,13,4,1,1,12,9,1,0,12,10,7,2.0,1.4,0,5,5,0,4,4,0.67,0.67,7,2,1,3,5,8,1,0,7,5,5,1.0,1.0,3,1,4,3,1,3,0.33,0.33,2,7,18,18,7,2,6,6,7,14,-7,7,6,1,1566,1533,33,56000000,53000000,0,0,0,1
2024,1208084,7,Fecha inválida,Brighton,Tottenham,3,2,9,2,3,1,10,8,2,0,9,8,4,1.6,0.8,2,4,4,2,3,3,0.33,0.33,10,3,1,2,12,5,0,0,7,9,5,1.8,1.0,2,3,4,1,3,3,0.67,0.33,5,2,11,11,2,5,-1,-5,12,8,4,8,7,1,1551,1547,4,51000000,57000000,0,2,1,1
2024,1208099,8,Fecha inválida,Tottenham,West Ham,4,1,10,3,1,3,14,8,0,0,7,9,5,1.8,1.0,2,4,5,1,3,3,0.67,0.25,8,2,2,3,10,11,0,1,4,5,9,1.0,1.8,1,5,4,1,3,3,0.25,0.33,14,7,12,12,7,14,2,7,8,9,-1,12,13,-1,1547,1548,-1,57000000,58000000,2,0,1,0
2024,1208095,8,Fecha inválida,Manchester United,Brentford,2,1,8,2,2,3,5,8,1,0,7,5,5,1.0,1.0,4,1,4,3,1,3,0.33,0.25,10,3,1,3,13,13,1,0,6,7,9,1.4,1.8,0,6,5,0,4,4,0.75,0.0,5,3,1,1,3,5,-2,-3,14,16,-2,13,14,-1,1533,1555,-22,53000000,55000000,0,1,1,1
2024,1208096,8,Fecha inválida,Newcastle,Brighton,0,1,12,3,3,1,8,7,1,0,10,7,6,1.4,1.2,2,5,3,1,4,3,0.67,0.25,12,3,3,1,13,10,2,0,9,8,4,1.6,0.8,2,5,5,2,3,3,0.5,0.33,5,8,8,8,8,5,0,-2,15,12,3,13,12,1,1534,1551,-17,54000000,51000000,1,0,0,1
2024,1208092,8,Fecha inválida,Fulham,Aston Villa,1,3,11,3,2,2,10,8,0,1,8,7,5,1.4,1.0,1,5,3,0,4,2,0.67,0.25,14,4,2,1,12,9,1,0,12,10,7,2.0,1.4,1,5,5,0,4,4,0.5,0.67,8,5,10,10,5,8,-3,-1,17,7,10,14,13,1,1536,1566,-30,56000000,56000000,0,0,0,0
2024,1208098,8,Fecha inválida,Southampton,Leicester,2,3,1,0,1,6,4,15,0,4,1,2,9,0.4,1.8,0,4,4,0,2,2,0.0,0.0,6,1,3,3,9,12,0,0,3,6,8,1.2,1.6,1,6,4,0,5,3,0.25,0.0,6,6,14,14,6,6,-5,-8,2,7,-5,14,14,0,1541,1546,-5,51000000,56000000,2,1,1,0
2024,1208093,8,Fecha inválida,Ipswich,Everton,0,2,4,0,4,3,6,14,0,2,3,3,8,0.6,1.6,1,5,3,1,3,1,0.0,0.0,5,1,2,4,7,15,0,4,1,5,14,1.0,2.8,1,4,5,0,3,4,0.25,0.0,0,1,1,1,1,0,-1,0,18,6,12,14,13,1,1557,1545,12,57000000,55000000,0,0,1,1
2024,1208091,8,Fecha inválida,Bournemouth,Arsenal,2,0,8,2,2,3,8,10,0,0,5,5,8,1.0,1.6,0,4,3,0,3,2,0.33,0.25,17,5,2,0,15,6,2,0,11,8,3,1.6,0.6,3,4,3,3,2,1,0.75,0.67,2,3,13,13,3,2,-9,-11,16,3,13,14,14,0,1535,1542,-7,55000000,52000000,2,0,1,0
2024,1208100,8,Fecha inválida,Wolves,Manchester City,1,2,1,0,1,6,9,21,0,2,1,5,14,1.0,2.8,0,6,5,0,4,3,0.0,0.0,17,5,2,0,17,8,4,0,13,13,5,2.6,1.0,1,6,5,1,4,4,0.75,0.67,5,2,14,14,2,5,-16,-21,20,11,9,14,14,0,1539,1550,-11,59000000,50000000,0,2,1,0
2024,1208094,8,Fecha inválida,Liverpool,Chelsea,2,1,18,6,0,1,13,2,3,0,12,10,1,2.0,0.2,5,1,3,4,0,2,0.67,1.0,14,4,2,1,16,8,0,1,10,11,5,2.2,1.0,2,4,3,2,2,2,0.25,1.0,17,14,10,10,14,17,4,3,1,10,-9,15,14,1,1540,1549,-9,50000000,59000000,1,1,0,1
2024,1208097,8,Fecha inválida,Nottingham Forest,Crystal Palace,1,0,10,2,4,1,7,6,0,0,9,6,4,1.2,0.8,2,4,1,2,3,1,0.0,0.5,3,0,3,4,5,10,0,2,3,4,7,0.8,1.4,1,4,3,1,3,2,0.0,0.0,3,6,1,1,6,3,7,6,6,13,-7,15,16,-1,1565,1552,13,55000000,52000000,2,1,1,0
2024,1208110,9,Fecha inválida,Leicester,Nottingham Forest,1,3,9,2,3,3,12,14,0,0,3,6,8,1.2,1.6,1,7,5,0,5,3,0.25,0.25,13,3,4,1,8,6,0,0,9,6,4,1.2,0.8,3,4,1,2,3,1,0.25,0.5,3,5,4,4,5,3,-4,-4,7,6,1,6,4,2,1546,1565,-19,56000000,55000000,1,2,0,1
2024,1208111,9,Fecha inválida,Manchester City,Southampton,1,0,20,6,2,0,19,9,4,0,13,13,5,2.6,1.0,1,7,6,1,4,4,0.75,0.75,1,0,1,7,6,18,0,4,1,2,9,0.4,1.8,0,5,5,0,2,2,0.0,0.0,18,5,4,4,5,18,19,22,11,2,9,6,7,-1,1550,1541,9,50000000,51000000,2,2,0,1
2024,1208106,9,Fecha inválida,Brighton,Wolves,2,2,15,4,3,1,14,10,2,0,9,8,4,1.6,0.8,3,5,5,2,3,3,0.5,0.5,1,0,1,7,10,23,0,2,1,5,14,1.0,2.8,0,7,6,0,4,3,0.0,0.0,9,11,4,4,11,9,14,17,12,20,-8,7,6,1,1551,1539,12,51000000,59000000,0,0,1,1
2024,1208105,9,Fecha inválida,Brentford,Ipswich,4,3,10,3,1,4,14,15,1,0,6,7,9,1.4,1.8,0,7,6,0,4,4,0.75,0.0,4,0,4,4,6,16,0,2,3,3,8,0.6,1.6,1,5,3,1,3,1,0.0,0.0,5,5,2,2,5,5,6,9,16,18,-2,7,7,0,1555,1557,-2,55000000,57000000,1,0,1,1
2024,1208104,9,Fecha inválida,Aston Villa,Bournemouth,1,1,17,5,2,1,15,10,1,0,12,10,7,2.0,1.4,1,6,6,0,4,4,0.5,0.75,11,3,2,3,10,10,0,0,5,5,8,1.0,1.6,1,4,3,0,3,2,0.5,0.25,4,3,4,4,3,4,6,5,7,16,-9,7,6,1,1566,1535,31,56000000,55000000,0,2,0,1
2024,1208109,9,Fecha inválida,Everton,Fulham,1,1,8,2,2,4,9,15,0,4,1,5,14,1.0,2.8,2,4,5,0,3,4,0.25,0.25,11,3,2,3,11,11,0,1,8,7,5,1.4,1.0,1,6,4,0,4,2,0.5,0.25,9,6,6,6,6,9,-3,-6,6,17,-11,7,7,0,1545,1536,9,55000000,56000000,0,0,1,0
2024,1208112,9,Fecha inválida,West Ham,Manchester United,2,1,8,2,2,4,11,15,0,1,4,5,9,1.0,1.8,1,6,5,1,3,3,0.25,0.25,11,3,2,3,7,9,1,0,7,5,5,1.0,1.0,4,2,5,3,1,3,0.5,0.25,7,9,20,20,9,7,-3,-2,9,14,-5,8,7,1,1548,1533,15,58000000,53000000,0,0,0,1
2024,1208107,9,Fecha inválida,Chelsea,Newcastle,2,1,14,4,2,2,17,10,0,1,10,11,5,2.2,1.0,2,5,4,2,2,2,0.25,0.75,12,3,3,2,8,8,1,0,10,7,6,1.4,1.2,2,5,3,1,4,3,0.5,0.25,17,6,9,9,6,17,2,7,10,15,-5,6,7,-1,1549,1534,15,59000000,54000000,1,1,1,0
2024,1208108,9,Fecha inválida,Crystal Palace,Tottenham,1,0,3,0,3,5,5,11,0,2,3,4,7,0.8,1.4,1,4,3,1,3,2,0.0,0.0,13,4,1,3,18,9,0,0,7,9,5,1.8,1.0,2,5,6,1,3,3,0.75,0.25,5,4,17,17,4,5,-10,-15,13,8,5,5,8,-3,1552,1547,5,52000000,57000000,1,2,0,1
2024,1208103,9,Fecha inválida,Arsenal,Liverpool,2,2,17,5,2,1,15,8,2,0,11,8,3,1.6,0.6,3,4,3,3,2,1,0.75,0.5,21,7,0,1,15,3,3,0,12,10,1,2.0,0.2,5,2,4,4,0,2,0.75,1.0,10,13,15,15,13,10,-4,-5,3,1,2,7,7,0,1542,1540,2,52000000,50000000,0,1,0,0
2024,1208118,10,Fecha inválida,Newcastle,Arsenal,1,0,12,3,3,3,9,10,1,0,10,7,6,1.4,1.2,2,6,4,1,4,3,0.5,0.2,18,5,3,1,17,10,2,0,11,8,3,1.6,0.6,3,5,4,3,2,1,0.6,0.5,6,5,20,20,5,6,-6,-8,15,3,12,5,5,0,1534,1542,-8,54000000,52000000,1,0,0,0
2024,1208113,10,Fecha inválida,Bournemouth,Manchester City,2,1,12,3,3,3,11,11,0,0,5,5,8,1.0,1.6,1,5,3,0,3,2,0.5,0.2,23,7,2,0,20,9,4,0,13,13,5,2.6,1.0,2,7,6,1,4,4,0.8,0.75,1,1,15,15,1,1,-11,-11,16,11,5,7,7,0,1535,1550,-15,55000000,50000000,2,2,1,0
2024,1208116,10,Fecha inválida,Liverpool,Brighton,2,1,22,7,1,1,17,5,3,0,12,10,1,2.0,0.2,5,3,5,4,0,2,0.75,0.8,16,4,4,1,16,12,2,0,9,8,4,1.6,0.8,3,6,6,2,3,3,0.4,0.5,12,5,3,3,5,12,6,8,1,12,-11,5,7,-2,1540,1551,-11,50000000,51000000,1,0,0,1
2024,1208120,10,Fecha inválida,Southampton,Everton,1,0,1,0,1,8,6,19,0,4,1,2,9,0.4,1.8,0,5,5,0,2,2,0.0,0.0,9,2,3,4,10,16,0,4,1,5,14,1.0,2.8,2,5,5,0,3,4,0.2,0.25,11,5,10,10,5,11,-8,-7,2,6,-4,7,6,1,1541,1545,-4,51000000,55000000,2,0,1,1
2024,1208115,10,Fecha inválida,Ipswich,Leicester,1,1,4,0,4,5,9,20,0,2,3,3,8,0.6,1.6,1,6,4,1,3,1,0.0,0.0,9,2,3,4,13,17,0,0,3,6,8,1.2,1.6,1,8,6,0,5,3,0.2,0.25,1,5,4,4,5,1,-5,-7,18,7,11,7,7,0,1557,1546,11,57000000,56000000,0,1,1,0
2024,1208119,10,Fecha inválida,Nottingham Forest,West Ham,3,0,16,4,4,1,11,7,0,0,9,6,4,1.2,0.8,3,5,2,2,3,1,0.25,0.6,11,3,2,4,13,16,0,1,4,5,9,1.0,1.8,1,7,6,1,3,3,0.4,0.25,4,1,4,4,1,4,5,7,6,9,-3,7,6,1,1565,1548,17,55000000,58000000,2,0,1,0
2024,1208122,10,Fecha inválida,Wolves,Crystal Palace,2,2,2,0,2,7,12,25,0,2,1,5,14,1.0,2.8,0,8,7,0,4,3,0.0,0.0,6,1,3,5,6,11,0,2,3,4,7,0.8,1.4,2,4,3,1,3,2,0.2,0.0,5,3,10,10,3,5,-4,-8,20,13,7,7,6,1,1539,1552,-13,59000000,52000000,0,1,1,0
2024,1208121,10,Fecha inválida,Tottenham,Aston Villa,4,1,13,4,1,4,18,10,0,0,7,9,5,1.8,1.0,2,5,6,1,3,3,0.75,0.2,18,5,3,1,16,11,1,0,12,10,7,2.0,1.4,1,7,6,0,4,4,0.4,0.75,19,2,5,5,2,19,-5,3,8,7,1,7,8,-1,1547,1566,-19,57000000,56000000,2,0,1,0
2024,1208117,10,Fecha inválida,Manchester United,Chelsea,1,1,11,3,2,4,8,11,1,0,7,5,5,1.0,1.0,4,3,6,3,1,3,0.5,0.2,17,5,2,2,19,11,0,1,10,11,5,2.2,1.0,2,6,5,2,2,2,0.4,0.75,11,15,12,12,15,11,-6,-11,14,10,4,7,7,0,1533,1549,-16,53000000,59000000,0,1,1,1
2024,1208114,10,Fecha inválida,Fulham,Brentford,2,1,12,3,3,3,12,12,0,1,8,7,5,1.4,1.0,1,7,4,0,4,2,0.5,0.2,13,4,1,4,18,18,1,0,6,7,9,1.4,1.8,0,8,7,0,4,4,0.8,0.0,6,5,9,9,5,6,-1,0,17,16,1,9,9,0,1536,1555,-19,56000000,55000000,0,1,0,1
2024,1208132,11,Fecha inválida,Wolves,Southampton,2,0,3,0,3,7,14,27,0,2,1,5,14,1.0,2.8,0,9,8,0,4,3,0.0,0.0,4,1,1,8,7,19,0,4,1,2,9,0.4,1.8,1,5,5,0,2,2,0.2,0.0,9,3,2,2,3,9,-1,-1,20,2,18,6,7,-1,1539,1541,-2,59000000,51000000,0,2,1,1
2024,1208131,11,Fecha inválida,West Ham,Everton,0,0,11,3,2,5,13,19,0,1,4,5,9,1.0,1.8,1,7,7,1,3,3,0.4,0.2,9,2,3,5,10,17,0,4,1,5,14,1.0,2.8,2,5,5,0,3,4,0.2,0.2,9,8,14,14,8,9,2,1,9,6,3,7,7,0,1548,1545,3,58000000,55000000,0,0,0,1
2024,1208126,11,Fecha inválida,Crystal Palace,Fulham,0,2,7,1,4,5,8,13,0,2,3,4,7,0.8,1.4,2,5,4,1,3,2,0.2,0.0,15,4,3,3,14,13,0,1,8,7,5,1.4,1.0,1,8,5,0,4,2,0.6,0.2,3,6,3,3,6,3,-8,-6,13,17,-4,6,4,2,1552,1536,16,52000000,56000000,1,0,0,0
2024,1208123,11,Fecha inválida,Brentford,Bournemouth,3,2,13,4,1,5,19,20,1,0,6,7,9,1.4,1.8,0,9,8,0,4,4,0.8,0.0,15,4,3,3,13,12,0,0,5,5,8,1.0,1.6,1,6,4,0,3,2,0.6,0.2,8,6,3,3,6,8,-2,-2,16,16,0,4,7,-3,1555,1535,20,55000000,55000000,1,2,1,1
2024,1208124,11,Fecha inválida,Brighton,Manchester City,2,1,16,4,4,2,17,14,2,0,9,8,4,1.6,0.8,3,7,7,2,3,3,0.4,0.4,23,7,2,1,21,11,4,0,13,13,5,2.6,1.0,2,8,7,1,4,4,0.8,0.6,2,2,13,13,2,2,-7,-7,12,11,1,7,7,0,1551,1550,1,51000000,50000000,0,2,1,0
2024,1208127,11,Fecha inválida,Liverpool,Aston Villa,2,0,25,8,1,1,19,6,3,0,12,10,1,2.0,0.2,5,4,6,4,0,2,0.8,0.8,18,5,3,2,17,15,1,0,12,10,7,2.0,1.4,1,8,7,0,4,4,0.4,0.6,16,5,5,5,5,16,7,11,1,7,-6,7,6,1,1540,1566,-26,50000000,56000000,1,0,0,0
2024,1208128,11,Fecha inválida,Manchester United,Leicester,3,0,12,3,3,4,9,12,1,0,7,5,5,1.0,1.0,4,4,6,3,1,3,0.4,0.2,10,2,4,4,14,18,0,0,3,6,8,1.2,1.6,1,9,6,0,5,3,0.2,0.2,13,6,4,4,6,13,2,1,14,7,7,6,7,-1,1533,1546,-13,53000000,56000000,0,1,1,0
2024,1208130,11,Fecha inválida,Tottenham,Ipswich,1,2,16,5,1,4,22,11,0,0,7,9,5,1.8,1.0,2,6,7,1,3,3,0.8,0.2,5,0,5,5,10,21,0,2,3,3,8,0.6,1.6,1,7,4,1,3,1,0.0,0.0,1,1,1,1,1,1,11,22,8,18,-10,7,7,0,1547,1557,-10,57000000,57000000,2,0,1,1
2024,1208129,11,Fecha inválida,Nottingham Forest,Newcastle,1,3,19,5,4,1,14,7,0,0,9,6,4,1.2,0.8,4,5,3,2,3,1,0.4,0.6,15,4,3,3,10,10,1,0,10,7,6,1.4,1.2,3,6,4,1,4,3,0.6,0.2,4,1,7,7,1,4,4,7,6,15,-9,7,8,-1,1565,1534,31,55000000,54000000,2,1,1,0
2024,1208125,11,Fecha inválida,Chelsea,Arsenal,1,1,18,5,3,2,20,12,0,1,10,11,5,2.2,1.0,2,7,5,2,2,2,0.4,0.6,18,5,3,2,17,11,2,0,11,8,3,1.6,0.6,3,5,4,3,2,1,0.6,0.4,14,10,17,17,10,14,0,2,10,3,7,7,8,-1,1549,1542,7,59000000,52000000,1,0,1,0
2024,1208139,12,Fecha inválida,Leicester,Chelsea,1,2,9,2,3,5,13,20,0,2,2,7,11,1.4,2.2,1,8,7,0,5,4,0.25,0.17,19,5,4,1,21,11,1,0,13,15,5,3.0,1.0,2,8,5,2,3,3,0.4,0.6,4,7,15,15,7,4,-10,-17,7,10,-3,12,12,0,1546,1549,-3,56000000,59000000,1,1,0,1
2024,1208133,12,Fecha inválida,Bournemouth,Brighton,1,2,14,4,2,4,14,14,0,0,7,7,8,1.4,1.6,1,6,5,0,3,3,0.6,0.2,16,4,4,2,16,15,1,0,6,7,8,1.4,1.6,2,8,7,1,4,3,0.5,0.25,8,4,6,6,4,8,-2,-1,16,12,4,14,13,1,1535,1551,-16,55000000,51000000,2,0,1,1
2024,1208137,12,Fecha inválida,Fulham,Wolves,1,4,18,5,3,2,16,12,1,0,11,8,4,1.6,0.8,2,8,5,1,4,2,0.6,0.4,6,1,3,6,16,25,0,1,1,6,14,1.2,2.8,1,9,8,0,5,4,0.17,0.0,5,7,12,12,7,5,12,13,17,20,-3,14,14,0,1536,1539,-3,56000000,59000000,0,0,0,1
2024,1208134,12,Fecha inválida,Arsenal,Nottingham Forest,3,0,16,4,4,2,16,12,1,0,11,10,5,2.0,1.0,2,6,4,2,3,2,0.5,0.33,18,5,3,2,14,9,1,0,8,5,4,1.0,0.8,4,5,4,2,2,1,0.4,0.6,6,1,3,3,1,6,-2,-1,3,6,-3,12,13,-1,1542,1565,-23,52000000,55000000,0,2,0,1
2024,1208136,12,Fecha inválida,Everton,Brentford,0,0,10,2,4,4,10,14,0,3,4,7,12,1.4,2.4,3,5,4,0,4,4,0.25,0.17,13,4,1,5,20,21,0,1,4,6,9,1.2,1.8,0,9,8,0,4,3,0.8,0.0,4,3,2,2,3,4,-3,-3,6,16,-10,14,14,0,1545,1555,-10,55000000,55000000,0,1,1,1
2024,1208135,12,Fecha inválida,Aston Villa,Crystal Palace,2,2,15,4,3,3,15,16,0,1,10,10,8,2.0,1.6,1,7,6,0,4,4,0.4,0.4,7,1,4,5,7,13,0,1,3,4,7,0.8,1.4,2,4,3,1,3,2,0.17,0.0,7,4,8,8,4,7,8,5,7,13,-6,13,14,-1,1566,1552,14,56000000,52000000,0,1,0,0
2024,1208140,12,Fecha inválida,Manchester City,Tottenham,0,4,20,6,2,2,20,13,3,0,11,12,6,2.4,1.2,1,9,8,0,5,4,0.8,0.4,15,5,0,5,22,12,1,0,9,11,4,2.2,0.8,2,6,8,2,2,4,0.67,0.25,19,5,12,12,5,19,5,-3,11,8,3,14,13,1,1550,1547,3,50000000,57000000,2,2,0,1
2024,1208142,12,Fecha inválida,Southampton,Liverpool,2,3,4,1,1,8,7,20,0,3,1,3,11,0.6,2.2,1,5,5,0,3,3,0.2,0.0,25,8,1,1,19,6,2,0,12,10,2,2.0,0.4,5,4,6,3,1,3,0.83,0.75,6,5,18,18,5,6,-21,-26,2,1,1,14,14,0,1541,1540,1,51000000,50000000,2,1,1,0
2024,1208138,12,Fecha inválida,Ipswich,Manchester United,1,1,8,1,5,4,12,20,0,1,4,5,8,1.0,1.6,1,8,5,1,4,2,0.0,0.17,12,3,3,4,11,12,0,2,4,4,8,0.8,1.6,4,4,7,2,1,4,0.4,0.2,0,2,1,1,2,0,-4,-7,18,14,4,14,14,0,1557,1533,24,57000000,53000000,0,0,1,1
2024,1208141,12,Fecha inválida,Newcastle,West Ham,0,2,15,4,3,3,12,11,0,0,8,7,7,1.4,1.4,2,7,5,0,5,3,0.5,0.33,12,3,3,4,12,17,1,0,5,5,8,1.0,1.6,2,6,6,1,3,2,0.4,0.2,13,7,7,7,7,13,3,6,15,9,6,15,16,-1,1534,1548,-14,54000000,58000000,1,0,0,0
2024,1208144,13,Fecha inválida,Brighton,Southampton,1,1,16,4,4,2,16,15,0,0,6,8,9,1.6,1.8,2,8,7,1,4,3,0.4,0.4,4,1,1,8,9,22,0,2,1,4,13,0.8,2.6,1,6,6,0,4,4,0.2,0.0,4,8,5,5,8,4,12,14,12,2,10,6,5,1,1551,1541,10,51000000,51000000,0,2,1,1
2024,1208152,13,Fecha inválida,Wolves,Bournemouth,2,4,9,2,3,5,18,20,0,0,1,7,13,1.4,2.6,1,9,8,0,5,4,0.2,0.2,13,4,1,5,14,15,1,0,6,6,8,1.2,1.6,1,6,6,0,2,3,0.6,0.2,4,3,5,5,3,4,-4,-1,20,16,4,7,7,0,1539,1535,4,59000000,55000000,0,2,1,1
2024,1208146,13,Fecha inválida,Crystal Palace,Newcastle,1,1,8,1,5,4,9,13,0,0,3,4,6,0.8,1.2,2,5,4,1,3,2,0.2,0.0,14,4,2,4,11,12,2,0,8,6,6,1.2,1.2,2,6,5,1,4,3,0.4,0.4,5,9,10,10,9,5,-6,-3,13,15,-2,7,4,3,1552,1534,18,52000000,54000000,1,1,0,0
2024,1208143,13,Fecha inválida,Brentford,Leicester,4,1,14,4,2,4,20,19,1,0,7,11,10,2.2,2.0,1,9,8,0,5,4,0.8,0.0,9,2,3,5,13,20,0,1,5,7,9,1.4,1.8,1,8,7,1,4,3,0.2,0.2,1,3,4,4,3,1,5,8,16,7,9,7,7,0,1555,1546,9,55000000,56000000,1,1,1,0
2024,1208149,13,Fecha inválida,Nottingham Forest,Ipswich,1,0,15,4,3,3,13,12,0,0,6,5,5,1.0,1.0,3,5,5,1,3,1,0.4,0.4,9,1,6,3,12,17,0,0,4,5,8,1.0,1.6,1,8,4,1,4,2,0.0,0.2,8,6,4,4,6,8,6,6,6,18,-12,7,5,2,1565,1557,8,55000000,57000000,2,0,1,1
2024,1208151,13,Fecha inválida,West Ham,Arsenal,2,5,12,3,3,4,12,17,0,1,5,7,9,1.4,1.8,2,6,6,0,4,3,0.4,0.2,16,4,4,2,17,12,0,0,11,11,6,2.2,1.2,2,6,5,1,4,3,0.6,0.2,4,5,21,21,5,4,-4,-10,9,3,6,4,7,-3,1548,1542,6,58000000,52000000,0,0,0,0
2024,1208148,13,Fecha inválida,Manchester United,Everton,4,0,13,3,4,3,11,11,0,1,5,3,6,0.6,1.2,4,4,6,3,0,3,0.4,0.2,11,2,5,3,10,10,0,2,5,7,8,1.4,1.6,4,5,3,1,4,3,0.2,0.2,19,9,6,6,9,19,2,0,14,6,8,6,7,-1,1533,1545,-12,53000000,55000000,0,0,1,1
2024,1208150,13,Fecha inválida,Tottenham,Fulham,1,1,15,5,0,5,22,12,0,2,6,9,7,1.8,1.4,2,6,8,1,3,4,0.6,0.4,15,4,3,3,15,15,0,0,8,8,6,1.6,1.2,2,8,5,1,4,2,0.4,0.4,14,3,3,3,3,14,0,10,8,17,-9,7,7,0,1547,1536,11,57000000,56000000,2,0,1,0
2024,1208145,13,Fecha inválida,Chelsea,Aston Villa,3,0,19,5,4,1,17,10,0,0,11,10,4,2.0,0.8,2,8,5,2,3,2,0.4,0.6,16,4,4,2,17,16,3,0,11,10,6,2.0,1.2,1,8,7,1,4,4,0.4,0.4,16,6,7,7,6,16,3,6,10,7,3,8,7,1,1549,1566,-17,59000000,56000000,1,0,1,0
2024,1208147,13,Fecha inválida,Liverpool,Manchester City,2,0,25,8,1,1,20,8,1,0,12,9,2,1.8,0.4,4,5,7,3,1,3,0.8,0.8,17,5,2,3,16,16,2,0,11,11,7,2.2,1.4,1,8,8,0,5,4,0.6,0.4,16,12,12,12,12,16,8,12,1,11,-10,7,7,0,1540,1550,-10,50000000,50000000,1,2,0,0
2024,1208158,14,Fecha inválida,Ipswich,Crystal Palace,0,1,8,1,5,4,11,17,0,0,3,4,9,0.8,1.8,1,7,4,1,3,2,0.0,0.17,8,1,5,4,9,13,0,0,2,3,6,0.6,1.2,2,5,4,1,2,2,0.17,0.0,1,2,6,6,2,1,0,-2,18,13,5,3,3,0,1557,1552,5,57000000,52000000,0,1,1,0
2024,1208159,14,Fecha inválida,Leicester,West Ham,3,1,9,2,3,5,13,22,0,0,8,9,9,1.8,1.8,1,8,7,1,4,3,0.25,0.17,12,3,3,4,13,19,0,0,5,7,10,1.4,2.0,2,6,6,0,4,3,0.4,0.2,10,6,7,7,6,10,-3,-3,7,9,-2,3,3,0,1546,1548,-2,56000000,58000000,1,0,0,0
2024,1208161,14,Fecha inválida,Newcastle,Liverpool,3,3,12,3,3,4,10,12,1,0,5,4,6,0.8,1.2,2,6,4,1,3,2,0.25,0.33,25,8,1,1,19,8,0,1,12,8,3,1.6,0.6,4,5,6,2,2,3,0.83,0.75,4,8,16,16,8,4,-13,-13,15,1,14,4,3,1,1534,1540,-6,54000000,50000000,1,1,0,0
2024,1208162,14,Fecha inválida,Southampton,Chelsea,1,5,5,1,2,7,9,20,0,1,1,5,13,1.0,2.6,1,6,5,0,4,4,0.2,0.0,21,6,3,1,19,9,3,0,10,10,5,2.0,1.0,3,7,6,2,3,3,0.6,0.6,5,7,15,15,7,5,-16,-21,2,10,-8,4,3,1,1541,1549,-8,51000000,59000000,2,1,1,1
2024,1208156,14,Fecha inválida,Everton,Wolves,4,0,11,2,5,3,8,11,0,1,8,7,5,1.4,1.0,4,4,3,2,3,2,0.25,0.17,8,2,2,6,19,23,0,5,0,7,14,1.4,2.8,1,9,9,0,5,5,0.17,0.25,6,5,7,7,5,6,3,1,6,20,-14,3,4,-1,1545,1539,6,55000000,59000000,0,0,1,1
2024,1208160,14,Fecha inválida,Manchester City,Nottingham Forest,3,0,14,4,2,4,13,17,1,0,11,10,7,2.0,1.4,1,7,7,0,5,4,0.6,0.2,17,5,2,3,13,11,1,0,8,5,4,1.0,0.8,4,4,5,2,2,1,0.6,0.4,4,2,0,0,2,4,-3,-6,11,6,5,3,4,-1,1550,1565,-15,50000000,55000000,2,2,0,1
2024,1208154,14,Fecha inválida,Arsenal,Manchester United,2,0,18,5,3,2,21,13,1,0,10,10,7,2.0,1.4,2,6,6,1,3,3,0.75,0.33,16,4,4,2,15,8,1,0,8,5,4,1.0,0.8,5,4,6,3,1,3,0.6,0.2,12,8,15,15,8,12,2,1,3,14,-11,4,3,1,1542,1533,9,52000000,53000000,0,0,0,1
2024,1208155,14,Fecha inválida,Aston Villa,Brentford,3,1,13,3,4,3,15,18,2,0,11,11,6,2.2,1.2,1,7,7,1,4,4,0.4,0.2,14,4,2,4,21,19,0,2,4,9,11,1.8,2.2,1,9,8,0,5,4,0.8,0.0,3,8,4,4,8,3,-1,-5,7,16,-9,3,4,-1,1566,1555,11,56000000,55000000,0,1,0,1
2024,1208157,14,Fecha inválida,Fulham,Brighton,3,1,15,4,3,3,15,15,0,0,7,8,8,1.6,1.6,2,8,5,1,4,3,0.4,0.4,16,4,4,2,16,15,0,0,8,8,8,1.6,1.6,2,8,7,2,3,3,0.33,0.5,6,5,5,5,5,6,-1,-1,17,12,5,4,5,-1,1536,1551,-15,56000000,51000000,0,0,0,1
2024,1208153,14,Fecha inválida,Bournemouth,Tottenham,1,0,13,4,1,5,15,15,0,2,6,5,6,1.0,1.2,1,6,6,1,1,2,0.6,0.2,16,5,1,4,22,11,0,1,9,12,6,2.4,1.2,2,6,7,1,3,4,0.5,0.5,3,3,10,10,3,3,-3,-11,16,8,8,5,4,1,1535,1547,-12,55000000,57000000,2,2,1,1
2024,1208166,15,Fecha inválida,Everton,Liverpool,0,0,14,3,5,2,10,8,0,0,9,6,3,1.2,0.6,5,3,3,2,3,1,0.4,0.2,26,8,2,0,22,10,4,0,13,10,4,2.0,0.8,4,6,7,2,3,4,1.0,0.6,3,15,15,15,15,3,-12,-10,6,1,5,2,2,0,1545,1540,5,55000000,50000000,0,1,1,0
2024,1208165,15,Fecha inválida,Crystal Palace,Manchester City,2,2,10,2,4,4,8,11,0,0,4,2,4,0.4,0.8,3,4,3,2,1,1,0.2,0.2,14,4,2,4,14,16,0,0,11,9,6,1.8,1.2,2,6,7,1,4,3,0.6,0.2,3,6,17,17,6,3,-4,-1,13,11,2,3,2,1,1552,1550,2,52000000,50000000,1,2,0,0
2024,1208164,15,Fecha inválida,Brentford,Newcastle,4,2,14,4,2,4,21,20,0,1,7,12,12,2.4,2.4,1,9,8,0,5,4,0.8,0.0,10,2,4,4,11,14,0,1,2,3,7,0.6,1.4,2,6,4,1,3,2,0.2,0.2,2,2,8,8,2,2,4,4,16,15,1,2,2,0,1555,1534,21,55000000,54000000,1,1,1,0
2024,1208163,15,Fecha inválida,Aston Villa,Southampton,1,0,13,3,4,3,15,17,1,0,9,9,5,1.8,1.0,1,7,7,1,4,3,0.4,0.2,5,1,2,7,10,22,0,0,1,5,11,1.0,2.2,1,7,5,0,4,3,0.2,0.0,6,4,9,9,4,6,8,10,7,2,5,2,2,0,1566,1541,25,56000000,51000000,0,2,0,1
2024,1208170,15,Fecha inválida,Manchester United,Nottingham Forest,2,3,13,3,4,3,12,10,0,0,5,3,6,0.6,1.2,4,4,5,2,2,3,0.6,0.0,14,4,2,4,12,14,0,0,8,7,5,1.4,1.0,3,4,6,1,3,2,0.6,0.2,6,1,2,2,1,6,-1,4,14,6,8,2,2,0,1533,1565,-32,53000000,55000000,0,2,1,1
2024,1208167,15,Fecha inválida,Fulham,Arsenal,1,1,17,5,2,3,17,15,2,0,7,8,8,1.6,1.6,2,8,6,1,4,3,0.6,0.4,18,5,3,2,22,13,0,0,8,11,9,2.2,1.8,2,6,6,0,4,4,0.8,0.2,2,6,9,9,6,2,-1,-7,17,3,14,2,3,-1,1536,1542,-6,56000000,52000000,0,0,0,0
2024,1208169,15,Fecha inválida,Leicester,Brighton,2,2,11,3,2,5,14,21,0,0,7,8,10,1.6,2.0,1,8,7,1,4,3,0.4,0.2,15,4,3,3,17,18,0,0,8,10,10,2.0,2.0,1,9,8,1,4,4,0.4,0.4,10,7,5,5,7,10,-4,-6,7,12,-5,4,2,2,1546,1551,-5,56000000,51000000,1,0,0,1
2024,1208168,15,Fecha inválida,Ipswich,Bournemouth,1,2,7,1,4,5,11,18,0,0,2,7,13,1.4,2.6,0,7,4,0,4,3,0.0,0.2,16,5,1,4,16,14,0,1,7,6,6,1.2,1.2,2,6,6,1,2,2,0.8,0.2,0,5,1,1,5,0,-9,-9,18,16,2,4,2,2,1557,1535,22,57000000,55000000,0,2,1,1
2024,1208171,15,Fecha inválida,Tottenham,Chelsea,3,4,16,5,1,4,22,11,2,0,9,12,6,2.4,1.2,2,6,7,1,3,4,0.6,0.4,21,6,3,1,23,10,2,0,10,11,6,2.2,1.2,2,8,7,1,4,4,0.6,0.6,7,11,21,21,11,7,-5,-2,8,10,-2,2,3,-1,1547,1549,-2,57000000,59000000,2,1,1,1
2024,1208172,15,Fecha inválida,West Ham,Wolves,2,1,11,3,2,5,13,21,0,1,7,8,10,1.6,2.0,2,6,7,0,4,4,0.4,0.2,8,2,2,6,18,25,0,4,1,8,14,1.6,2.8,1,8,9,0,5,5,0.2,0.2,9,2,7,7,2,9,3,-1,9,20,-11,5,5,0,1548,1539,9,58000000,59000000,0,0,0,1
2024,1208179,16,Fecha inválida,Newcastle,Leicester,4,0,10,2,4,4,12,15,0,0,5,3,4,0.6,0.8,2,6,4,2,2,1,0.2,0.2,11,3,2,5,15,22,0,1,7,8,10,1.6,2.0,1,8,8,1,4,3,0.4,0.2,8,2,11,11,2,8,-1,4,15,7,8,7,6,1,1534,1546,-12,54000000,56000000,1,1,0,0
2024,1208182,16,Fecha inválida,Wolves,Ipswich,1,2,8,2,2,6,18,24,0,3,2,9,13,1.8,2.6,1,8,9,0,5,5,0.2,0.2,6,1,3,6,11,19,0,0,2,7,13,1.4,2.6,0,7,5,0,4,3,0.0,0.25,3,6,4,4,6,3,2,2,20,18,2,4,6,-2,1539,1557,-18,59000000,57000000,0,0,1,1
2024,1208177,16,Fecha inválida,Liverpool,Fulham,2,2,24,7,3,0,19,10,3,0,13,9,5,1.8,1.0,4,6,6,1,4,4,1.0,0.5,15,4,3,3,15,15,1,0,7,7,8,1.4,1.6,2,8,5,1,4,3,0.4,0.4,12,5,3,3,5,12,9,9,1,17,-16,7,6,1,1540,1536,4,50000000,56000000,1,0,0,0
2024,1208174,16,Fecha inválida,Arsenal,Everton,0,0,18,5,3,2,21,12,2,0,7,9,8,1.8,1.6,2,6,5,0,3,3,0.8,0.2,14,3,5,2,9,7,1,0,8,5,3,1.0,0.6,6,2,3,2,2,1,0.33,0.25,18,7,7,7,7,18,4,7,3,6,-3,6,7,-1,1542,1545,-3,52000000,55000000,0,0,0,1
2024,1208180,16,Fecha inválida,Nottingham Forest,Aston Villa,2,1,16,5,1,4,13,14,0,1,10,8,3,1.6,0.6,3,4,6,2,2,2,0.6,0.4,13,3,4,3,13,16,0,0,6,7,8,1.4,1.6,2,6,6,1,4,3,0.4,0.2,3,5,5,5,5,3,3,2,6,7,-1,7,7,0,1565,1566,-1,55000000,56000000,2,0,1,0
2024,1208175,16,Fecha inválida,Brighton,Crystal Palace,1,3,15,4,3,3,17,18,0,1,7,9,10,1.8,2.0,1,9,8,1,4,4,0.5,0.33,10,2,4,4,10,13,0,3,4,4,6,0.8,1.2,2,5,4,1,2,2,0.2,0.2,6,10,7,7,10,6,5,2,12,13,-1,7,7,0,1551,1552,-1,51000000,52000000,0,1,1,0
2024,1208178,16,Fecha inválida,Manchester City,Manchester United,1,2,14,4,2,4,14,16,0,0,10,8,6,1.6,1.2,2,6,7,1,4,3,0.75,0.17,12,3,3,4,14,13,0,1,5,4,7,0.8,1.4,3,5,6,1,3,3,0.5,0.0,19,6,14,14,6,19,2,-3,11,14,-3,8,7,1,1550,1533,17,50000000,53000000,2,0,0,1
2024,1208181,16,Fecha inválida,Southampton,Tottenham,0,5,4,1,1,8,9,22,0,4,3,5,10,1.0,2.0,1,6,5,1,3,3,0.25,0.0,13,4,1,5,22,14,1,0,9,13,6,2.6,1.2,2,6,7,1,3,4,0.4,0.4,4,6,16,16,6,4,-9,-21,2,8,-6,8,7,1,1541,1547,-6,51000000,57000000,2,2,1,1
2024,1208176,16,Fecha inválida,Chelsea,Brentford,2,1,21,6,3,1,24,13,1,0,8,9,7,1.8,1.4,1,9,7,0,5,3,0.6,0.6,17,5,2,3,24,19,0,0,7,12,11,2.4,2.2,1,9,8,0,5,4,0.83,0.0,5,4,3,3,4,5,4,6,10,16,-6,7,8,-1,1549,1555,-6,59000000,55000000,1,1,1,1
2024,1208173,16,Fecha inválida,Bournemouth,West Ham,1,1,19,6,1,3,18,12,1,0,10,8,4,1.6,0.8,2,7,6,1,3,2,0.8,0.4,14,4,2,4,15,19,0,0,7,8,10,1.6,2.0,2,7,7,0,4,4,0.6,0.2,5,7,6,6,7,5,5,10,16,9,7,8,7,1,1535,1548,-13,55000000,58000000,2,0,1,0
2024,1208183,17,Fecha inválida,Aston Villa,Manchester City,2,1,12,3,3,4,12,16,0,0,5,5,8,1.0,1.6,2,6,6,1,3,2,0.4,0.2,13,4,1,5,14,17,3,0,9,8,7,1.6,1.4,2,6,8,1,4,4,0.6,0.2,5,3,19,19,3,5,-1,-1,7,11,-4,6,5,1,1566,1550,16,56000000,50000000,0,2,0,0
2024,1208192,17,Fecha inválida,West Ham,Brighton,1,1,14,4,2,4,15,19,1,0,7,7,9,1.4,1.8,2,7,7,1,3,4,0.6,0.2,15,4,3,3,16,17,2,0,10,9,7,1.8,1.4,1,9,8,1,4,4,0.4,0.4,3,9,6,6,9,3,-1,-3,9,12,-3,4,6,-2,1548,1551,-3,58000000,51000000,0,0,0,1
2024,1208184,17,Fecha inválida,Brentford,Nottingham Forest,0,2,16,5,1,4,24,20,1,0,9,14,12,2.8,2.4,1,9,9,0,5,5,1.0,0.0,19,6,1,3,15,14,0,0,10,9,5,1.8,1.0,3,5,7,2,3,3,0.8,0.4,10,5,5,5,5,10,-3,3,16,6,10,5,6,-1,1555,1565,-10,55000000,55000000,1,2,1,1
2024,1208188,17,Fecha inválida,Ipswich,Newcastle,0,4,8,2,2,6,11,18,0,3,4,7,12,1.4,2.4,0,7,5,0,4,3,0.0,0.4,12,3,3,4,15,14,0,0,7,5,4,1.0,0.8,3,5,5,2,2,2,0.4,0.2,1,1,2,2,1,1,-4,-8,18,15,3,7,7,0,1557,1534,23,57000000,54000000,0,1,1,0
2024,1208185,17,Fecha inválida,Crystal Palace,Arsenal,1,5,13,3,4,3,12,12,0,2,4,3,6,0.6,1.2,2,5,4,1,1,1,0.2,0.4,16,4,4,2,17,10,1,0,5,6,7,1.2,1.4,3,5,4,0,3,2,0.6,0.2,3,7,15,15,7,3,-3,-7,13,3,10,6,7,-1,1552,1542,10,52000000,52000000,1,0,0,0
2024,1208190,17,Fecha inválida,Manchester United,Bournemouth,0,3,15,4,3,3,16,11,0,0,8,7,4,1.4,0.8,3,6,6,2,3,3,0.6,0.2,17,5,2,3,16,12,0,1,7,7,6,1.4,1.2,2,7,5,1,3,2,0.6,0.4,9,3,4,4,3,9,-2,1,14,16,-2,6,5,1,1533,1535,-2,53000000,55000000,0,2,1,1
2024,1208187,17,Fecha inválida,Fulham,Southampton,0,0,13,3,4,3,16,17,0,2,7,8,8,1.6,1.6,1,9,6,1,4,3,0.4,0.2,4,1,1,8,8,24,0,3,3,4,9,0.8,1.8,1,5,5,1,2,2,0.2,0.0,3,5,6,6,5,3,9,15,17,2,15,7,6,1,1536,1541,-5,56000000,51000000,0,2,0,1
2024,1208186,17,Fecha inválida,Everton,Chelsea,0,0,12,2,6,2,7,6,0,0,6,3,2,0.6,0.4,7,1,2,3,1,0,0.2,0.2,21,6,3,1,22,12,0,0,6,6,6,1.2,1.2,1,9,7,0,5,2,0.6,0.6,9,8,15,15,8,9,-9,-9,6,10,-4,7,6,1,1545,1549,-4,55000000,59000000,0,1,1,1
2024,1208189,17,Fecha inválida,Leicester,Wolves,0,3,11,3,2,5,13,22,2,0,7,6,9,1.2,1.8,1,7,8,1,3,3,0.4,0.2,8,2,2,6,18,24,0,2,5,10,11,2.0,2.2,1,8,9,1,4,4,0.2,0.2,7,4,4,4,4,7,3,-3,7,20,-13,7,7,0,1546,1539,7,56000000,59000000,1,0,0,1
2024,1208191,17,Fecha inválida,Tottenham,Liverpool,3,6,13,4,1,5,24,14,0,1,6,11,8,2.2,1.6,2,6,7,0,4,4,0.4,0.4,22,6,4,0,19,11,2,0,13,9,4,1.8,0.8,4,6,6,2,3,3,0.8,0.4,7,9,18,18,9,7,-9,2,8,1,7,6,8,-2,1547,1540,7,57000000,50000000,2,1,1,0
2024,1208198,18,Fecha inválida,Manchester City,Everton,1,1,10,3,1,6,12,17,2,0,6,5,9,1.0,1.8,2,6,8,1,3,4,0.5,0.17,12,2,6,2,7,6,1,0,6,3,2,0.6,0.4,7,1,2,3,1,0,0.2,0.2,19,8,6,6,8,19,-2,-6,11,6,5,5,3,2,1550,1545,5,50000000,55000000,2,0,0,1
2024,1208199,18,Fecha inválida,Newcastle,Aston Villa,3,0,14,4,2,4,19,14,0,2,6,5,6,1.0,1.2,3,5,6,1,2,2,0.4,0.4,14,4,2,4,14,17,1,0,5,7,10,1.4,2.0,1,7,7,0,4,3,0.6,0.2,12,10,5,5,10,12,0,8,15,7,8,5,5,0,1534,1566,-32,54000000,56000000,1,0,0,0
2024,1208193,18,Fecha inválida,Bournemouth,Crystal Palace,0,0,20,6,2,2,19,11,1,0,7,8,7,1.6,1.4,3,7,6,1,4,3,0.6,0.6,13,3,4,3,13,16,0,1,5,5,7,1.0,1.4,2,6,5,1,2,2,0.2,0.4,5,6,6,6,6,5,7,11,16,13,3,4,4,0,1535,1552,-17,55000000,52000000,2,1,1,0
2024,1208201,18,Fecha inválida,Southampton,West Ham,0,1,5,1,2,7,7,21,0,2,3,5,9,1.0,1.8,2,4,4,1,2,2,0.2,0.0,12,3,3,4,12,19,0,1,7,5,8,1.0,1.6,2,7,6,2,2,3,0.4,0.2,7,8,12,12,8,7,-7,-7,2,9,-7,4,5,-1,1541,1548,-7,51000000,58000000,2,0,1,0
2024,1208196,18,Fecha inválida,Chelsea,Fulham,1,2,21,6,3,1,21,11,0,1,8,7,6,1.4,1.2,2,8,7,0,5,3,0.75,0.5,14,3,5,2,14,14,0,1,7,7,9,1.4,1.8,2,8,5,1,4,3,0.33,0.25,12,6,2,2,6,12,7,10,10,17,-7,4,4,0,1549,1536,13,59000000,56000000,1,0,1,0
2024,1208200,18,Fecha inválida,Nottingham Forest,Tottenham,1,0,21,7,0,3,16,13,3,0,9,8,7,1.6,1.4,4,4,7,2,2,4,0.8,0.6,13,4,1,5,25,17,1,0,9,13,5,2.6,1.0,2,6,7,1,3,4,0.33,0.5,2,1,5,5,1,2,8,-5,6,8,-2,5,3,2,1565,1547,18,55000000,57000000,2,2,1,1
2024,1208202,18,Fecha inválida,Wolves,Manchester United,2,0,11,3,2,5,18,19,0,1,8,11,7,2.2,1.4,2,7,9,1,4,4,0.2,0.4,14,4,2,4,16,14,1,0,8,8,5,1.6,1.0,2,6,7,1,4,3,0.5,0.25,5,5,11,11,5,5,-3,-3,20,14,6,4,4,0,1539,1533,6,59000000,53000000,0,0,1,1
2024,1208197,18,Fecha inválida,Liverpool,Leicester,3,1,22,6,4,0,24,14,1,0,13,11,6,2.2,1.2,3,7,7,1,4,4,0.8,0.4,8,2,2,6,12,25,1,0,4,6,11,1.2,2.2,0,7,9,0,4,4,0.2,0.2,16,3,5,5,3,16,14,23,1,7,-6,4,4,0,1540,1546,-6,50000000,56000000,1,1,0,0
2024,1208195,18,Fecha inválida,Brighton,Brentford,0,0,13,3,4,3,14,16,1,0,10,8,6,1.6,1.2,1,9,7,1,4,4,0.25,0.33,13,4,1,5,19,19,0,1,7,9,9,1.8,1.8,1,8,8,1,4,4,0.8,0.0,6,6,5,5,6,6,0,-2,12,16,-4,6,6,0,1551,1555,-4,51000000,55000000,0,1,1,1
2024,1208194,18,Fecha inválida,Arsenal,Ipswich,1,0,16,4,4,2,19,10,0,1,5,6,6,1.2,1.2,3,5,4,1,2,2,0.5,0.33,8,2,2,6,10,18,0,2,5,7,9,1.4,1.8,0,6,5,0,4,2,0.0,0.5,1,1,0,0,1,1,8,17,3,18,-15,6,6,0,1542,1557,-15,52000000,57000000,0,0,0,1
2024,1208209,19,Fecha inválida,Leicester,Manchester City,0,2,5,1,2,7,10,26,0,1,1,4,13,0.8,2.6,0,7,9,0,4,4,0.2,0.0,8,2,2,6,11,17,1,0,3,3,10,0.6,2.0,2,6,7,1,2,3,0.4,0.0,5,2,17,17,2,5,-3,-10,7,11,-4,2,3,-1,1546,1550,-4,56000000,50000000,1,2,0,0
2024,1208207,19,Fecha inválida,Fulham,Bournemouth,2,2,17,4,5,1,15,12,0,0,8,7,7,1.4,1.4,2,8,5,1,4,2,0.4,0.4,18,5,3,2,17,11,0,0,7,10,9,2.0,1.8,3,7,6,0,5,4,0.4,0.6,2,5,5,5,5,2,-1,-3,17,16,1,3,3,0,1536,1535,1,56000000,55000000,0,2,0,1
2024,1208206,19,Fecha inválida,Everton,Nottingham Forest,0,2,10,1,7,2,6,7,0,0,3,1,6,0.2,1.2,6,2,2,2,1,1,0.2,0.0,21,7,0,3,16,13,2,0,9,8,7,1.6,1.4,4,4,7,2,2,4,0.8,0.6,2,3,1,1,3,2,-11,-4,6,6,0,3,3,0,1545,1565,-20,55000000,55000000,0,2,1,1
2024,1208211,19,Fecha inválida,Tottenham,Wolves,2,2,10,3,1,6,21,17,0,1,7,10,5,2.0,1.0,2,5,6,1,3,3,0.2,0.4,14,4,2,4,19,17,0,0,8,12,9,2.4,1.8,3,6,8,1,4,4,0.4,0.4,8,5,6,6,5,8,-4,2,8,20,-12,3,2,1,1547,1539,8,57000000,59000000,2,0,1,1
2024,1208205,19,Fecha inválida,Crystal Palace,Southampton,2,1,14,3,5,2,13,15,1,0,6,6,7,1.2,1.4,3,6,5,1,3,2,0.2,0.4,5,1,2,7,5,19,0,1,4,4,7,0.8,1.4,2,3,3,1,2,1,0.2,0.0,11,4,14,14,4,11,9,12,13,2,11,3,3,0,1552,1541,11,52000000,51000000,1,2,0,1
2024,1208212,19,Fecha inválida,West Ham,Liverpool,0,5,15,4,3,3,12,15,1,0,7,6,9,1.2,1.8,3,6,5,2,2,3,0.4,0.4,22,6,4,0,25,14,0,0,13,11,5,2.2,1.0,3,7,7,2,3,3,0.8,0.4,6,6,20,20,6,6,-7,-14,9,1,8,3,2,1,1548,1540,8,58000000,50000000,0,1,0,0
2024,1208208,19,Fecha inválida,Ipswich,Chelsea,2,0,8,2,2,6,10,17,0,1,5,7,8,1.4,1.6,0,6,5,0,4,2,0.0,0.4,21,6,3,1,21,11,1,0,11,9,4,1.8,0.8,2,8,7,1,4,3,0.6,0.6,1,1,0,0,1,1,-13,-17,18,10,8,2,4,-2,1557,1549,8,57000000,59000000,0,1,1,1
2024,1208203,19,Fecha inválida,Aston Villa,Brighton,2,2,11,3,2,5,11,19,0,0,2,4,12,0.8,2.4,1,6,7,0,3,3,0.6,0.0,11,2,5,3,13,16,0,0,8,8,7,1.6,1.4,1,9,7,0,5,4,0.2,0.2,7,7,2,2,7,7,0,-5,7,12,-5,4,3,1,1566,1551,15,56000000,51000000,0,0,0,1
2024,1208210,19,Fecha inválida,Manchester United,Newcastle,0,2,11,3,2,5,14,15,0,1,8,10,4,2.0,0.8,2,5,6,2,3,3,0.4,0.2,17,5,2,3,22,13,0,1,7,6,6,1.2,1.2,4,5,7,1,3,2,0.6,0.4,16,7,8,8,7,16,-6,-10,14,15,-1,4,4,0,1533,1534,-1,53000000,54000000,0,1,1,0
2024,1208204,19,Fecha inválida,Brentford,Arsenal,1,3,14,4,2,4,18,17,1,0,10,12,8,2.4,1.6,2,7,7,1,4,4,0.8,0.0,19,5,4,1,20,8,0,0,8,11,6,2.2,1.2,4,5,4,1,3,3,0.6,0.4,1,2,7,7,2,1,-5,-11,16,3,13,4,4,0,1555,1542,13,55000000,52000000,1,0,1,0
2024,1208221,20,Fecha inválida,Tottenham,Newcastle,1,2,11,3,2,5,23,18,1,0,7,10,5,2.0,1.0,2,6,7,1,3,3,0.17,0.5,20,6,2,2,23,11,2,0,8,8,7,1.6,1.4,5,4,6,1,3,2,0.6,0.6,14,4,12,12,4,14,-9,-7,8,15,-7,5,4,1,1547,1534,13,57000000,54000000,2,1,1,0
2024,1208213,20,Fecha inválida,Bournemouth,Everton,1,0,18,5,3,2,18,12,1,0,9,10,8,2.0,1.6,3,7,7,1,4,4,0.4,0.6,9,1,6,3,5,8,0,1,5,4,5,0.8,1.0,6,1,2,3,0,2,0.2,0.0,9,2,7,7,2,9,9,9,16,6,10,6,6,0,1535,1545,-10,55000000,55000000,2,0,1,1
2024,1208220,20,Fecha inválida,Southampton,Brentford,0,5,5,1,2,7,6,20,1,0,4,5,11,1.0,2.2,2,4,4,1,3,2,0.2,0.0,11,3,2,5,15,17,0,1,7,9,8,1.8,1.6,2,7,7,1,4,4,0.6,0.0,1,0,6,6,0,1,-6,-12,2,16,-14,6,2,4,1541,1555,-14,51000000,55000000,2,1,1,1
2024,1208219,20,Fecha inválida,Manchester City,West Ham,4,1,8,2,2,6,12,17,0,4,3,5,10,1.0,2.0,2,6,7,1,2,4,0.25,0.17,12,3,3,4,10,19,0,1,4,5,11,1.0,2.2,3,5,5,2,2,3,0.2,0.4,26,4,3,3,4,26,-4,4,11,9,2,6,5,1,1550,1548,2,50000000,58000000,2,0,0,0
2024,1208216,20,Fecha inválida,Crystal Palace,Chelsea,1,1,14,3,5,2,14,16,0,0,6,6,7,1.2,1.4,2,7,6,1,3,2,0.2,0.4,18,5,3,2,19,12,0,0,11,12,4,2.4,0.8,2,7,6,1,4,3,0.5,0.5,4,2,19,19,2,4,-4,-9,13,10,3,6,4,2,1552,1549,3,52000000,59000000,1,1,0,1
2024,1208214,20,Fecha inválida,Aston Villa,Leicester,2,1,11,3,2,5,12,20,0,2,4,6,12,1.2,2.4,1,6,8,0,3,4,0.6,0.0,5,1,2,7,9,25,0,0,4,6,11,1.2,2.2,0,6,8,0,4,4,0.2,0.0,8,3,6,6,3,8,6,8,7,7,0,4,6,-2,1566,1546,20,56000000,56000000,0,1,0,0
2024,1208215,20,Fecha inválida,Brighton,Arsenal,1,1,11,2,5,3,13,16,0,1,7,7,8,1.4,1.6,1,9,7,0,5,4,0.25,0.17,21,6,3,1,21,7,0,1,10,11,4,2.2,0.8,4,5,4,2,2,2,0.75,0.5,6,5,8,8,5,6,-10,-17,12,3,9,4,3,1,1551,1542,9,51000000,52000000,0,0,1,0
2024,1208217,20,Fecha inválida,Fulham,Ipswich,2,2,17,4,5,1,16,13,2,0,10,9,7,1.8,1.4,2,8,6,1,4,3,0.33,0.5,11,3,2,5,9,13,0,0,5,4,5,0.8,1.0,1,5,4,0,3,1,0.17,0.5,6,3,3,3,3,6,6,7,17,18,-1,6,5,1,1536,1557,-21,56000000,57000000,0,0,0,1
2024,1208218,20,Fecha inválida,Liverpool,Manchester United,2,2,24,7,3,0,28,12,4,0,13,12,6,2.4,1.2,4,6,7,2,3,3,0.8,0.6,11,3,2,5,13,15,0,0,8,9,4,1.8,0.8,2,4,5,2,2,2,0.33,0.25,14,11,14,14,11,14,13,18,1,14,-13,6,5,1,1540,1533,7,50000000,53000000,1,0,0,1
2024,1208222,20,Fecha inválida,Wolves,Nottingham Forest,0,3,14,4,2,4,19,17,0,0,7,10,11,2.0,2.2,3,6,8,1,3,4,0.4,0.4,21,7,0,3,15,12,1,0,6,5,9,1.0,1.8,5,3,6,2,1,4,0.8,0.6,6,6,6,6,6,6,-7,-1,20,6,14,8,8,0,1539,1565,-26,59000000,55000000,0,2,1,1
2024,1208229,21,Fecha inválida,West Ham,Fulham,0,0,12,3,3,4,11,20,0,0,7,7,9,1.4,1.8,3,6,5,2,3,3,0.2,0.4,15,3,6,1,16,14,1,0,8,8,7,1.6,1.4,2,8,6,1,4,2,0.17,0.5,8,5,4,4,5,8,-3,-11,9,17,-8,10,9,1,1548,1536,12,58000000,56000000,0,0,0,0
2024,1208230,21,Fecha inválida,Chelsea,Bournemouth,0,0,18,5,3,2,19,12,0,0,13,15,6,3.0,1.2,2,7,6,1,4,4,0.5,0.5,18,5,3,2,17,11,0,2,9,10,8,2.0,1.6,4,6,6,1,4,4,0.4,0.6,12,4,4,4,4,12,0,1,10,16,-6,10,10,0,1549,1535,14,59000000,55000000,1,2,1,1
2024,1208224,21,Fecha inválida,Brentford,Manchester City,0,0,14,4,2,4,19,15,1,0,10,12,8,2.4,1.6,3,6,7,1,4,4,0.6,0.2,11,3,2,5,15,16,0,3,4,6,10,1.2,2.0,2,6,7,1,2,4,0.4,0.2,2,1,5,5,1,2,3,5,16,11,5,10,10,0,1555,1550,5,55000000,50000000,1,2,1,0
2024,1208228,21,Fecha inválida,Nottingham Forest,Liverpool,0,0,21,7,0,3,15,12,0,2,6,5,11,1.0,2.2,5,3,6,1,2,4,0.75,0.67,22,6,4,0,28,13,3,0,11,10,5,2.0,1.0,4,6,7,3,2,2,0.6,0.6,2,1,4,4,1,2,-1,-12,6,1,5,8,9,-1,1565,1540,25,55000000,50000000,2,1,1,0
2024,1208231,21,Fecha inválida,Newcastle,Wolves,0,0,20,6,2,2,24,12,1,0,5,9,11,1.8,2.2,4,5,7,0,4,3,0.5,0.67,13,4,1,5,17,18,2,0,6,9,11,1.8,2.2,3,5,8,1,3,4,0.4,0.4,8,10,4,4,10,8,7,13,15,20,-5,11,8,3,1534,1539,-5,54000000,59000000,1,0,0,1
2024,1208225,21,Fecha inválida,Everton,Aston Villa,0,0,9,1,6,3,5,8,0,0,6,4,4,0.8,0.8,6,1,2,4,0,2,0.2,0.0,14,4,2,4,13,17,0,1,7,6,8,1.2,1.6,1,6,8,1,2,3,0.67,0.0,7,8,10,10,8,7,-5,1,6,7,-1,11,11,0,1545,1566,-21,55000000,56000000,0,0,1,0
2024,1208227,21,Fecha inválida,Leicester,Crystal Palace,0,0,4,1,1,8,9,26,0,3,4,7,12,1.4,2.4,0,6,9,0,4,5,0.2,0.0,14,3,5,2,13,15,0,1,6,6,7,1.2,1.4,2,7,5,1,3,2,0.17,0.5,9,7,8,8,7,9,-10,-15,7,13,-6,11,11,0,1546,1552,-6,56000000,52000000,1,1,0,0
2024,1208223,21,Fecha inválida,Arsenal,Tottenham,0,0,22,6,4,0,22,7,0,0,11,12,4,2.4,0.8,4,6,4,2,3,2,0.75,0.5,8,2,2,6,20,19,0,1,4,9,8,1.8,1.6,2,6,7,1,3,3,0.0,0.5,14,9,11,11,9,14,14,14,3,8,-5,11,11,0,1542,1547,-5,52000000,57000000,0,2,0,1
2024,1208226,21,Fecha inválida,Ipswich,Brighton,0,0,11,3,2,5,10,14,1,0,4,4,6,0.8,1.2,1,5,5,0,3,2,0.2,0.4,12,2,6,2,13,15,2,0,8,8,8,1.6,1.6,1,9,6,0,5,4,0.2,0.2,5,5,4,4,5,5,-1,-2,18,12,6,11,12,-1,1557,1551,6,57000000,51000000,0,0,1,1
2024,1208232,21,Fecha inválida,Manchester United,Southampton,0,0,11,3,2,5,14,16,1,0,7,10,6,2.0,1.2,2,4,6,2,2,3,0.4,0.2,2,0,2,8,5,25,0,2,1,4,12,0.8,2.4,1,4,5,0,3,2,0.0,0.0,12,11,2,2,11,12,9,18,14,2,12,11,12,-1,1533,1541,-8,53000000,51000000,0,2,1,1
2024,1208240,22,Fecha inválida,Newcastle,Bournemouth,0,0,20,6,2,2,24,12,1,0,5,9,11,1.8,2.2,4,5,7,0,4,3,0.5,0.67,18,5,3,2,17,11,0,2,9,10,8,2.0,1.6,4,6,6,1,4,4,0.4,0.6,5,7,3,3,7,5,2,6,15,16,-1,14,13,1,1534,1535,-1,54000000,55000000,1,2,0,1
2024,1208238,22,Fecha inválida,Leicester,Fulham,0,0,4,1,1,8,9,26,0,3,4,7,12,1.4,2.4,0,6,9,0,4,5,0.2,0.0,15,3,6,1,16,14,1,0,8,8,7,1.6,1.4,2,8,6,1,4,2,0.17,0.5,3,2,4,4,2,3,-11,-19,7,17,-10,14,13,1,1546,1536,10,56000000,56000000,1,0,0,0
2024,1208242,22,Fecha inválida,West Ham,Crystal Palace,0,0,12,3,3,4,11,20,0,0,7,7,9,1.4,1.8,3,6,5,2,3,3,0.2,0.4,14,3,5,2,13,15,0,1,6,6,7,1.2,1.4,2,7,5,1,3,2,0.17,0.5,8,10,9,9,10,8,-2,-7,9,13,-4,14,14,0,1548,1552,-4,58000000,52000000,0,1,0,0
2024,1208234,22,Fecha inválida,Brentford,Liverpool,0,0,14,4,2,4,19,15,1,0,10,12,8,2.4,1.6,3,6,7,1,4,4,0.6,0.2,22,6,4,0,28,13,3,0,11,10,5,2.0,1.0,4,6,7,3,2,2,0.6,0.6,1,2,5,5,2,1,-8,-11,16,1,15,14,12,2,1555,1540,15,55000000,50000000,1,1,1,0
2024,1208233,22,Fecha inválida,Arsenal,Aston Villa,0,0,22,6,4,0,22,7,0,0,11,12,4,2.4,0.8,4,6,4,2,3,2,0.75,0.5,14,4,2,4,13,17,0,1,7,6,8,1.2,1.6,1,6,8,1,2,3,0.67,0.0,17,2,7,7,2,17,8,19,3,7,-4,14,14,0,1542,1566,-24,52000000,56000000,0,0,0,0
2024,1208239,22,Fecha inválida,Manchester United,Brighton,0,0,11,3,2,5,14,16,1,0,7,10,6,2.0,1.2,2,4,6,2,2,3,0.4,0.2,12,2,6,2,13,15,2,0,8,8,8,1.6,1.6,1,9,6,0,5,4,0.2,0.2,11,1,7,7,1,11,-1,0,14,12,2,13,14,-1,1533,1551,-18,53000000,51000000,0,0,1,1
2024,1208236,22,Fecha inválida,Everton,Tottenham,0,0,9,1,6,3,5,8,0,0,6,4,4,0.8,0.8,6,1,2,4,0,2,0.2,0.0,8,2,2,6,20,19,0,1,4,9,8,1.8,1.6,2,6,7,1,3,3,0.0,0.5,5,13,13,13,13,5,1,-4,6,8,-2,14,15,-1,1545,1547,-2,55000000,57000000,0,2,1,1
2024,1208241,22,Fecha inválida,Nottingham Forest,Southampton,0,0,21,7,0,3,15,12,0,2,6,5,11,1.0,2.2,5,3,6,1,2,4,0.75,0.67,2,0,2,8,5,25,0,2,1,4,12,0.8,2.4,1,4,5,0,3,2,0.0,0.0,3,1,2,2,1,3,19,23,6,2,4,12,14,-2,1565,1541,24,55000000,51000000,2,2,1,1
2024,1208237,22,Fecha inválida,Ipswich,Manchester City,0,0,11,3,2,5,10,14,1,0,4,4,6,0.8,1.2,1,5,5,0,3,2,0.2,0.4,11,3,2,5,15,16,0,3,4,6,10,1.2,2.0,2,6,7,1,2,4,0.4,0.2,0,1,1,1,1,0,0,-3,18,11,7,14,15,-1,1557,1550,7,57000000,50000000,0,2,1,0
2024,1208235,22,Fecha inválida,Chelsea,Wolves,0,0,18,5,3,2,19,12,0,0,13,15,6,3.0,1.2,2,7,6,1,4,4,0.5,0.5,13,4,1,5,17,18,2,0,6,9,11,1.8,2.2,3,5,8,1,3,4,0.4,0.4,9,5,6,6,5,9,5,8,10,20,-10,16,14,2,1549,1539,10,59000000,59000000,1,0,1,1
2024,1208243,23,Fecha inválida,Bournemouth,Nottingham Forest,0,0,18,5,3,2,17,11,0,2,9,10,8,2.0,1.6,4,6,6,1,4,4,0.4,0.6,21,7,0,3,15,12,0,2,6,5,11,1.0,2.2,5,3,6,1,2,4,0.75,0.67,6,6,2,2,6,6,-3,3,16,6,10,21,18,3,1535,1565,-30,55000000,55000000,2,2,1,1
2024,1208252,23,Fecha inválida,Wolves,Arsenal,0,0,13,4,1,5,17,18,2,0,6,9,11,1.8,2.2,3,5,8,1,3,4,0.4,0.4,22,6,4,0,22,7,0,0,11,12,4,2.4,0.8,4,6,4,2,3,2,0.75,0.5,3,4,11,11,4,3,-9,-16,20,3,17,18,20,-2,1539,1542,-3,59000000,52000000,0,0,1,0
2024,1208248,23,Fecha inválida,Liverpool,Ipswich,0,0,22,6,4,0,28,13,3,0,11,10,5,2.0,1.0,4,6,7,3,2,2,0.6,0.6,11,3,2,5,10,14,1,0,4,4,6,0.8,1.2,1,5,5,0,3,2,0.2,0.4,1,1,0,0,1,1,11,19,1,18,-17,19,20,-1,1540,1557,-17,50000000,57000000,1,0,0,1
2024,1208250,23,Fecha inválida,Southampton,Newcastle,0,0,2,0,2,8,5,25,0,2,1,4,12,0.8,2.4,1,4,5,0,3,2,0.0,0.0,20,6,2,2,24,12,1,0,5,9,11,1.8,2.2,4,5,7,0,4,3,0.5,0.67,6,6,12,12,6,6,-18,-32,2,15,-13,21,21,0,1541,1534,7,51000000,54000000,2,1,1,0
2024,1208245,23,Fecha inválida,Brighton,Everton,0,0,12,2,6,2,13,15,2,0,8,8,8,1.6,1.6,1,9,6,0,5,4,0.2,0.2,9,1,6,3,5,8,0,0,6,4,4,0.8,0.8,6,1,2,4,0,2,0.2,0.0,5,5,6,6,5,5,3,1,12,6,6,20,21,-1,1551,1545,6,51000000,55000000,0,0,1,1
2024,1208249,23,Fecha inválida,Manchester City,Chelsea,0,0,11,3,2,5,15,16,0,3,4,6,10,1.2,2.0,2,6,7,1,2,4,0.4,0.2,18,5,3,2,19,12,0,0,13,15,6,3.0,1.2,2,7,6,1,4,4,0.5,0.5,24,6,12,12,6,24,-7,-8,11,10,1,21,21,0,1550,1549,1,50000000,59000000,2,1,0,1
2024,1208251,23,Fecha inválida,Tottenham,Leicester,0,0,8,2,2,6,20,19,0,1,4,9,8,1.8,1.6,2,6,7,1,3,3,0.0,0.5,4,1,1,8,9,26,0,3,4,7,12,1.4,2.4,0,6,9,0,4,5,0.2,0.0,12,6,6,6,6,12,4,18,8,7,1,22,21,1,1547,1546,1,57000000,56000000,2,1,1,0
2024,1208246,23,Fecha inválida,Crystal Palace,Brentford,0,0,14,3,5,2,13,15,0,1,6,6,7,1.2,1.4,2,7,5,1,3,2,0.17,0.5,14,4,2,4,19,15,1,0,10,12,8,2.4,1.6,3,6,7,1,4,4,0.6,0.2,1,6,1,1,6,1,0,-6,13,16,-3,21,21,0,1552,1555,-3,52000000,55000000,1,1,0,1
2024,1208244,23,Fecha inválida,Aston Villa,West Ham,0,0,14,4,2,4,13,17,0,1,7,6,8,1.2,1.6,1,6,8,1,2,3,0.67,0.0,12,3,3,4,11,20,0,0,7,7,9,1.4,1.8,3,6,5,2,3,3,0.2,0.4,7,8,8,8,8,7,2,5,7,9,-2,22,22,0,1566,1548,18,56000000,58000000,0,0,0,0
2024,1208247,23,Fecha inválida,Fulham,Manchester United,0,0,15,3,6,1,16,14,1,0,8,8,7,1.6,1.4,2,8,6,1,4,2,0.17,0.5,11,3,2,5,14,16,1,0,7,10,6,2.0,1.2,2,4,6,2,2,3,0.4,0.2,1,4,15,15,4,1,4,4,17,14,3,21,21,0,1536,1533,3,56000000,53000000,0,0,0,1
2024,1208261,24,Fecha inválida,Nottingham Forest,Brighton,0,0,21,7,0,3,15,12,0,2,6,5,11,1.0,2.2,5,3,6,1,2,4,0.75,0.67,12,2,6,2,13,15,2,0,8,8,8,1.6,1.6,1,9,6,0,5,4,0.2,0.2,4,7,7,7,7,4,9,5,6,12,-6,25,27,-2,1565,1551,14,55000000,51000000,2,0,1,1
2024,1208260,24,Fecha inválida,Newcastle,Fulham,0,0,20,6,2,2,24,12,1,0,5,9,11,1.8,2.2,4,5,7,0,4,3,0.5,0.67,15,3,6,1,16,14,1,0,8,8,7,1.6,1.4,2,8,6,1,4,2,0.17,0.5,10,4,7,7,4,10,5,10,15,17,-2,28,27,1,1534,1536,-2,54000000,56000000,1,0,0,0
2024,1208253,24,Fecha inválida,Bournemouth,Liverpool,0,0,18,5,3,2,17,11,0,2,9,10,8,2.0,1.6,4,6,6,1,4,4,0.4,0.6,22,6,4,0,28,13,3,0,11,10,5,2.0,1.0,4,6,7,3,2,2,0.6,0.6,2,2,16,16,2,2,-4,-9,16,1,15,28,26,2,1535,1540,-5,55000000,50000000,2,1,1,0
2024,1208257,24,Fecha inválida,Everton,Leicester,0,0,9,1,6,3,5,8,0,0,6,4,4,0.8,0.8,6,1,2,4,0,2,0.2,0.0,4,1,1,8,9,26,0,3,4,7,12,1.4,2.4,0,6,9,0,4,5,0.2,0.0,7,7,8,8,7,7,5,14,6,7,-1,28,28,0,1545,1546,-1,55000000,56000000,0,1,1,0
2024,1208258,24,Fecha inválida,Ipswich,Southampton,0,0,11,3,2,5,10,14,1,0,4,4,6,0.8,1.2,1,5,5,0,3,2,0.2,0.4,2,0,2,8,5,25,0,2,1,4,12,0.8,2.4,1,4,5,0,3,2,0.0,0.0,2,4,2,2,4,2,9,16,18,2,16,27,28,-1,1557,1541,16,57000000,51000000,0,2,1,1
2024,1208262,24,Fecha inválida,Wolves,Aston Villa,0,0,13,4,1,5,17,18,2,0,6,9,11,1.8,2.2,3,5,8,1,3,4,0.4,0.4,14,4,2,4,13,17,0,1,7,6,8,1.2,1.6,1,6,8,1,2,3,0.67,0.0,8,6,7,7,6,8,-1,3,20,7,13,25,28,-3,1539,1566,-27,59000000,56000000,0,0,1,0
2024,1208259,24,Fecha inválida,Manchester United,Crystal Palace,0,0,11,3,2,5,14,16,1,0,7,10,6,2.0,1.2,2,4,6,2,2,3,0.4,0.2,14,3,5,2,13,15,0,1,6,6,7,1.2,1.4,2,7,5,1,3,2,0.17,0.5,16,6,6,6,6,16,-3,0,14,13,1,27,28,-1,1533,1552,-19,53000000,52000000,0,1,1,0
2024,1208255,24,Fecha inválida,Brentford,Tottenham,0,0,14,4,2,4,19,15,1,0,10,12,8,2.4,1.6,3,6,7,1,4,4,0.6,0.2,8,2,2,6,20,19,0,1,4,9,8,1.8,1.6,2,6,7,1,3,3,0.0,0.5,1,4,4,4,4,1,6,3,16,8,8,28,29,-1,1555,1547,8,55000000,57000000,1,2,1,1
2024,1208254,24,Fecha inválida,Arsenal,Manchester City,0,0,22,6,4,0,22,7,0,0,11,12,4,2.4,0.8,4,6,4,2,3,2,0.75,0.5,11,3,2,5,15,16,0,3,4,6,10,1.2,2.0,2,6,7,1,2,4,0.4,0.2,9,9,20,20,9,9,11,16,3,11,-8,28,29,-1,1542,1550,-8,52000000,50000000,0,2,0,0
2024,1208256,24,Fecha inválida,Chelsea,West Ham,0,0,18,5,3,2,19,12,0,0,13,15,6,3.0,1.2,2,7,6,1,4,4,0.5,0.5,12,3,3,4,11,20,0,0,7,7,9,1.4,1.8,3,6,5,2,3,3,0.2,0.4,15,6,8,8,6,15,6,16,10,9,1,30,30,0,1549,1548,1,59000000,58000000,1,0,1,0
2024,1208264,25,Fecha inválida,Brighton,Chelsea,0,0,12,2,6,2,13,15,2,0,8,8,8,1.6,1.6,1,9,6,0,5,4,0.2,0.2,18,5,3,2,19,12,0,0,13,15,6,3.0,1.2,2,7,6,1,4,4,0.5,0.5,2,6,11,11,6,2,-6,-9,12,10,2,41,41,0,1551,1549,2,51000000,59000000,0,1,1,1
2024,1208267,25,Fecha inválida,Leicester,Arsenal,0,0,4,1,1,8,9,26,0,3,4,7,12,1.4,2.4,0,6,9,0,4,5,0.2,0.0,22,6,4,0,22,7,0,0,11,12,4,2.4,0.8,4,6,4,2,3,2,0.75,0.5,4,4,13,13,4,4,-18,-32,7,3,4,41,41,0,1546,1542,4,56000000,52000000,1,0,0,0
2024,1208266,25,Fecha inválida,Fulham,Nottingham Forest,0,0,15,3,6,1,16,14,1,0,8,8,7,1.6,1.4,2,8,6,1,4,2,0.17,0.5,21,7,0,3,15,12,0,2,6,5,11,1.0,2.2,5,3,6,1,2,4,0.75,0.67,10,2,6,6,2,10,-6,-1,17,6,11,41,39,2,1536,1565,-29,56000000,55000000,0,2,0,1
2024,1208270,25,Fecha inválida,Southampton,Bournemouth,0,0,2,0,2,8,5,25,0,2,1,4,12,0.8,2.4,1,4,5,0,3,2,0.0,0.0,18,5,3,2,17,11,0,2,9,10,8,2.0,1.6,4,6,6,1,4,4,0.4,0.6,6,5,5,5,5,6,-16,-26,2,16,-14,42,42,0,1541,1535,6,51000000,55000000,2,2,1,1
2024,1208272,25,Fecha inválida,West Ham,Brentford,0,0,12,3,3,4,11,20,0,0,7,7,9,1.4,1.8,3,6,5,2,3,3,0.2,0.4,14,4,2,4,19,15,1,0,10,12,8,2.4,1.6,3,6,7,1,4,4,0.6,0.2,4,2,5,5,2,4,-2,-13,9,16,-7,42,42,0,1548,1555,-7,58000000,55000000,0,1,0,1
2024,1208269,25,Fecha inválida,Manchester City,Newcastle,0,0,11,3,2,5,15,16,0,3,4,6,10,1.2,2.0,2,6,7,1,2,4,0.4,0.2,20,6,2,2,24,12,1,0,5,9,11,1.8,2.2,4,5,7,0,4,3,0.5,0.67,25,5,3,3,5,25,-9,-13,11,15,-4,42,42,0,1550,1534,16,50000000,54000000,2,1,0,0
2024,1208263,25,Fecha inválida,Aston Villa,Ipswich,0,0,14,4,2,4,13,17,0,1,7,6,8,1.2,1.6,1,6,8,1,2,3,0.67,0.0,11,3,2,5,10,14,1,0,4,4,6,0.8,1.2,1,5,5,0,3,2,0.2,0.4,4,4,1,1,4,4,3,0,7,18,-11,42,41,1,1566,1557,9,56000000,57000000,0,0,0,1
2024,1208265,25,Fecha inválida,Crystal Palace,Everton,0,0,14,3,5,2,13,15,0,1,6,6,7,1.2,1.4,2,7,5,1,3,2,0.17,0.5,9,1,6,3,5,8,0,0,6,4,4,0.8,0.8,6,1,2,4,0,2,0.2,0.0,4,12,11,11,12,4,5,1,13,6,7,42,42,0,1552,1545,7,52000000,55000000,1,0,0,1
2024,1208268,25,Fecha inválida,Liverpool,Wolves,0,0,22,6,4,0,28,13,3,0,11,10,5,2.0,1.0,4,6,7,3,2,2,0.6,0.6,13,4,1,5,17,18,2,0,6,9,11,1.8,2.2,3,5,8,1,3,4,0.4,0.4,16,2,4,4,2,16,9,16,1,20,-19,41,40,1,1540,1539,1,50000000,59000000,1,0,0,1
2024,1208271,25,Fecha inválida,Tottenham,Manchester United,0,0,8,2,2,6,20,19,0,1,4,9,8,1.8,1.6,2,6,7,1,3,3,0.0,0.5,11,3,2,5,14,16,1,0,7,10,6,2.0,1.2,2,4,6,2,2,3,0.4,0.2,10,8,15,15,8,10,-3,3,8,14,-6,43,42,1,1547,1533,14,57000000,53000000,2,0,1,1
2024,1208279,26,Fecha inválida,Leicester,Brentford,0,0,4,1,1,8,9,26,0,3,4,7,12,1.4,2.4,0,6,9,0,4,5,0.2,0.0,14,4,2,4,19,15,1,0,10,12,8,2.4,1.6,3,6,7,1,4,4,0.6,0.2,4,3,1,1,3,4,-10,-21,7,16,-9,48,48,0,1546,1555,-9,56000000,55000000,1,1,0,1
2024,1208276,26,Fecha inválida,Everton,Manchester United,0,0,9,1,6,3,5,8,0,0,6,4,4,0.8,0.8,6,1,2,4,0,2,0.2,0.0,11,3,2,5,14,16,1,0,7,10,6,2.0,1.2,2,4,6,2,2,3,0.4,0.2,6,9,19,19,9,6,-2,-1,6,14,-8,48,47,1,1545,1533,12,55000000,53000000,0,0,1,1
2024,1208273,26,Fecha inválida,Bournemouth,Wolves,0,0,18,5,3,2,17,11,0,2,9,10,8,2.0,1.6,4,6,6,1,4,4,0.4,0.6,13,4,1,5,17,18,2,0,6,9,11,1.8,2.2,3,5,8,1,3,4,0.4,0.4,5,3,4,4,3,5,5,7,16,20,-4,49,46,3,1535,1539,-4,55000000,59000000,2,0,1,1
2024,1208277,26,Fecha inválida,Fulham,Crystal Palace,0,0,15,3,6,1,16,14,1,0,8,8,7,1.6,1.4,2,8,6,1,4,2,0.17,0.5,14,3,5,2,13,15,0,1,6,6,7,1.2,1.4,2,7,5,1,3,2,0.17,0.5,3,6,3,3,6,3,1,4,17,13,4,48,49,-1,1536,1552,-16,56000000,52000000,0,1,0,0
2024,1208282,26,Fecha inválida,Southampton,Brighton,0,0,2,0,2,8,5,25,0,2,1,4,12,0.8,2.4,1,4,5,0,3,2,0.0,0.0,12,2,6,2,13,15,2,0,8,8,8,1.6,1.6,1,9,6,0,5,4,0.2,0.2,5,8,4,4,8,5,-10,-18,2,12,-10,49,48,1,1541,1551,-10,51000000,51000000,2,0,1,1
2024,1208274,26,Fecha inválida,Arsenal,West Ham,0,0,22,6,4,0,22,7,0,0,11,12,4,2.4,0.8,4,6,4,2,3,2,0.75,0.5,12,3,3,4,11,20,0,0,7,7,9,1.4,1.8,3,6,5,2,3,3,0.2,0.4,21,5,4,4,5,21,10,24,3,9,-6,48,49,-1,1542,1548,-6,52000000,58000000,0,0,0,0
2024,1208278,26,Fecha inválida,Ipswich,Tottenham,0,0,11,3,2,5,10,14,1,0,4,4,6,0.8,1.2,1,5,5,0,3,2,0.2,0.4,8,2,2,6,20,19,0,1,4,9,8,1.8,1.6,2,6,7,1,3,3,0.0,0.5,1,1,1,1,1,1,3,-5,18,8,10,48,49,-1,1557,1547,10,57000000,57000000,0,2,1,1
2024,1208275,26,Fecha inválida,Aston Villa,Chelsea,0,0,14,4,2,4,13,17,0,1,7,6,8,1.2,1.6,1,6,8,1,2,3,0.67,0.0,18,5,3,2,19,12,0,0,13,15,6,3.0,1.2,2,7,6,1,4,4,0.5,0.5,7,6,16,16,6,7,-4,-11,7,10,-3,49,49,0,1566,1549,17,56000000,59000000,0,1,0,1
2024,1208281,26,Fecha inválida,Newcastle,Nottingham Forest,0,0,20,6,2,2,24,12,1,0,5,9,11,1.8,2.2,4,5,7,0,4,3,0.5,0.67,21,7,0,3,15,12,0,2,6,5,11,1.0,2.2,5,3,6,1,2,4,0.75,0.67,7,1,4,4,1,7,-1,9,15,6,9,50,47,3,1534,1565,-31,54000000,55000000,1,2,0,1
2024,1208280,26,Fecha inválida,Manchester City,Liverpool,0,0,11,3,2,5,15,16,0,3,4,6,10,1.2,2.0,2,6,7,1,2,4,0.4,0.2,22,6,4,0,28,13,3,0,11,10,5,2.0,1.0,4,6,7,3,2,2,0.6,0.6,12,12,16,16,12,12,-11,-16,11,1,10,50,49,1,1550,1540,10,50000000,50000000,2,1,0,0
2024,1208288,27,Fecha inválida,Wolves,Fulham,0,0,13,4,1,5,17,18,2,0,6,9,11,1.8,2.2,3,5,8,1,3,4,0.4,0.4,15,3,6,1,16,14,1,0,8,8,7,1.6,1.4,2,8,6,1,4,2,0.17,0.5,12,7,5,5,7,12,-2,-3,20,17,3,49,51,-2,1539,1536,3,59000000,56000000,0,0,1,0
2024,1208286,27,Fecha inválida,Tottenham,Manchester City,0,0,8,2,2,6,20,19,0,1,4,9,8,1.8,1.6,2,6,7,1,3,3,0.0,0.5,11,3,2,5,15,16,0,3,4,6,10,1.2,2.0,2,6,7,1,2,4,0.4,0.2,12,5,19,19,5,12,-3,2,8,11,-3,52,52,0,1547,1550,-3,57000000,50000000,2,2,1,0
2024,1208287,27,Fecha inválida,West Ham,Leicester,0,0,12,3,3,4,11,20,0,0,7,7,9,1.4,1.8,3,6,5,2,3,3,0.2,0.4,4,1,1,8,9,26,0,3,4,7,12,1.4,2.4,0,6,9,0,4,5,0.2,0.0,7,6,10,10,6,7,8,8,9,7,2,52,52,0,1548,1546,2,58000000,56000000,0,1,0,0
2024,1208284,27,Fecha inválida,Brighton,Bournemouth,0,0,12,2,6,2,13,15,2,0,8,8,8,1.6,1.6,1,9,6,0,5,4,0.2,0.2,18,5,3,2,17,11,0,2,9,10,8,2.0,1.6,4,6,6,1,4,4,0.4,0.6,6,4,8,8,4,6,-6,-8,12,16,-4,52,52,0,1551,1535,16,51000000,55000000,0,2,1,1
2024,1208283,27,Fecha inválida,Brentford,Everton,0,0,14,4,2,4,19,15,1,0,10,12,8,2.4,1.6,3,6,7,1,4,4,0.6,0.2,9,1,6,3,5,8,0,0,6,4,4,0.8,0.8,6,1,2,4,0,2,0.2,0.0,2,3,4,4,3,2,5,7,16,6,10,52,52,0,1555,1545,10,55000000,55000000,1,0,1,1
2024,1208285,27,Fecha inválida,Nottingham Forest,Arsenal,0,0,21,7,0,3,15,12,0,2,6,5,11,1.0,2.2,5,3,6,1,2,4,0.75,0.67,22,6,4,0,22,7,0,0,11,12,4,2.4,0.8,4,6,4,2,3,2,0.75,0.5,3,1,6,6,1,3,-1,-12,6,3,3,49,52,-3,1565,1542,23,55000000,52000000,2,0,1,0
2024,1208289,27,Fecha inválida,Crystal Palace,Aston Villa,0,0,14,3,5,2,13,15,0,1,6,6,7,1.2,1.4,2,7,5,1,3,2,0.17,0.5,14,4,2,4,13,17,0,1,7,6,8,1.2,1.6,1,6,8,1,2,3,0.67,0.0,8,4,7,7,4,8,0,2,13,7,6,52,52,0,1552,1566,-14,52000000,56000000,1,0,0,0
2024,1208290,27,Fecha inválida,Chelsea,Southampton,0,0,18,5,3,2,19,12,0,0,13,15,6,3.0,1.2,2,7,6,1,4,4,0.5,0.5,2,0,2,8,5,25,0,2,1,4,12,0.8,2.4,1,4,5,0,3,2,0.0,0.0,15,7,5,5,7,15,16,27,10,2,8,53,53,0,1549,1541,8,59000000,51000000,1,2,1,1
2024,1208292,27,Fecha inválida,Manchester United,Ipswich,0,0,11,3,2,5,14,16,1,0,7,10,6,2.0,1.2,2,4,6,2,2,3,0.4,0.2,11,3,2,5,10,14,1,0,4,4,6,0.8,1.2,1,5,5,0,3,2,0.2,0.4,1,2,0,0,2,1,0,2,14,18,-4,52,52,0,1533,1557,-24,53000000,57000000,0,0,1,1
2024,1208291,27,Fecha inválida,Liverpool,Newcastle,0,0,22,6,4,0,28,13,3,0,11,10,5,2.0,1.0,4,6,7,3,2,2,0.6,0.6,20,6,2,2,24,12,1,0,5,9,11,1.8,2.2,4,5,7,0,4,3,0.5,0.67,16,8,4,4,8,16,2,3,1,15,-14,52,53,-1,1540,1534,6,50000000,54000000,1,1,0,0
2024,1208298,28,Fecha inválida,Manchester United,Arsenal,0,0,11,3,2,5,14,16,1,0,7,10,6,2.0,1.2,2,4,6,2,2,3,0.4,0.2,22,6,4,0,22,7,0,0,11,12,4,2.4,0.8,4,6,4,2,3,2,0.75,0.5,15,8,12,12,8,15,-11,-17,14,3,11,61,62,-1,1533,1542,-9,53000000,52000000,0,0,1,0
2024,1208302,28,Fecha inválida,Wolves,Everton,0,0,13,4,1,5,17,18,2,0,6,9,11,1.8,2.2,3,5,8,1,3,4,0.4,0.4,9,1,6,3,5,8,0,0,6,4,4,0.8,0.8,6,1,2,4,0,2,0.2,0.0,7,5,6,6,5,7,4,2,20,6,14,60,63,-3,1539,1545,-6,59000000,55000000,0,0,1,1
2024,1208297,28,Fecha inválida,Liverpool,Southampton,0,0,22,6,4,0,28,13,3,0,11,10,5,2.0,1.0,4,6,7,3,2,2,0.6,0.6,2,0,2,8,5,25,0,2,1,4,12,0.8,2.4,1,4,5,0,3,2,0.0,0.0,18,5,6,6,5,18,20,35,1,2,-1,61,63,-2,1540,1541,-1,50000000,51000000,1,2,0,1
2024,1208300,28,Fecha inválida,Tottenham,Bournemouth,0,0,8,2,2,6,20,19,0,1,4,9,8,1.8,1.6,2,6,7,1,3,3,0.0,0.5,18,5,3,2,17,11,0,2,9,10,8,2.0,1.6,4,6,6,1,4,4,0.4,0.6,10,3,3,3,3,10,-10,-5,8,16,-8,63,63,0,1547,1535,12,57000000,55000000,2,2,1,1
2024,1208301,28,Fecha inválida,West Ham,Newcastle,0,0,12,3,3,4,11,20,0,0,7,7,9,1.4,1.8,3,6,5,2,3,3,0.2,0.4,20,6,2,2,24,12,1,0,5,9,11,1.8,2.2,4,5,7,0,4,3,0.5,0.67,7,7,13,13,7,7,-8,-21,9,15,-6,63,63,0,1548,1534,14,58000000,54000000,0,1,0,0
2024,1208295,28,Fecha inválida,Chelsea,Leicester,0,0,18,5,3,2,19,12,0,0,13,15,6,3.0,1.2,2,7,6,1,4,4,0.5,0.5,4,1,1,8,9,26,0,3,4,7,12,1.4,2.4,0,6,9,0,4,5,0.2,0.0,15,7,4,4,7,15,14,24,10,7,3,63,63,0,1549,1546,3,59000000,56000000,1,1,1,0
2024,1208294,28,Fecha inválida,Brighton,Fulham,0,0,12,2,6,2,13,15,2,0,8,8,8,1.6,1.6,1,9,6,0,5,4,0.2,0.2,15,3,6,1,16,14,1,0,8,8,7,1.6,1.4,2,8,6,1,4,2,0.17,0.5,5,5,6,6,5,5,-3,-4,12,17,-5,62,62,0,1551,1536,15,51000000,56000000,0,0,1,0
2024,1208296,28,Fecha inválida,Crystal Palace,Ipswich,0,0,14,3,5,2,13,15,0,1,6,6,7,1.2,1.4,2,7,5,1,3,2,0.17,0.5,11,3,2,5,10,14,1,0,4,4,6,0.8,1.2,1,5,5,0,3,2,0.2,0.4,6,2,1,1,2,6,3,2,13,18,-5,63,62,1,1552,1557,-5,52000000,57000000,1,0,0,1
2024,1208293,28,Fecha inválida,Brentford,Aston Villa,0,0,14,4,2,4,19,15,1,0,10,12,8,2.4,1.6,3,6,7,1,4,4,0.6,0.2,14,4,2,4,13,17,0,1,7,6,8,1.2,1.6,1,6,8,1,2,3,0.67,0.0,4,8,3,3,8,4,0,8,16,7,9,63,63,0,1555,1566,-11,55000000,56000000,1,0,1,0
2024,1208299,28,Fecha inválida,Nottingham Forest,Manchester City,0,0,21,7,0,3,15,12,0,2,6,5,11,1.0,2.2,5,3,6,1,2,4,0.75,0.67,11,3,2,5,15,16,0,3,4,6,10,1.2,2.0,2,6,7,1,2,4,0.4,0.2,0,2,4,4,2,0,10,4,6,11,-5,60,63,-3,1565,1550,15,55000000,50000000,2,2,1,0
2024,1208311,29,Fecha inválida,Newcastle,Crystal Palace,0,0,20,6,2,2,24,12,1,0,5,9,11,1.8,2.2,4,5,7,0,4,3,0.5,0.67,14,3,5,2,13,15,0,1,6,6,7,1.2,1.4,2,7,5,1,3,2,0.17,0.5,10,9,5,5,9,10,6,14,15,13,2,70,70,0,1534,1552,-18,54000000,52000000,1,1,0,0
2024,1208303,29,Fecha inválida,Bournemouth,Brentford,0,0,18,5,3,2,17,11,0,2,9,10,8,2.0,1.6,4,6,6,1,4,4,0.4,0.6,14,4,2,4,19,15,1,0,10,12,8,2.4,1.6,3,6,7,1,4,4,0.6,0.2,3,6,8,8,6,3,4,2,16,16,0,70,70,0,1535,1555,-20,55000000,55000000,2,1,1,1
2024,1208307,29,Fecha inválida,Fulham,Tottenham,0,0,15,3,6,1,16,14,1,0,8,8,7,1.6,1.4,2,8,6,1,4,2,0.17,0.5,8,2,2,6,20,19,0,1,4,9,8,1.8,1.6,2,6,7,1,3,3,0.0,0.5,3,3,14,14,3,3,7,1,17,8,9,69,70,-1,1536,1547,-11,56000000,57000000,0,2,0,1
2024,1208312,29,Fecha inválida,Southampton,Wolves,0,0,2,0,2,8,5,25,0,2,1,4,12,0.8,2.4,1,4,5,0,3,2,0.0,0.0,13,4,1,5,17,18,2,0,6,9,11,1.8,2.2,3,5,8,1,3,4,0.4,0.4,2,3,9,9,3,2,-11,-19,2,20,-18,70,67,3,1541,1539,2,51000000,59000000,2,0,1,1
2024,1208304,29,Fecha inválida,Arsenal,Chelsea,0,0,22,6,4,0,22,7,0,0,11,12,4,2.4,0.8,4,6,4,2,3,2,0.75,0.5,18,5,3,2,19,12,0,0,13,15,6,3.0,1.2,2,7,6,1,4,4,0.5,0.5,17,10,14,14,10,17,4,8,3,10,-7,69,70,-1,1542,1549,-7,52000000,59000000,0,1,0,1
2024,1208306,29,Fecha inválida,Everton,West Ham,0,0,9,1,6,3,5,8,0,0,6,4,4,0.8,0.8,6,1,2,4,0,2,0.2,0.0,12,3,3,4,11,20,0,0,7,7,9,1.4,1.8,3,6,5,2,3,3,0.2,0.4,14,8,9,9,8,14,-3,6,6,9,-3,70,70,0,1545,1548,-3,55000000,58000000,0,0,1,0
2024,1208309,29,Fecha inválida,Leicester,Manchester United,0,0,4,1,1,8,9,26,0,3,4,7,12,1.4,2.4,0,6,9,0,4,5,0.2,0.0,11,3,2,5,14,16,1,0,7,10,6,2.0,1.2,2,4,6,2,2,3,0.4,0.2,4,6,13,13,6,4,-7,-15,7,14,-7,70,68,2,1546,1533,13,56000000,53000000,1,0,0,1
2024,1208310,29,Fecha inválida,Manchester City,Brighton,0,0,11,3,2,5,15,16,0,3,4,6,10,1.2,2.0,2,6,7,1,2,4,0.4,0.2,12,2,6,2,13,15,2,0,8,8,8,1.6,1.6,1,9,6,0,5,4,0.2,0.2,13,2,2,2,2,13,-1,1,11,12,-1,70,69,1,1550,1551,-1,50000000,51000000,2,0,0,1
2024,1208308,29,Fecha inválida,Ipswich,Nottingham Forest,0,0,11,3,2,5,10,14,1,0,4,4,6,0.8,1.2,1,5,5,0,3,2,0.2,0.4,21,7,0,3,15,12,0,2,6,5,11,1.0,2.2,5,3,6,1,2,4,0.75,0.67,4,6,8,8,6,4,-10,-7,18,6,12,69,67,2,1557,1565,-8,57000000,55000000,0,2,1,1
2024,1208305,29,Fecha inválida,Aston Villa,Liverpool,0,0,14,4,2,4,13,17,0,1,7,6,8,1.2,1.6,1,6,8,1,2,3,0.67,0.0,22,6,4,0,28,13,3,0,11,10,5,2.0,1.0,4,6,7,3,2,2,0.6,0.6,5,5,16,16,5,5,-8,-19,7,1,6,70,68,2,1566,1540,26,56000000,50000000,0,1,0,0
2024,1208313,30,Fecha inválida,Bournemouth,Ipswich,0,0,18,5,3,2,17,11,0,2,9,10,8,2.0,1.6,4,6,6,1,4,4,0.4,0.6,11,3,2,5,10,14,1,0,4,4,6,0.8,1.2,1,5,5,0,3,2,0.2,0.4,1,5,0,0,5,1,7,10,16,18,-2,87,86,1,1535,1557,-22,55000000,57000000,2,0,1,1
2024,1208317,30,Fecha inválida,Wolves,West Ham,0,0,13,4,1,5,17,18,2,0,6,9,11,1.8,2.2,3,5,8,1,3,4,0.4,0.4,12,3,3,4,11,20,0,0,7,7,9,1.4,1.8,3,6,5,2,3,3,0.2,0.4,7,2,9,9,2,7,1,8,20,9,11,84,87,-3,1539,1548,-9,59000000,58000000,0,0,1,0
2024,1208314,30,Fecha inválida,Arsenal,Fulham,0,0,22,6,4,0,22,7,0,0,11,12,4,2.4,0.8,4,6,4,2,3,2,0.75,0.5,15,3,6,1,16,14,1,0,8,8,7,1.6,1.4,2,8,6,1,4,2,0.17,0.5,9,6,2,2,6,9,7,13,3,17,-14,87,86,1,1542,1536,6,52000000,56000000,0,0,0,0
2024,1208315,30,Fecha inválida,Brighton,Aston Villa,0,0,12,2,6,2,13,15,2,0,8,8,8,1.6,1.6,1,9,6,0,5,4,0.2,0.2,14,4,2,4,13,17,0,1,7,6,8,1.2,1.6,1,6,8,1,2,3,0.67,0.0,2,7,7,7,7,2,-2,2,12,7,5,87,87,0,1551,1566,-15,51000000,56000000,0,0,1,0
2024,1208316,30,Fecha inválida,Nottingham Forest,Manchester United,0,0,21,7,0,3,15,12,0,2,6,5,11,1.0,2.2,5,3,6,1,2,4,0.75,0.67,11,3,2,5,14,16,1,0,7,10,6,2.0,1.2,2,4,6,2,2,3,0.4,0.2,2,1,6,6,1,2,10,5,6,14,-8,84,86,-2,1565,1533,32,55000000,53000000,2,0,1,1
2024,1208320,30,Fecha inválida,Newcastle,Brentford,0,0,20,6,2,2,24,12,1,0,5,9,11,1.8,2.2,4,5,7,0,4,3,0.5,0.67,14,4,2,4,19,15,1,0,10,12,8,2.4,1.6,3,6,7,1,4,4,0.6,0.2,8,2,2,2,2,8,6,8,15,16,-1,88,88,0,1534,1555,-21,54000000,55000000,1,1,0,1
2024,1208321,30,Fecha inválida,Southampton,Crystal Palace,0,0,2,0,2,8,5,25,0,2,1,4,12,0.8,2.4,1,4,5,0,3,2,0.0,0.0,14,3,5,2,13,15,0,1,6,6,7,1.2,1.4,2,7,5,1,3,2,0.17,0.5,14,4,11,11,4,14,-12,-18,2,13,-11,88,88,0,1541,1552,-11,51000000,52000000,2,1,1,0
2024,1208318,30,Fecha inválida,Chelsea,Tottenham,0,0,18,5,3,2,19,12,0,0,13,15,6,3.0,1.2,2,7,6,1,4,4,0.5,0.5,8,2,2,6,20,19,0,1,4,9,8,1.8,1.6,2,6,7,1,3,3,0.0,0.5,21,11,7,7,11,21,10,6,10,8,2,88,88,0,1549,1547,2,59000000,57000000,1,2,1,1
2024,1208319,30,Fecha inválida,Manchester City,Leicester,0,0,11,3,2,5,15,16,0,3,4,6,10,1.2,2.0,2,6,7,1,2,4,0.4,0.2,4,1,1,8,9,26,0,3,4,7,12,1.4,2.4,0,6,9,0,4,5,0.2,0.0,17,2,5,5,2,17,7,16,11,7,4,88,88,0,1550,1546,4,50000000,56000000,2,1,0,0
2024,1208322,30,Fecha inválida,Liverpool,Everton,0,0,22,6,4,0,28,13,3,0,11,10,5,2.0,1.0,4,6,7,3,2,2,0.6,0.6,9,1,6,3,5,8,0,0,6,4,4,0.8,0.8,6,1,2,4,0,2,0.2,0.0,15,15,3,3,15,15,13,18,1,6,-5,87,88,-1,1540,1545,-5,50000000,55000000,1,0,0,1
2024,1208330,31,Fecha inválida,Manchester United,Manchester City,0,0,11,3,2,5,14,16,1,0,7,10,6,2.0,1.2,2,4,6,2,2,3,0.4,0.2,11,3,2,5,15,16,0,3,4,6,10,1.2,2.0,2,6,7,1,2,4,0.4,0.2,14,6,19,19,6,14,0,-1,14,11,3,89,90,-1,1533,1550,-17,53000000,50000000,0,2,1,0
2024,1208327,31,Fecha inválida,Fulham,Liverpool,0,0,15,3,6,1,16,14,1,0,8,8,7,1.6,1.4,2,8,6,1,4,2,0.17,0.5,22,6,4,0,28,13,3,0,11,10,5,2.0,1.0,4,6,7,3,2,2,0.6,0.6,3,5,12,12,5,3,-7,-13,17,1,16,90,89,1,1536,1540,-4,56000000,50000000,0,1,0,0
2024,1208326,31,Fecha inválida,Everton,Arsenal,0,0,9,1,6,3,5,8,0,0,6,4,4,0.8,0.8,6,1,2,4,0,2,0.2,0.0,22,6,4,0,22,7,0,0,11,12,4,2.4,0.8,4,6,4,2,3,2,0.75,0.5,7,7,18,18,7,7,-13,-18,6,3,3,90,90,0,1545,1542,3,55000000,52000000,0,0,1,0
2024,1208329,31,Fecha inválida,Leicester,Newcastle,0,0,4,1,1,8,9,26,0,3,4,7,12,1.4,2.4,0,6,9,0,4,5,0.2,0.0,20,6,2,2,24,12,1,0,5,9,11,1.8,2.2,4,5,7,0,4,3,0.5,0.67,11,2,8,8,2,11,-16,-29,7,15,-8,90,91,-1,1546,1534,12,56000000,54000000,1,1,0,0
2024,1208331,31,Fecha inválida,Tottenham,Southampton,0,0,8,2,2,6,20,19,0,1,4,9,8,1.8,1.6,2,6,7,1,3,3,0.0,0.5,2,0,2,8,5,25,0,2,1,4,12,0.8,2.4,1,4,5,0,3,2,0.0,0.0,16,6,4,4,6,16,6,21,8,2,6,91,90,1,1547,1541,6,57000000,51000000,2,2,1,1
2024,1208332,31,Fecha inválida,West Ham,Bournemouth,0,0,12,3,3,4,11,20,0,0,7,7,9,1.4,1.8,3,6,5,2,3,3,0.2,0.4,18,5,3,2,17,11,0,2,9,10,8,2.0,1.6,4,6,6,1,4,4,0.4,0.6,6,7,5,5,7,6,-6,-15,9,16,-7,90,90,0,1548,1535,13,58000000,55000000,0,2,0,1
2024,1208325,31,Fecha inválida,Crystal Palace,Brighton,0,0,14,3,5,2,13,15,0,1,6,6,7,1.2,1.4,2,7,5,1,3,2,0.17,0.5,12,2,6,2,13,15,2,0,8,8,8,1.6,1.6,1,9,6,0,5,4,0.2,0.2,7,10,6,6,10,7,2,0,13,12,1,90,90,0,1552,1551,1,52000000,51000000,1,0,0,1
2024,1208324,31,Fecha inválida,Brentford,Chelsea,0,0,14,4,2,4,19,15,1,0,10,12,8,2.4,1.6,3,6,7,1,4,4,0.6,0.2,18,5,3,2,19,12,0,0,13,15,6,3.0,1.2,2,7,6,1,4,4,0.5,0.5,3,4,5,5,4,3,-4,-3,16,10,6,90,90,0,1555,1549,6,55000000,59000000,1,1,1,1
2024,1208328,31,Fecha inválida,Ipswich,Wolves,0,0,11,3,2,5,10,14,1,0,4,4,6,0.8,1.2,1,5,5,0,3,2,0.2,0.4,13,4,1,5,17,18,2,0,6,9,11,1.8,2.2,3,5,8,1,3,4,0.4,0.4,4,6,3,3,6,4,-2,-3,18,20,-2,90,88,2,1557,1539,18,57000000,59000000,0,0,1,1
2024,1208323,31,Fecha inválida,Aston Villa,Nottingham Forest,0,0,14,4,2,4,13,17,0,1,7,6,8,1.2,1.6,1,6,8,1,2,3,0.67,0.0,21,7,0,3,15,12,0,2,6,5,11,1.0,2.2,5,3,6,1,2,4,0.75,0.67,5,5,3,3,5,5,-7,-7,7,6,1,90,88,2,1566,1565,1,56000000,55000000,0,2,0,1
2024,1208339,32,Fecha inválida,Newcastle,Manchester United,0,0,20,6,2,2,24,12,1,0,5,9,11,1.8,2.2,4,5,7,0,4,3,0.5,0.67,11,3,2,5,14,16,1,0,7,10,6,2.0,1.2,2,4,6,2,2,3,0.4,0.2,8,7,16,16,7,8,9,14,15,14,1,98,96,2,1534,1533,1,54000000,53000000,1,0,0,1
2024,1208333,32,Fecha inválida,Bournemouth,Fulham,0,0,18,5,3,2,17,11,0,2,9,10,8,2.0,1.6,4,6,6,1,4,4,0.4,0.6,15,3,6,1,16,14,1,0,8,8,7,1.6,1.4,2,8,6,1,4,2,0.17,0.5,5,5,2,2,5,5,3,4,16,17,-1,97,97,0,1535,1536,-1,55000000,56000000,2,0,1,0
2024,1208342,32,Fecha inválida,Wolves,Tottenham,0,0,13,4,1,5,17,18,2,0,6,9,11,1.8,2.2,3,5,8,1,3,4,0.4,0.4,8,2,2,6,20,19,0,1,4,9,8,1.8,1.6,2,6,7,1,3,3,0.0,0.5,6,5,8,8,5,6,5,-2,20,8,12,95,98,-3,1539,1547,-8,59000000,57000000,0,2,1,1
2024,1208337,32,Fecha inválida,Liverpool,West Ham,0,0,22,6,4,0,28,13,3,0,11,10,5,2.0,1.0,4,6,7,3,2,2,0.6,0.6,12,3,3,4,11,20,0,0,7,7,9,1.4,1.8,3,6,5,2,3,3,0.2,0.4,20,6,6,6,6,20,10,24,1,9,-8,96,97,-1,1540,1548,-8,50000000,58000000,1,0,0,0
2024,1208341,32,Fecha inválida,Southampton,Aston Villa,0,0,2,0,2,8,5,25,0,2,1,4,12,0.8,2.4,1,4,5,0,3,2,0.0,0.0,14,4,2,4,13,17,0,1,7,6,8,1.2,1.6,1,6,8,1,2,3,0.67,0.0,9,4,6,6,4,9,-12,-16,2,7,-5,97,97,0,1541,1566,-25,51000000,56000000,2,0,1,0
2024,1208334,32,Fecha inválida,Arsenal,Brentford,0,0,22,6,4,0,22,7,0,0,11,12,4,2.4,0.8,4,6,4,2,3,2,0.75,0.5,14,4,2,4,19,15,1,0,10,12,8,2.4,1.6,3,6,7,1,4,4,0.6,0.2,7,2,1,1,2,7,8,11,3,16,-13,97,97,0,1542,1555,-13,52000000,55000000,0,1,0,1
2024,1208336,32,Fecha inválida,Chelsea,Ipswich,0,0,18,5,3,2,19,12,0,0,13,15,6,3.0,1.2,2,7,6,1,4,4,0.5,0.5,11,3,2,5,10,14,1,0,4,4,6,0.8,1.2,1,5,5,0,3,2,0.2,0.4,0,1,1,1,1,0,7,11,10,18,-8,97,97,0,1549,1557,-8,59000000,57000000,1,0,1,1
2024,1208338,32,Fecha inválida,Manchester City,Crystal Palace,0,0,11,3,2,5,15,16,0,3,4,6,10,1.2,2.0,2,6,7,1,2,4,0.4,0.2,14,3,5,2,13,15,0,1,6,6,7,1.2,1.4,2,7,5,1,3,2,0.17,0.5,17,6,3,3,6,17,-3,1,11,13,-2,97,97,0,1550,1552,-2,50000000,52000000,2,1,0,0
2024,1208335,32,Fecha inválida,Brighton,Leicester,0,0,12,2,6,2,13,15,2,0,8,8,8,1.6,1.6,1,9,6,0,5,4,0.2,0.2,4,1,1,8,9,26,0,3,4,7,12,1.4,2.4,0,6,9,0,4,5,0.2,0.0,5,7,10,10,7,5,8,15,12,7,5,97,97,0,1551,1546,5,51000000,56000000,0,1,1,0
2024,1208340,32,Fecha inválida,Nottingham Forest,Everton,0,0,21,7,0,3,15,12,0,2,6,5,11,1.0,2.2,5,3,6,1,2,4,0.75,0.67,9,1,6,3,5,8,0,0,6,4,4,0.8,0.8,6,1,2,4,0,2,0.2,0.0,1,3,2,2,3,1,12,6,6,6,0,95,97,-2,1565,1545,20,55000000,55000000,2,0,1,1
2024,1208350,33,Fecha inválida,Manchester United,Wolves,0,0,11,3,2,5,14,16,1,0,7,10,6,2.0,1.2,2,4,6,2,2,3,0.4,0.2,13,4,1,5,17,18,2,0,6,9,11,1.8,2.2,3,5,8,1,3,4,0.4,0.4,11,5,5,5,5,11,-2,-1,14,20,-6,103,102,1,1533,1539,-6,53000000,59000000,0,0,1,1
2024,1208347,33,Fecha inválida,Fulham,Chelsea,0,0,15,3,6,1,16,14,1,0,8,8,7,1.6,1.4,2,8,6,1,4,2,0.17,0.5,18,5,3,2,19,12,0,0,13,15,6,3.0,1.2,2,7,6,1,4,4,0.5,0.5,2,6,12,12,6,2,-3,-5,17,10,7,104,104,0,1536,1549,-13,56000000,59000000,0,1,0,1
2024,1208346,33,Fecha inválida,Everton,Manchester City,0,0,9,1,6,3,5,8,0,0,6,4,4,0.8,0.8,6,1,2,4,0,2,0.2,0.0,11,3,2,5,15,16,0,3,4,6,10,1.2,2.0,2,6,7,1,2,4,0.4,0.2,6,8,19,19,8,6,-2,-2,6,11,-5,104,104,0,1545,1550,-5,55000000,50000000,0,2,1,0
2024,1208349,33,Fecha inválida,Leicester,Liverpool,0,0,4,1,1,8,9,26,0,3,4,7,12,1.4,2.4,0,6,9,0,4,5,0.2,0.0,22,6,4,0,28,13,3,0,11,10,5,2.0,1.0,4,6,7,3,2,2,0.6,0.6,5,3,16,16,3,5,-18,-32,7,1,6,104,103,1,1546,1540,6,56000000,50000000,1,1,0,0
2024,1208351,33,Fecha inválida,Tottenham,Nottingham Forest,0,0,8,2,2,6,20,19,0,1,4,9,8,1.8,1.6,2,6,7,1,3,3,0.0,0.5,21,7,0,3,15,12,0,2,6,5,11,1.0,2.2,5,3,6,1,2,4,0.75,0.67,5,1,2,2,1,5,-13,-2,8,6,2,105,102,3,1547,1565,-18,57000000,55000000,2,2,1,1
2024,1208352,33,Fecha inválida,West Ham,Southampton,0,0,12,3,3,4,11,20,0,0,7,7,9,1.4,1.8,3,6,5,2,3,3,0.2,0.4,2,0,2,8,5,25,0,2,1,4,12,0.8,2.4,1,4,5,0,3,2,0.0,0.0,12,8,7,7,8,12,10,11,9,2,7,104,104,0,1548,1541,7,58000000,51000000,0,2,0,1
2024,1208345,33,Fecha inválida,Crystal Palace,Bournemouth,0,0,14,3,5,2,13,15,0,1,6,6,7,1.2,1.4,2,7,5,1,3,2,0.17,0.5,18,5,3,2,17,11,0,2,9,10,8,2.0,1.6,4,6,6,1,4,4,0.4,0.6,6,6,5,5,6,6,-4,-8,13,16,-3,104,104,0,1552,1535,17,52000000,55000000,1,2,0,1
2024,1208344,33,Fecha inválida,Brentford,Brighton,0,0,14,4,2,4,19,15,1,0,10,12,8,2.4,1.6,3,6,7,1,4,4,0.6,0.2,12,2,6,2,13,15,2,0,8,8,8,1.6,1.6,1,9,6,0,5,4,0.2,0.2,5,6,6,6,6,5,2,6,16,12,4,104,104,0,1555,1551,4,55000000,51000000,1,0,1,1
2024,1208348,33,Fecha inválida,Ipswich,Arsenal,0,0,11,3,2,5,10,14,1,0,4,4,6,0.8,1.2,1,5,5,0,3,2,0.2,0.4,22,6,4,0,22,7,0,0,11,12,4,2.4,0.8,4,6,4,2,3,2,0.75,0.5,0,1,1,1,1,0,-11,-19,18,3,15,104,104,0,1557,1542,15,57000000,52000000,0,0,1,0
2024,1208343,33,Fecha inválida,Aston Villa,Newcastle,0,0,14,4,2,4,13,17,0,1,7,6,8,1.2,1.6,1,6,8,1,2,3,0.67,0.0,20,6,2,2,24,12,1,0,5,9,11,1.8,2.2,4,5,7,0,4,3,0.5,0.67,5,10,12,12,10,5,-6,-16,7,15,-8,104,105,-1,1566,1534,32,56000000,54000000,0,1,0,0
2024,1208359,34,Fecha inválida,Newcastle,Ipswich,0,0,20,6,2,2,24,12,1,0,5,9,11,1.8,2.2,4,5,7,0,4,3,0.5,0.67,11,3,2,5,10,14,1,0,4,4,6,0.8,1.2,1,5,5,0,3,2,0.2,0.4,2,1,1,1,1,2,9,16,15,18,-3,112,111,1,1534,1557,-23,54000000,57000000,1,0,0,1
2024,1208353,34,Fecha inválida,Bournemouth,Manchester United,0,0,18,5,3,2,17,11,0,2,9,10,8,2.0,1.6,4,6,6,1,4,4,0.4,0.6,11,3,2,5,14,16,1,0,7,10,6,2.0,1.2,2,4,6,2,2,3,0.4,0.2,4,3,9,9,3,4,7,8,16,14,2,111,110,1,1535,1533,2,55000000,53000000,2,0,1,1
2024,1208362,34,Fecha inválida,Wolves,Leicester,0,0,13,4,1,5,17,18,2,0,6,9,11,1.8,2.2,3,5,8,1,3,4,0.4,0.4,4,1,1,8,9,26,0,3,4,7,12,1.4,2.4,0,6,9,0,4,5,0.2,0.0,4,4,7,7,4,4,9,16,20,7,13,109,111,-2,1539,1546,-7,59000000,56000000,0,1,1,0
2024,1208357,34,Fecha inválida,Liverpool,Tottenham,0,0,22,6,4,0,28,13,3,0,11,10,5,2.0,1.0,4,6,7,3,2,2,0.6,0.6,8,2,2,6,20,19,0,1,4,9,8,1.8,1.6,2,6,7,1,3,3,0.0,0.5,18,9,7,7,9,18,14,14,1,8,-7,110,112,-2,1540,1547,-7,50000000,57000000,1,2,0,1
2024,1208361,34,Fecha inválida,Southampton,Fulham,0,0,2,0,2,8,5,25,0,2,1,4,12,0.8,2.4,1,4,5,0,3,2,0.0,0.0,15,3,6,1,16,14,1,0,8,8,7,1.6,1.4,2,8,6,1,4,2,0.17,0.5,6,5,3,3,5,6,-13,-22,2,17,-15,111,111,0,1541,1536,5,51000000,56000000,2,0,1,0
2024,1208354,34,Fecha inválida,Arsenal,Crystal Palace,0,0,22,6,4,0,22,7,0,0,11,12,4,2.4,0.8,4,6,4,2,3,2,0.75,0.5,14,3,5,2,13,15,0,1,6,6,7,1.2,1.4,2,7,5,1,3,2,0.17,0.5,15,7,3,3,7,15,8,17,3,13,-10,111,111,0,1542,1552,-10,52000000,52000000,0,1,0,0
2024,1208356,34,Fecha inválida,Chelsea,Everton,0,0,18,5,3,2,19,12,0,0,13,15,6,3.0,1.2,2,7,6,1,4,4,0.5,0.5,9,1,6,3,5,8,0,0,6,4,4,0.8,0.8,6,1,2,4,0,2,0.2,0.0,15,8,9,9,8,15,9,10,10,6,4,111,111,0,1549,1545,4,59000000,55000000,1,0,1,1
2024,1208358,34,Fecha inválida,Manchester City,Aston Villa,0,0,11,3,2,5,15,16,0,3,4,6,10,1.2,2.0,2,6,7,1,2,4,0.4,0.2,14,4,2,4,13,17,0,1,7,6,8,1.2,1.6,1,6,8,1,2,3,0.67,0.0,19,3,5,5,3,19,-3,3,11,7,4,111,111,0,1550,1566,-16,50000000,56000000,2,0,0,0
2024,1208355,34,Fecha inválida,Brighton,West Ham,0,0,12,2,6,2,13,15,2,0,8,8,8,1.6,1.6,1,9,6,0,5,4,0.2,0.2,12,3,3,4,11,20,0,0,7,7,9,1.4,1.8,3,6,5,2,3,3,0.2,0.4,6,9,3,3,9,6,0,7,12,9,3,111,111,0,1551,1548,3,51000000,58000000,0,0,1,0
2024,1208360,34,Fecha inválida,Nottingham Forest,Brentford,0,0,21,7,0,3,15,12,0,2,6,5,11,1.0,2.2,5,3,6,1,2,4,0.75,0.67,14,4,2,4,19,15,1,0,10,12,8,2.4,1.6,3,6,7,1,4,4,0.6,0.2,5,5,10,10,5,5,7,-1,6,16,-10,109,111,-2,1565,1555,10,55000000,55000000,2,1,1,1
2024,1208363,35,Fecha inválida,Arsenal,Bournemouth,0,0,22,6,4,0,22,7,0,0,11,12,4,2.4,0.8,4,6,4,2,3,2,0.75,0.5,18,5,3,2,17,11,0,2,9,10,8,2.0,1.6,4,6,6,1,4,4,0.4,0.6,13,3,2,2,3,13,4,9,3,16,-13,118,118,0,1542,1535,7,52000000,55000000,0,2,0,1
2024,1208369,35,Fecha inválida,Everton,Ipswich,0,0,9,1,6,3,5,8,0,0,6,4,4,0.8,0.8,6,1,2,4,0,2,0.2,0.0,11,3,2,5,10,14,1,0,4,4,6,0.8,1.2,1,5,5,0,3,2,0.2,0.4,1,1,0,0,1,1,-2,1,6,18,-12,118,118,0,1545,1557,-12,55000000,57000000,0,0,1,1
2024,1208370,35,Fecha inválida,Leicester,Southampton,0,0,4,1,1,8,9,26,0,3,4,7,12,1.4,2.4,0,6,9,0,4,5,0.2,0.0,2,0,2,8,5,25,0,2,1,4,12,0.8,2.4,1,4,5,0,3,2,0.0,0.0,14,6,6,6,6,14,2,3,7,2,5,118,118,0,1546,1541,5,56000000,51000000,1,2,0,1
2024,1208372,35,Fecha inválida,West Ham,Tottenham,0,0,12,3,3,4,11,20,0,0,7,7,9,1.4,1.8,3,6,5,2,3,3,0.2,0.4,8,2,2,6,20,19,0,1,4,9,8,1.8,1.6,2,6,7,1,3,3,0.0,0.5,12,7,14,14,7,12,4,-10,9,8,1,118,119,-1,1548,1547,1,58000000,57000000,0,2,0,1
2024,1208367,35,Fecha inválida,Chelsea,Liverpool,0,0,18,5,3,2,19,12,0,0,13,15,6,3.0,1.2,2,7,6,1,4,4,0.5,0.5,22,6,4,0,28,13,3,0,11,10,5,2.0,1.0,4,6,7,3,2,2,0.6,0.6,10,14,17,17,14,10,-4,-8,10,1,9,118,117,1,1549,1540,9,59000000,50000000,1,1,1,0
2024,1208371,35,Fecha inválida,Manchester City,Wolves,0,0,11,3,2,5,15,16,0,3,4,6,10,1.2,2.0,2,6,7,1,2,4,0.4,0.2,13,4,1,5,17,18,2,0,6,9,11,1.8,2.2,3,5,8,1,3,4,0.4,0.4,14,2,5,5,2,14,-2,0,11,20,-9,118,116,2,1550,1539,11,50000000,59000000,2,0,0,1
2024,1208366,35,Fecha inválida,Brighton,Newcastle,0,0,12,2,6,2,13,15,2,0,8,8,8,1.6,1.6,1,9,6,0,5,4,0.2,0.2,20,6,2,2,24,12,1,0,5,9,11,1.8,2.2,4,5,7,0,4,3,0.5,0.67,8,8,5,5,8,8,-8,-14,12,15,-3,118,119,-1,1551,1534,17,51000000,54000000,0,1,1,0
2024,1208368,35,Fecha inválida,Crystal Palace,Nottingham Forest,0,0,14,3,5,2,13,15,0,1,6,6,7,1.2,1.4,2,7,5,1,3,2,0.17,0.5,21,7,0,3,15,12,0,2,6,5,11,1.0,2.2,5,3,6,1,2,4,0.75,0.67,1,6,3,3,6,1,-7,-5,13,6,7,118,116,2,1552,1565,-13,52000000,55000000,1,2,0,1
2024,1208365,35,Fecha inválida,Brentford,Manchester United,0,0,14,4,2,4,19,15,1,0,10,12,8,2.4,1.6,3,6,7,1,4,4,0.6,0.2,11,3,2,5,14,16,1,0,7,10,6,2.0,1.2,2,4,6,2,2,3,0.4,0.2,1,3,5,5,3,1,3,6,16,14,2,118,117,1,1555,1533,22,55000000,53000000,1,0,1,1
2024,1208364,35,Fecha inválida,Aston Villa,Fulham,0,0,14,4,2,4,13,17,0,1,7,6,8,1.2,1.6,1,6,8,1,2,3,0.67,0.0,15,3,6,1,16,14,1,0,8,8,7,1.6,1.4,2,8,6,1,4,2,0.17,0.5,10,5,8,8,5,10,-1,-6,7,17,-10,118,118,0,1566,1536,30,56000000,56000000,0,0,0,0
2024,1208377,36,Fecha inválida,Manchester United,West Ham,0,0,11,3,2,5,14,16,1,0,7,10,6,2.0,1.2,2,4,6,2,2,3,0.4,0.2,12,3,3,4,11,20,0,0,7,7,9,1.4,1.8,3,6,5,2,3,3,0.2,0.4,20,9,7,7,9,20,-1,7,14,9,5,124,125,-1,1533,1548,-15,53000000,58000000,0,0,1,0
2024,1208378,36,Fecha inválida,Newcastle,Chelsea,0,0,20,6,2,2,24,12,1,0,5,9,11,1.8,2.2,4,5,7,0,4,3,0.5,0.67,18,5,3,2,19,12,0,0,13,15,6,3.0,1.2,2,7,6,1,4,4,0.5,0.5,9,6,17,17,6,9,2,5,15,10,5,126,125,1,1534,1549,-15,54000000,59000000,1,1,0,1
2024,1208373,36,Fecha inválida,Bournemouth,Aston Villa,0,0,18,5,3,2,17,11,0,2,9,10,8,2.0,1.6,4,6,6,1,4,4,0.4,0.6,14,4,2,4,13,17,0,1,7,6,8,1.2,1.6,1,6,8,1,2,3,0.67,0.0,4,3,4,4,3,4,4,10,16,7,9,125,125,0,1535,1566,-31,55000000,56000000,2,0,1,0
2024,1208374,36,Fecha inválida,Fulham,Everton,0,0,15,3,6,1,16,14,1,0,8,8,7,1.6,1.4,2,8,6,1,4,2,0.17,0.5,9,1,6,3,5,8,0,0,6,4,4,0.8,0.8,6,1,2,4,0,2,0.2,0.0,6,6,9,9,6,6,6,5,17,6,11,125,125,0,1536,1545,-9,56000000,55000000,0,0,0,1
2024,1208382,36,Fecha inválida,Wolves,Brighton,0,0,13,4,1,5,17,18,2,0,6,9,11,1.8,2.2,3,5,8,1,3,4,0.4,0.4,12,2,6,2,13,15,2,0,8,8,8,1.6,1.6,1,9,6,0,5,4,0.2,0.2,4,11,9,9,11,4,1,1,20,12,8,123,125,-2,1539,1551,-12,59000000,51000000,0,0,1,1
2024,1208376,36,Fecha inválida,Liverpool,Arsenal,0,0,22,6,4,0,28,13,3,0,11,10,5,2.0,1.0,4,6,7,3,2,2,0.6,0.6,22,6,4,0,22,7,0,0,11,12,4,2.4,0.8,4,6,4,2,3,2,0.75,0.5,15,13,10,10,13,15,0,0,1,3,-2,124,125,-1,1540,1542,-2,50000000,52000000,1,0,0,0
2024,1208380,36,Fecha inválida,Southampton,Manchester City,0,0,2,0,2,8,5,25,0,2,1,4,12,0.8,2.4,1,4,5,0,3,2,0.0,0.0,11,3,2,5,15,16,0,3,4,6,10,1.2,2.0,2,6,7,1,2,4,0.4,0.2,4,5,18,18,5,4,-9,-19,2,11,-9,125,125,0,1541,1550,-9,51000000,50000000,2,2,1,0
2024,1208381,36,Fecha inválida,Tottenham,Crystal Palace,0,0,8,2,2,6,20,19,0,1,4,9,8,1.8,1.6,2,6,7,1,3,3,0.0,0.5,14,3,5,2,13,15,0,1,6,6,7,1.2,1.4,2,7,5,1,3,2,0.17,0.5,17,4,5,5,4,17,-6,3,8,13,-5,126,125,1,1547,1552,-5,57000000,52000000,2,1,1,0
2024,1208375,36,Fecha inválida,Ipswich,Brentford,0,0,11,3,2,5,10,14,1,0,4,4,6,0.8,1.2,1,5,5,0,3,2,0.2,0.4,14,4,2,4,19,15,1,0,10,12,8,2.4,1.6,3,6,7,1,4,4,0.6,0.2,2,5,5,5,5,2,-3,-8,18,16,2,125,125,0,1557,1555,2,57000000,55000000,0,1,1,1
2024,1208379,36,Fecha inválida,Nottingham Forest,Leicester,0,0,21,7,0,3,15,12,0,2,6,5,11,1.0,2.2,5,3,6,1,2,4,0.75,0.67,4,1,1,8,9,26,0,3,4,7,12,1.4,2.4,0,6,9,0,4,5,0.2,0.0,4,5,3,3,5,4,17,20,6,7,-1,123,125,-2,1565,1546,19,55000000,56000000,2,1,1,0
2024,1208383,37,Fecha inválida,Arsenal,Newcastle,0,0,22,6,4,0,22,7,0,0,11,12,4,2.4,0.8,4,6,4,2,3,2,0.75,0.5,20,6,2,2,24,12,1,0,5,9,11,1.8,2.2,4,5,7,0,4,3,0.5,0.67,20,5,6,6,5,20,2,3,3,15,-12,133,134,-1,1542,1534,8,52000000,54000000,0,1,0,0
2024,1208389,37,Fecha inválida,Everton,Southampton,0,0,9,1,6,3,5,8,0,0,6,4,4,0.8,0.8,6,1,2,4,0,2,0.2,0.0,2,0,2,8,5,25,0,2,1,4,12,0.8,2.4,1,4,5,0,3,2,0.0,0.0,10,5,11,11,5,10,7,17,6,2,4,133,133,0,1545,1541,4,55000000,51000000,0,2,1,1
2024,1208390,37,Fecha inválida,Leicester,Ipswich,0,0,4,1,1,8,9,26,0,3,4,7,12,1.4,2.4,0,6,9,0,4,5,0.2,0.0,11,3,2,5,10,14,1,0,4,4,6,0.8,1.2,1,5,5,0,3,2,0.2,0.4,4,5,1,1,5,4,-7,-13,7,18,-11,133,133,0,1546,1557,-11,56000000,57000000,1,0,0,1
2024,1208392,37,Fecha inválida,West Ham,Nottingham Forest,0,0,12,3,3,4,11,20,0,0,7,7,9,1.4,1.8,3,6,5,2,3,3,0.2,0.4,21,7,0,3,15,12,0,2,6,5,11,1.0,2.2,5,3,6,1,2,4,0.75,0.67,4,1,4,4,1,4,-9,-12,9,6,3,133,131,2,1548,1565,-17,58000000,55000000,0,2,0,1
2024,1208387,37,Fecha inválida,Chelsea,Manchester United,0,0,18,5,3,2,19,12,0,0,13,15,6,3.0,1.2,2,7,6,1,4,4,0.5,0.5,11,3,2,5,14,16,1,0,7,10,6,2.0,1.2,2,4,6,2,2,3,0.4,0.2,12,15,11,11,15,12,7,9,10,14,-4,133,132,1,1549,1533,16,59000000,53000000,1,0,1,1
2024,1208391,37,Fecha inválida,Manchester City,Bournemouth,0,0,11,3,2,5,15,16,0,3,4,6,10,1.2,2.0,2,6,7,1,2,4,0.4,0.2,18,5,3,2,17,11,0,2,9,10,8,2.0,1.6,4,6,6,1,4,4,0.4,0.6,15,1,1,1,1,15,-7,-7,11,16,-5,133,133,0,1550,1535,15,50000000,55000000,2,2,0,1
2024,1208386,37,Fecha inválida,Brighton,Liverpool,0,0,12,2,6,2,13,15,2,0,8,8,8,1.6,1.6,1,9,6,0,5,4,0.2,0.2,22,6,4,0,28,13,3,0,11,10,5,2.0,1.0,4,6,7,3,2,2,0.6,0.6,3,5,12,12,5,3,-10,-17,12,1,11,133,132,1,1551,1540,11,51000000,50000000,0,1,1,0
2024,1208388,37,Fecha inválida,Crystal Palace,Wolves,0,0,14,3,5,2,13,15,0,1,6,6,7,1.2,1.4,2,7,5,1,3,2,0.17,0.5,13,4,1,5,17,18,2,0,6,9,11,1.8,2.2,3,5,8,1,3,4,0.4,0.4,10,3,5,5,3,10,1,-1,13,20,-7,133,131,2,1552,1539,13,52000000,59000000,1,0,0,1
2024,1208385,37,Fecha inválida,Brentford,Fulham,0,0,14,4,2,4,19,15,1,0,10,12,8,2.4,1.6,3,6,7,1,4,4,0.6,0.2,15,3,6,1,16,14,1,0,8,8,7,1.6,1.4,2,8,6,1,4,2,0.17,0.5,9,5,6,6,5,9,-1,2,16,17,-1,133,133,0,1555,1536,19,55000000,56000000,1,0,1,0
2024,1208384,37,Fecha inválida,Aston Villa,Tottenham,0,0,14,4,2,4,13,17,0,1,7,6,8,1.2,1.6,1,6,8,1,2,3,0.67,0.0,8,2,2,6,20,19,0,1,4,9,8,1.8,1.6,2,6,7,1,3,3,0.0,0.5,5,2,19,19,2,5,6,-5,7,8,-1,133,134,-1,1566,1547,19,56000000,57000000,0,2,0,1
2024,1208397,38,Fecha inválida,Manchester United,Aston Villa,0,0,11,3,2,5,14,16,1,0,7,10,6,2.0,1.2,2,4,6,2,2,3,0.4,0.2,14,4,2,4,13,17,0,1,7,6,8,1.2,1.6,1,6,8,1,2,3,0.67,0.0,18,7,2,2,7,18,-3,2,14,7,7,139,141,-2,1533,1566,-33,53000000,56000000,0,0,1,0
2024,1208398,38,Fecha inválida,Newcastle,Everton,0,0,20,6,2,2,24,12,1,0,5,9,11,1.8,2.2,4,5,7,0,4,3,0.5,0.67,9,1,6,3,5,8,0,0,6,4,4,0.8,0.8,6,1,2,4,0,2,0.2,0.0,9,6,13,13,6,9,11,15,15,6,9,141,141,0,1534,1545,-11,54000000,55000000,1,0,0,1
2024,1208393,38,Fecha inválida,Bournemouth,Leicester,0,0,18,5,3,2,17,11,0,2,9,10,8,2.0,1.6,4,6,6,1,4,4,0.4,0.6,4,1,1,8,9,26,0,3,4,7,12,1.4,2.4,0,6,9,0,4,5,0.2,0.0,5,6,6,6,6,5,14,23,16,7,9,141,141,0,1535,1546,-11,55000000,56000000,2,1,1,0
2024,1208394,38,Fecha inválida,Fulham,Manchester City,0,0,15,3,6,1,16,14,1,0,8,8,7,1.6,1.4,2,8,6,1,4,2,0.17,0.5,11,3,2,5,15,16,0,3,4,6,10,1.2,2.0,2,6,7,1,2,4,0.4,0.2,0,3,18,18,3,0,4,3,17,11,6,140,141,-1,1536,1550,-14,56000000,50000000,0,2,0,0
2024,1208402,38,Fecha inválida,Wolves,Brentford,0,0,13,4,1,5,17,18,2,0,6,9,11,1.8,2.2,3,5,8,1,3,4,0.4,0.4,14,4,2,4,19,15,1,0,10,12,8,2.4,1.6,3,6,7,1,4,4,0.6,0.2,9,5,6,6,5,9,-1,-5,20,16,4,138,141,-3,1539,1555,-16,59000000,55000000,0,1,1,1
2024,1208396,38,Fecha inválida,Liverpool,Crystal Palace,0,0,22,6,4,0,28,13,3,0,11,10,5,2.0,1.0,4,6,7,3,2,2,0.6,0.6,14,3,5,2,13,15,0,1,6,6,7,1.2,1.4,2,7,5,1,3,2,0.17,0.5,17,4,5,5,4,17,8,17,1,13,-12,139,141,-2,1540,1552,-12,50000000,52000000,1,1,0,0
2024,1208400,38,Fecha inválida,Southampton,Arsenal,0,0,2,0,2,8,5,25,0,2,1,4,12,0.8,2.4,1,4,5,0,3,2,0.0,0.0,22,6,4,0,22,7,0,0,11,12,4,2.4,0.8,4,6,4,2,3,2,0.75,0.5,7,9,12,12,9,7,-20,-35,2,3,-1,141,140,1,1541,1542,-1,51000000,52000000,2,0,1,0
2024,1208401,38,Fecha inválida,Tottenham,Brighton,0,0,8,2,2,6,20,19,0,1,4,9,8,1.8,1.6,2,6,7,1,3,3,0.0,0.5,12,2,6,2,13,15,2,0,8,8,8,1.6,1.6,1,9,6,0,5,4,0.2,0.2,11,2,5,5,2,11,-4,3,8,12,-4,141,140,1,1547,1551,-4,57000000,51000000,2,0,1,1
2024,1208395,38,Fecha inválida,Ipswich,West Ham,0,0,11,3,2,5,10,14,1,0,4,4,6,0.8,1.2,1,5,5,0,3,2,0.2,0.4,12,3,3,4,11,20,0,0,7,7,9,1.4,1.8,3,6,5,2,3,3,0.2,0.4,2,1,3,3,1,2,-1,5,18,9,9,140,141,-1,1557,1548,9,57000000,58000000,0,0,1,0
2024,1208399,38,Fecha inválida,Nottingham Forest,Chelsea,0,0,21,7,0,3,15,12,0,2,6,5,11,1.0,2.2,5,3,6,1,2,4,0.75,0.67,18,5,3,2,19,12,0,0,13,15,6,3.0,1.2,2,7,6,1,4,4,0.5,0.5,1,4,4,4,4,1,3,-4,6,10,-4,138,141,-3,1565,1549,16,55000000,59000000,2,1,1,1
