temporada,id_partido,fecha,fecha_partido,nombre_equipo_local,nombre_equipo_visitante,goles_equipo_local,goles_equipo_visitante,puntos_acumulados_local,wins_last10_local,draws_last10_local,losses_last10_local,goles_favor_last10_local,goles_contra_last10_local,current_win_streak_local,current_loss_streak_local,puntos_ultimos5_local,goles_favor_ultimos5_local,goles_contra_ultimos5_local,prom_goles_favor_ultimos5_local,prom_goles_contra_ultimos5_local,clean_sheets_last10_local,btts_last10_local,over25_last10_local,clean_sheets_last5_local,btts_last5_local,over25_last5_local,home_win_rate_local,away_win_rate_local,puntos_acumulados_visitante,wins_last10_visitante,draws_last10_visitante,losses_last10_visitante,goles_favor_last10_visitante,goles_contra_last10_visitante,current_win_streak_visitante,current_loss_streak_visitante,puntos_ultimos5_visitante,goles_favor_ultimos5_visitante,goles_contra_ultimos5_visitante,prom_goles_favor_ultimos5_visitante,prom_goles_contra_ultimos5_visitante,clean_sheets_last10_visitante,btts_last10_visitante,over25_last10_visitante,clean_sheets_last5_visitante,btts_last5_visitante,over25_last5_visitante,home_win_rate_visitante,away_win_rate_visitante,head2head_local_wins,head2head_local_draws,head2head_local_losses,head2head_visitante_wins,head2head_visitante_draws,head2head_visitante_losses,puntos_balance,goles_balance,posicion_tabla_local,posicion_tabla_visitante,diff_posicion_tabla,dias_descanso_local,dias_descanso_visitante,diff_dias_descanso,elo_rating_local,elo_rating_visitante,diff_elo_rating,valor_mercado_local,valor_mercado_visitante,jugadores_lesionados_local,jugadores_lesionados_visitante,titulares_sancionados_local,titulares_sancionados_visitante
2024,1252419,1,Fecha inválida,Al Taawon,Al-Fayha,1,0,0,0,0,0,0,0,0,0,0,0,0,0.0,0.0,0,0,0,0,0,0,0.0,0.0,0,0,0,0,0,0,0,0,0,0,0,0.0,0.0,0,0,0,0,0,0,0.0,0.0,6,7,2,2,7,6,0,0,17,5,12,0,0,0,1536,1544,-8,56000000,54000000,2,1,0,0
2024,1252420,1,Fecha inválida,Al Wehda Club,Al Riyadh,3,3,0,0,0,0,0,0,0,0,0,0,0,0.0,0.0,0,0,0,0,0,0,0.0,0.0,0,0,0,0,0,0,0,0,0,0,0,0.0,0.0,0,0,0,0,0,0,0.0,0.0,1,2,1,1,2,1,0,0,18,12,6,0,0,0,1537,1511,26,57000000,51000000,0,2,1,1
2024,1252421,1,Fecha inválida,Al-Nassr,Al-Raed,1,1,0,0,0,0,0,0,0,0,0,0,0,0.0,0.0,0,0,0,0,0,0,0.0,0.0,0,0,0,0,0,0,0,0,0,0,0,0.0,0.0,0,0,0,0,0,0,0.0,0.0,15,3,1,1,3,15,0,0,20,16,4,0,0,0,1539,1535,4,59000000,55000000,2,1,1,1
2024,1252422,1,Fecha inválida,Damac,Al Khaleej Saihat,0,1,0,0,0,0,0,0,0,0,0,0,0,0.0,0.0,0,0,0,0,0,0,0.0,0.0,0,0,0,0,0,0,0,0,0,0,0,0.0,0.0,0,0,0,0,0,0,0.0,0.0,3,3,5,5,3,3,0,0,17,9,8,0,0,0,1556,1528,28,56000000,58000000,1,0,0,0
2024,1252423,1,Fecha inválida,Al-Ahli Jeddah,Al Orubah,2,0,0,0,0,0,0,0,0,0,0,0,0,0.0,0.0,0,0,0,0,0,0,0.0,0.0,0,0,0,0,0,0,0,0,0,0,0,0.0,0.0,0,0,0,0,0,0,0.0,0.0,3,2,0,0,2,3,0,0,10,2,8,0,0,0,1529,1561,-32,59000000,51000000,1,0,1,1
2024,1252424,1,Fecha inválida,Al-Qadisiyah FC,Al-Fateh,3,0,0,0,0,0,0,0,0,0,0,0,0,0.0,0.0,0,0,0,0,0,0,0.0,0.0,0,0,0,0,0,0,0,0,0,0,0,0.0,0.0,0,0,0,0,0,0,0.0,0.0,1,4,5,5,4,1,0,0,14,12,2,0,0,0,1533,1531,2,53000000,51000000,2,0,1,1
2024,1252425,1,Fecha inválida,Al Kholood,Al-Ittihad FC,0,1,0,0,0,0,0,0,0,0,0,0,0,0.0,0.0,0,0,0,0,0,0,0.0,0.0,0,0,0,0,0,0,0,0,0,0,0,0.0,0.0,0,0,0,0,0,0,0.0,0.0,0,1,2,2,1,0,0,0,10,19,-9,0,0,0,1509,1538,-29,59000000,58000000,0,1,1,0
2024,1252427,1,Fecha inválida,Al Shabab,Al-Ettifaq,0,1,0,0,0,0,0,0,0,0,0,0,0,0.0,0.0,0,0,0,0,0,0,0.0,0.0,0,0,0,0,0,0,0,0,0,0,0,0.0,0.0,0,0,0,0,0,0,0.0,0.0,6,7,5,5,7,6,0,0,1,15,-14,0,0,0,1540,1534,6,50000000,54000000,0,0,0,0
2024,1252426,1,Fecha inválida,Al Akhdoud,Al-Hilal Saudi FC,0,3,0,0,0,0,0,0,0,0,0,0,0,0.0,0.0,0,0,0,0,0,0,0.0,0.0,0,0,0,0,0,0,0,0,0,0,0,0.0,0.0,0,0,0,0,0,0,0.0,0.0,0,1,3,3,1,0,0,0,18,13,5,0,0,0,1577,1532,45,57000000,52000000,1,1,1,0
2024,1252428,2,Fecha inválida,Al-Fateh,Al-Ahli Jeddah,1,0,0,0,0,1,0,3,0,1,0,0,3,0.0,3.0,0,0,1,0,0,1,0.0,0.0,3,1,0,0,2,0,1,0,3,2,0,2.0,0.0,1,0,0,1,0,0,1.0,0.0,5,3,8,8,3,5,-3,-5,12,10,2,3,3,0,1531,1529,2,51000000,59000000,0,1,1,1
2024,1252429,2,Fecha inválida,Al-Raed,Al-Qadisiyah FC,0,1,1,0,1,0,1,1,0,0,1,1,1,1.0,1.0,0,1,0,0,1,0,0.0,0.0,3,1,0,0,3,0,1,0,3,3,0,3.0,0.0,1,0,1,1,0,1,1.0,0.0,2,5,4,4,5,2,-2,-3,16,14,2,5,4,1,1535,1533,2,55000000,53000000,1,2,1,1
2024,1252430,2,Fecha inválida,Al-Fayha,Al-Nassr,1,4,0,0,0,1,0,1,0,1,0,0,1,0.0,1.0,0,0,0,0,0,0,0.0,0.0,1,0,1,0,1,1,0,0,1,1,1,1.0,1.0,0,1,0,0,1,0,0.0,0.0,1,5,12,12,5,1,-1,-1,5,20,-15,5,5,0,1544,1539,5,54000000,59000000,1,2,0,1
2024,1252431,2,Fecha inválida,Al-Ettifaq,Al Akhdoud,1,0,3,1,0,0,1,0,1,0,3,1,0,1.0,0.0,1,0,0,1,0,0,0.0,1.0,0,0,0,1,0,3,0,1,0,0,3,0.0,3.0,0,0,1,0,0,1,0.0,0.0,1,2,1,1,2,1,3,4,15,18,-3,3,3,0,1534,1577,-43,54000000,57000000,0,1,0,1
2024,1252432,2,Fecha inválida,Al-Hilal Saudi FC,Damac,3,2,3,1,0,0,3,0,1,0,3,3,0,3.0,0.0,1,0,1,1,0,1,0.0,1.0,0,0,0,1,0,1,0,1,0,0,1,0.0,1.0,0,0,0,0,0,0,0.0,0.0,7,4,1,1,4,7,3,4,13,17,-4,4,5,-1,1532,1556,-24,52000000,56000000,1,1,0,0
2024,1252433,2,Fecha inválida,Al Wehda Club,Al Orubah,2,1,1,0,1,0,3,3,0,0,1,3,3,3.0,3.0,0,1,1,0,1,1,0.0,0.0,0,0,0,1,0,2,0,1,0,0,2,0.0,2.0,0,0,0,0,0,0,0.0,0.0,5,2,1,1,2,5,1,2,18,2,16,6,5,1,1537,1561,-24,57000000,51000000,0,0,1,1
2024,1252434,2,Fecha inválida,Al Riyadh,Al Kholood,3,1,1,0,1,0,3,3,0,0,1,3,3,3.0,3.0,0,1,1,0,1,1,0.0,0.0,0,0,0,1,0,1,0,1,0,0,1,0.0,1.0,0,0,0,0,0,0,0.0,0.0,1,2,1,1,2,1,1,1,12,10,2,6,4,2,1511,1509,2,51000000,59000000,2,0,1,1
2024,1252435,2,Fecha inválida,Al Khaleej Saihat,Al Shabab,0,1,3,1,0,0,1,0,1,0,3,1,0,1.0,0.0,1,0,0,1,0,0,0.0,1.0,0,0,0,1,0,1,0,1,0,0,1,0.0,1.0,0,0,0,0,0,0,0.0,0.0,1,3,5,5,3,1,3,2,9,1,8,6,5,1,1528,1540,-12,58000000,50000000,0,0,0,0
2024,1252436,2,Fecha inválida,Al-Ittihad FC,Al Taawon,2,1,3,1,0,0,1,0,1,0,3,1,0,1.0,0.0,1,0,0,1,0,0,0.0,1.0,3,1,0,0,1,0,1,0,3,1,0,1.0,0.0,1,0,0,1,0,0,1.0,0.0,9,7,4,4,7,9,0,0,19,17,2,5,7,-2,1538,1536,2,58000000,56000000,1,2,0,0
2024,1252437,3,Fecha inválida,Al Taawon,Al Khaleej Saihat,2,0,3,1,0,1,2,2,1,0,3,2,2,1.0,1.0,1,1,1,1,1,1,1.0,0.0,3,1,0,1,1,1,1,0,3,1,1,0.5,0.5,1,0,0,1,0,0,0.0,1.0,3,4,1,1,4,3,0,0,17,9,8,14,14,0,1536,1528,8,56000000,58000000,2,0,0,0
2024,1252440,3,Fecha inválida,Damac,Al Akhdoud,3,1,0,0,0,2,2,4,0,2,0,2,4,1.0,2.0,0,1,1,0,1,1,0.0,0.0,0,0,0,2,0,4,0,2,0,0,4,0.0,2.0,0,0,1,0,0,1,0.0,0.0,3,1,0,0,1,3,0,2,17,18,-1,15,16,-1,1556,1577,-21,56000000,57000000,1,1,0,1
2024,1252438,3,Fecha inválida,Al-Nassr,Al-Ahli Jeddah,1,1,4,1,1,0,5,2,0,0,4,5,2,2.5,1.0,0,2,1,0,2,1,0.0,1.0,3,1,0,1,2,1,1,0,3,2,1,1.0,0.5,1,0,0,1,0,0,1.0,0.0,10,6,2,2,6,10,1,2,20,10,10,17,17,0,1539,1529,10,59000000,59000000,2,1,1,1
2024,1252441,3,Fecha inválida,Al-Fateh,Al-Ettifaq,1,2,3,1,0,1,1,3,0,1,3,1,3,0.5,1.5,1,0,1,1,0,1,1.0,0.0,6,2,0,0,2,0,2,0,6,2,0,1.0,0.0,2,0,0,2,0,0,1.0,1.0,6,8,5,5,8,6,-3,-4,12,15,-3,17,16,1,1531,1534,-3,51000000,54000000,0,0,1,0
2024,1252444,3,Fecha inválida,Al-Fayha,Al-Raed,0,5,0,0,0,2,1,5,0,2,0,1,5,0.5,2.5,0,1,1,0,1,1,0.0,0.0,1,0,1,1,1,2,0,0,1,1,2,0.5,1.0,0,1,0,0,1,0,0.0,0.0,4,5,5,5,5,4,-1,-3,5,16,-11,17,17,0,1544,1535,9,54000000,55000000,1,1,0,1
2024,1252439,3,Fecha inválida,Al Riyadh,Al-Hilal Saudi FC,0,3,4,1,1,0,6,4,0,0,4,6,4,3.0,2.0,0,2,2,0,2,2,1.0,0.0,6,2,0,0,6,2,2,0,6,6,2,3.0,1.0,1,1,2,1,1,2,1.0,1.0,0,1,3,3,1,0,-2,-2,12,13,-1,16,17,-1,1511,1532,-21,51000000,52000000,2,1,1,0
2024,1252442,3,Fecha inválida,Al-Qadisiyah FC,Al Shabab,0,1,6,2,0,0,4,0,2,0,6,4,0,2.0,0.0,2,0,1,2,0,1,1.0,1.0,3,1,0,1,1,1,0,1,3,1,1,0.5,0.5,1,0,0,1,0,0,0.0,1.0,2,4,5,5,4,2,3,4,14,1,13,18,16,2,1533,1540,-7,53000000,50000000,2,0,1,0
2024,1252445,3,Fecha inválida,Al Kholood,Al Orubah,3,3,0,0,0,2,1,4,0,2,0,1,4,0.5,2.0,0,1,1,0,1,1,0.0,0.0,0,0,0,2,1,4,0,2,0,1,4,0.5,2.0,0,1,1,0,1,1,0.0,0.0,2,3,3,3,3,2,0,0,10,2,8,16,17,-1,1509,1561,-52,59000000,51000000,0,0,1,1
2024,1252443,3,Fecha inválida,Al-Ittihad FC,Al Wehda Club,7,1,6,2,0,0,3,1,2,0,6,3,1,1.5,0.5,1,1,1,1,1,1,1.0,1.0,4,1,1,0,5,4,0,0,4,5,4,2.5,2.0,0,2,2,0,2,2,0.5,0.0,12,3,3,3,3,12,2,1,19,18,1,17,18,-1,1538,1537,1,58000000,57000000,1,0,0,1
2024,1252449,4,Fecha inválida,Al Akhdoud,Al-Qadisiyah FC,0,0,0,0,0,3,1,7,0,3,0,1,7,0.33,2.33,0,1,2,0,1,2,0.0,0.0,6,2,0,1,4,1,2,0,6,4,1,1.33,0.33,2,0,1,2,0,1,0.5,1.0,1,3,2,2,3,1,-6,-9,18,14,4,5,4,1,1577,1533,44,57000000,53000000,1,2,1,1
2024,1252448,4,Fecha inválida,Al Orubah,Al-Fateh,1,0,1,0,1,2,4,7,0,2,1,4,7,1.33,2.33,0,2,2,0,2,2,0.0,0.0,3,1,0,2,2,5,0,1,3,2,5,0.67,1.67,1,1,2,1,1,2,0.5,0.0,1,1,0,0,1,1,-2,0,2,12,-10,4,5,-1,1561,1531,30,51000000,51000000,0,0,1,1
2024,1252447,4,Fecha inválida,Al Wehda Club,Al Kholood,0,1,4,1,1,1,6,11,0,0,4,6,11,2.0,3.67,0,3,3,0,3,3,0.5,0.0,1,0,1,2,4,7,0,2,1,4,7,1.33,2.33,0,2,2,0,2,2,0.0,0.0,1,2,1,1,2,1,3,-2,18,10,8,4,4,0,1537,1509,28,57000000,59000000,0,0,1,1
2024,1252451,4,Fecha inválida,Al Khaleej Saihat,Al-Fayha,0,0,3,1,0,2,1,3,1,0,3,1,3,0.33,1.0,1,0,0,1,0,0,0.0,0.5,0,0,0,3,1,10,0,3,0,1,10,0.33,3.33,0,1,2,0,1,2,0.0,0.0,2,3,4,4,3,2,3,7,9,5,4,6,5,1,1528,1544,-16,58000000,54000000,0,1,0,0
2024,1252453,4,Fecha inválida,Al-Ahli Jeddah,Damac,4,2,4,1,1,1,3,2,1,0,4,3,2,1.0,0.67,1,1,0,1,1,0,1.0,0.0,3,1,0,2,5,5,0,2,3,5,5,1.67,1.67,0,2,2,0,2,2,0.5,0.0,3,4,3,3,4,3,1,1,10,17,-7,6,7,-1,1529,1556,-27,59000000,56000000,1,1,1,0
2024,1252450,4,Fecha inválida,Al-Ettifaq,Al-Nassr,0,3,9,3,0,0,4,1,3,0,9,4,1,1.33,0.33,2,1,1,2,1,1,1.0,1.0,5,1,2,0,6,3,0,0,5,6,3,2.0,1.0,0,3,1,0,3,1,0.0,1.0,4,6,10,10,6,4,4,0,15,20,-5,6,7,-1,1534,1539,-5,54000000,59000000,0,2,0,1
2024,1252454,4,Fecha inválida,Al Shabab,Al Taawon,1,0,6,2,0,1,2,1,0,1,6,2,1,0.67,0.33,2,0,0,2,0,0,0.0,1.0,6,2,0,1,4,2,1,0,6,4,2,1.33,0.67,2,1,1,2,1,1,1.0,0.0,4,6,9,9,6,4,0,-1,1,17,-16,6,7,-1,1540,1536,4,50000000,56000000,0,2,0,0
2024,1252446,4,Fecha inválida,Al-Raed,Al Riyadh,1,2,4,1,1,1,6,2,0,0,4,6,2,2.0,0.67,1,1,1,1,1,1,0.0,0.5,4,1,1,1,6,7,0,0,4,6,7,2.0,2.33,0,2,3,0,2,3,0.5,0.0,1,2,1,1,2,1,0,5,16,12,4,6,6,0,1535,1511,24,55000000,51000000,1,2,1,1
2024,1252452,4,Fecha inválida,Al-Hilal Saudi FC,Al-Ittihad FC,3,1,9,3,0,0,9,2,3,0,9,9,2,3.0,0.67,2,1,3,2,1,3,1.0,1.0,9,3,0,0,10,2,3,0,9,10,2,3.33,0.67,1,2,2,1,2,2,1.0,1.0,18,6,3,3,6,18,0,-1,13,19,-6,7,6,1,1532,1538,-6,52000000,58000000,1,1,0,0
2024,1252456,5,Fecha inválida,Al-Nassr,Al Wehda Club,2,0,8,2,2,0,9,3,0,0,8,9,3,2.25,0.75,1,3,2,1,3,2,0.0,1.0,4,1,1,2,6,12,0,0,4,6,12,1.5,3.0,0,3,3,0,3,3,0.33,0.0,11,3,3,3,3,11,4,12,20,18,2,6,7,-1,1539,1537,2,59000000,57000000,2,0,1,1
2024,1252457,5,Fecha inválida,Al-Qadisiyah FC,Al-Ahli Jeddah,1,0,7,2,1,1,4,1,2,0,7,4,1,1.0,0.25,3,0,1,3,0,1,0.5,0.5,7,2,1,1,7,4,1,0,7,7,4,1.75,1.0,1,2,1,1,2,1,1.0,0.0,4,2,7,7,2,4,0,0,14,10,4,8,7,1,1533,1529,4,53000000,59000000,2,1,1,1
2024,1252462,5,Fecha inválida,Al-Ittihad FC,Al Khaleej Saihat,4,1,9,3,0,1,11,5,3,0,9,11,5,2.75,1.25,1,3,3,1,3,3,1.0,0.5,4,1,1,2,1,3,1,0,4,1,3,0.25,0.75,2,0,0,2,0,0,0.0,0.5,5,3,0,0,3,5,5,8,19,9,10,6,7,-1,1538,1528,10,58000000,58000000,1,0,0,0
2024,1252455,5,Fecha inválida,Al-Fateh,Al Akhdoud,2,4,3,1,0,3,2,6,0,1,3,2,6,0.5,1.5,1,1,2,1,1,2,0.5,0.0,1,0,1,3,1,7,0,3,1,1,7,0.25,1.75,1,1,2,1,1,2,0.0,0.0,2,2,1,1,2,2,2,2,12,18,-6,8,8,0,1531,1577,-46,51000000,57000000,0,1,1,1
2024,1252458,5,Fecha inválida,Al Orubah,Damac,1,0,4,1,1,2,5,7,0,2,4,5,7,1.25,1.75,1,2,2,1,2,2,1.0,0.0,3,1,0,3,7,9,0,2,3,7,9,1.75,2.25,0,3,3,0,3,3,0.5,0.0,3,3,2,2,3,3,1,0,2,17,-15,8,7,1,1561,1556,5,51000000,56000000,0,1,1,0
2024,1252460,5,Fecha inválida,Al Kholood,Al-Hilal Saudi FC,2,4,4,1,1,2,5,7,0,2,4,5,7,1.25,1.75,1,2,2,1,2,2,0.0,0.5,12,4,0,0,12,3,4,0,12,12,3,3.0,0.75,2,2,4,2,2,4,1.0,1.0,0,1,1,1,1,0,-8,-11,10,13,-3,9,7,2,1509,1532,-23,59000000,52000000,0,1,1,0
2024,1252463,5,Fecha inválida,Al-Fayha,Al Riyadh,2,0,1,0,1,3,1,10,0,3,1,1,10,0.25,2.5,1,1,2,1,1,2,0.0,0.0,7,2,1,1,8,8,0,0,7,8,8,2.0,2.0,0,3,4,0,3,4,0.5,0.5,3,2,0,0,2,3,-6,-9,5,12,-7,9,7,2,1544,1511,33,54000000,51000000,1,2,0,1
2024,1252459,5,Fecha inválida,Al Taawon,Al-Ettifaq,1,1,6,2,0,2,4,3,1,0,6,4,3,1.0,0.75,2,1,1,2,1,1,1.0,0.0,9,3,0,1,4,4,3,0,9,4,4,1.0,1.0,2,1,2,2,1,2,0.5,1.0,10,4,5,5,4,10,-3,1,17,15,2,8,9,-1,1536,1534,2,56000000,54000000,2,0,0,0
2024,1252461,5,Fecha inválida,Al Shabab,Al-Raed,2,1,9,3,0,1,3,1,0,1,9,3,1,0.75,0.25,3,0,0,3,0,0,0.5,1.0,4,1,1,2,7,4,0,0,4,7,4,1.75,1.0,1,2,2,1,2,2,0.0,0.5,6,8,4,4,8,6,5,-1,1,16,-15,8,8,0,1540,1535,5,50000000,55000000,0,1,0,1
2024,1252469,6,Fecha inválida,Al-Ettifaq,Al-Raed,0,1,10,3,1,1,5,5,3,0,10,5,5,1.0,1.0,2,2,2,2,2,2,0.5,0.67,4,1,1,3,8,6,0,0,4,8,6,1.6,1.2,1,3,3,1,3,3,0.0,0.33,7,6,5,5,6,7,6,-2,15,16,-1,3,3,0,1534,1535,-1,54000000,55000000,0,1,0,1
2024,1252467,6,Fecha inválida,Al Wehda Club,Al-Fayha,2,2,4,1,1,3,6,14,0,0,4,6,14,1.2,2.8,0,3,3,0,3,3,0.33,0.0,4,1,1,3,3,10,0,3,4,3,10,0.6,2.0,2,1,2,2,1,2,0.33,0.0,3,3,4,4,3,3,0,-1,18,5,13,6,4,2,1537,1544,-7,57000000,54000000,0,1,1,0
2024,1252466,6,Fecha inválida,Al Akhdoud,Al-Ittihad FC,1,2,4,1,1,3,5,9,0,3,4,5,9,1.0,1.8,1,2,3,1,2,3,0.0,0.33,12,4,0,1,15,6,3,0,12,15,6,3.0,1.2,1,4,4,1,4,4,1.0,0.5,0,1,3,3,1,0,-8,-13,18,19,-1,5,6,-1,1577,1538,39,57000000,58000000,1,1,1,0
2024,1252472,6,Fecha inválida,Al Khaleej Saihat,Al Kholood,1,0,4,1,1,3,2,7,1,0,4,2,7,0.4,1.4,2,1,1,2,1,1,0.0,0.33,4,1,1,3,7,11,0,2,4,7,11,1.4,2.2,1,3,3,1,3,3,0.0,0.5,2,2,0,0,2,2,0,-1,9,10,-1,6,5,1,1528,1509,19,58000000,59000000,0,0,0,1
2024,1252464,6,Fecha inválida,Al Riyadh,Al-Qadisiyah FC,2,1,7,2,1,2,8,10,0,0,7,8,10,1.6,2.0,0,3,4,0,3,4,0.5,0.33,10,3,1,1,5,1,2,0,10,5,1,1.0,0.2,4,0,1,4,0,1,0.67,0.5,1,2,1,1,2,1,-3,-6,12,14,-2,4,6,-2,1511,1533,-22,51000000,53000000,2,2,1,1
2024,1252465,6,Fecha inválida,Damac,Al Shabab,1,0,3,1,0,4,7,10,0,2,3,7,10,1.4,2.0,0,3,3,0,3,3,0.5,0.0,12,4,0,1,5,2,0,1,12,5,2,1.0,0.4,3,1,1,3,1,1,0.67,1.0,1,4,8,8,4,1,-9,-6,17,1,16,6,5,1,1556,1540,16,56000000,50000000,1,0,0,0
2024,1252470,6,Fecha inválida,Al-Nassr,Al Orubah,3,0,11,3,2,0,11,3,0,0,11,11,3,2.2,0.6,2,3,2,2,3,2,0.33,1.0,7,2,1,2,6,7,0,2,7,6,7,1.2,1.4,2,2,2,2,2,2,1.0,0.0,1,1,0,0,1,1,4,9,20,2,18,7,6,1,1539,1561,-22,59000000,51000000,2,0,1,1
2024,1252471,6,Fecha inválida,Al Taawon,Al-Fateh,2,0,7,2,1,2,5,4,1,0,7,5,4,1.0,0.8,2,2,1,2,2,1,0.67,0.0,3,1,0,4,4,10,0,1,3,4,10,0.8,2.0,1,2,3,1,2,3,0.33,0.0,8,6,5,5,6,8,4,7,17,12,5,5,7,-2,1536,1531,5,56000000,51000000,2,0,0,1
2024,1252468,6,Fecha inválida,Al-Ahli Jeddah,Al-Hilal Saudi FC,1,2,7,2,1,2,7,5,1,0,7,7,5,1.4,1.0,1,2,1,1,2,1,1.0,0.0,15,5,0,0,16,5,5,0,15,16,5,3.2,1.0,2,3,5,2,3,5,1.0,1.0,2,5,13,13,5,2,-8,-9,10,13,-3,8,7,1,1529,1532,-3,59000000,52000000,1,1,1,0
2024,1252475,7,Fecha inválida,Al Khaleej Saihat,Al-Ahli Jeddah,0,3,7,2,1,3,3,7,1,0,4,2,7,0.4,1.4,3,1,1,2,1,1,0.33,0.33,7,2,1,3,8,7,1,0,7,7,5,1.4,1.0,1,3,2,1,2,1,0.67,0.0,0,2,4,4,2,0,0,-5,9,10,-1,13,12,1,1528,1529,-1,58000000,59000000,0,1,0,1
2024,1252473,7,Fecha inválida,Al-Hilal Saudi FC,Al-Fayha,3,0,18,6,0,0,18,6,6,0,15,16,5,3.2,1.0,2,4,6,2,3,5,1.0,1.0,5,1,2,3,5,12,0,3,4,3,10,0.6,2.0,2,2,3,2,1,2,0.33,0.0,8,4,4,4,4,8,13,19,13,5,8,12,14,-2,1532,1544,-12,52000000,54000000,1,1,0,0
2024,1252474,7,Fecha inválida,Al Shabab,Al-Nassr,1,2,12,4,0,2,5,3,0,1,12,5,2,1.0,0.4,3,1,1,3,1,1,0.67,0.67,14,4,2,0,14,3,0,0,11,11,3,2.2,0.6,3,3,3,2,3,2,0.5,1.0,3,5,12,12,5,3,-2,-9,1,20,-19,14,13,1,1540,1539,1,50000000,59000000,0,2,0,1
2024,1252481,7,Fecha inválida,Al-Raed,Al Wehda Club,2,2,7,2,1,3,9,6,0,0,4,8,6,1.6,1.2,2,3,3,1,3,3,0.0,0.5,5,1,2,3,8,16,0,0,4,6,14,1.2,2.8,0,4,4,0,3,3,0.25,0.0,6,4,5,5,4,6,2,11,16,18,-2,16,15,1,1535,1537,-2,55000000,57000000,1,0,1,1
2024,1252478,7,Fecha inválida,Damac,Al Taawon,2,2,6,2,0,4,8,10,0,2,3,7,10,1.4,2.0,1,3,3,0,3,3,0.67,0.0,10,3,1,2,7,4,1,0,7,5,4,1.0,0.8,3,2,1,2,2,1,0.75,0.0,3,5,6,6,5,3,-4,-5,17,17,0,14,13,1,1556,1536,20,56000000,56000000,1,2,0,0
2024,1252477,7,Fecha inválida,Al-Ittihad FC,Al-Qadisiyah FC,3,1,15,5,0,1,17,7,3,0,12,15,6,3.0,1.2,1,5,5,1,4,4,1.0,0.67,10,3,1,2,6,3,2,0,10,5,1,1.0,0.2,4,1,2,4,0,1,0.67,0.33,6,3,1,1,3,6,5,7,19,14,5,16,15,1,1538,1533,5,58000000,53000000,1,2,0,1
2024,1252480,7,Fecha inválida,Al-Fateh,Al Kholood,1,1,3,1,0,5,4,12,0,1,3,4,10,0.8,2.0,1,2,3,1,2,3,0.33,0.0,4,1,1,4,7,12,0,2,4,7,11,1.4,2.2,1,3,3,1,3,3,0.0,0.33,0,2,0,0,2,0,-1,-3,12,10,2,14,15,-1,1531,1509,22,51000000,59000000,0,0,1,1
2024,1252476,7,Fecha inválida,Al Akhdoud,Al Riyadh,0,1,4,1,1,4,6,11,0,3,4,5,9,1.0,1.8,1,3,4,1,2,3,0.0,0.33,10,3,1,2,10,11,0,0,7,8,10,1.6,2.0,0,4,5,0,3,4,0.67,0.33,2,1,3,3,1,2,-6,-4,18,12,6,16,16,0,1577,1511,66,57000000,51000000,1,2,1,1
2024,1252479,7,Fecha inválida,Al-Ettifaq,Al Orubah,2,3,10,3,1,2,5,6,3,0,10,5,5,1.0,1.0,2,2,2,2,2,2,0.33,0.67,7,2,1,3,6,10,0,2,7,6,7,1.2,1.4,2,2,3,2,2,2,1.0,0.0,0,1,1,1,1,0,3,3,15,2,13,17,15,2,1534,1561,-27,54000000,51000000,0,0,0,1
2024,1252486,8,Fecha inválida,Al Orubah,Al Shabab,0,3,10,3,1,3,9,12,0,2,7,6,7,1.2,1.4,2,3,4,2,2,2,1.0,0.2,12,4,0,3,6,5,0,1,12,5,2,1.0,0.4,3,2,2,3,1,1,0.5,0.67,0,1,1,1,1,0,-2,-4,2,1,1,3,5,-2,1561,1540,21,51000000,50000000,0,0,1,0
2024,1252485,8,Fecha inválida,Al Wehda Club,Al Khaleej Saihat,1,3,6,1,3,3,10,18,0,0,4,6,14,1.2,2.8,0,5,5,0,3,3,0.25,0.0,7,2,1,4,3,10,1,0,4,2,7,0.4,1.4,3,1,2,2,1,1,0.25,0.33,5,3,5,5,3,5,-1,-1,18,9,9,5,6,-1,1537,1528,9,57000000,58000000,0,0,1,0
2024,1252484,8,Fecha inválida,Al Riyadh,Al-Ittihad FC,0,1,13,4,1,2,11,11,0,0,7,8,10,1.6,2.0,1,4,5,0,3,4,0.67,0.5,18,6,0,1,20,8,3,0,12,15,6,3.0,1.2,1,6,6,1,4,4,1.0,0.67,0,1,4,4,1,0,-5,-12,12,19,-7,4,5,-1,1511,1538,-27,51000000,58000000,2,1,1,0
2024,1252490,8,Fecha inválida,Al-Qadisiyah FC,Damac,2,1,10,3,1,3,7,6,2,0,10,5,1,1.0,0.2,4,2,3,4,0,1,0.67,0.25,7,2,1,4,10,12,0,2,3,7,10,1.4,2.0,1,4,4,0,3,3,0.5,0.0,2,2,0,0,2,2,3,3,14,17,-3,5,5,0,1533,1556,-23,53000000,56000000,2,1,1,0
2024,1252487,8,Fecha inválida,Al Kholood,Al-Nassr,3,3,5,1,2,4,8,13,0,2,4,7,11,1.4,2.2,1,4,3,1,3,3,0.0,0.25,17,5,2,0,16,4,0,0,11,11,3,2.2,0.6,3,4,4,2,3,2,0.5,1.0,0,2,0,0,2,0,-12,-17,10,20,-10,5,6,-1,1509,1539,-30,59000000,59000000,0,2,1,1
2024,1252489,8,Fecha inválida,Al-Ahli Jeddah,Al Akhdoud,1,1,10,3,1,3,11,7,1,0,7,7,5,1.4,1.0,2,3,3,1,2,1,0.67,0.25,4,1,1,5,6,12,0,3,4,5,9,1.0,1.8,1,3,4,1,2,3,0.0,0.33,1,2,3,3,2,1,6,10,10,18,-8,7,5,2,1529,1577,-48,59000000,57000000,1,1,1,1
2024,1252483,8,Fecha inválida,Al-Fayha,Al-Ettifaq,1,1,5,1,2,4,5,15,0,3,4,3,10,0.6,2.0,2,2,4,2,1,2,0.33,0.0,10,3,1,3,7,9,3,0,10,5,5,1.0,1.0,2,3,3,2,2,2,0.25,0.67,1,7,6,6,7,1,-5,-8,5,15,-10,8,5,3,1544,1534,10,54000000,54000000,1,0,0,0
2024,1252482,8,Fecha inválida,Al-Raed,Al-Fateh,2,1,8,2,2,3,11,8,0,0,4,8,6,1.6,1.2,2,4,4,1,3,3,0.0,0.5,4,1,1,5,5,13,0,1,3,4,10,0.8,2.0,1,3,3,1,2,3,0.25,0.0,6,5,7,7,5,6,4,11,16,12,4,7,6,1,1535,1531,4,55000000,51000000,1,0,1,1
2024,1252488,8,Fecha inválida,Al-Hilal Saudi FC,Al Taawon,2,0,21,7,0,0,21,6,7,0,15,16,5,3.2,1.0,3,4,7,2,3,5,1.0,1.0,11,3,2,2,9,6,1,0,7,5,4,1.0,0.8,3,3,2,2,2,1,0.75,0.0,16,2,3,3,2,16,10,12,13,17,-4,8,7,1,1532,1536,-4,52000000,56000000,1,2,0,0
2024,1252497,9,Fecha inválida,Al Shabab,Al Wehda Club,3,1,15,5,0,3,9,5,0,1,12,5,2,1.0,0.4,4,2,3,3,1,1,0.5,0.75,6,1,3,4,11,21,0,0,4,6,14,1.2,2.8,0,6,6,0,3,3,0.2,0.0,9,2,3,3,2,9,9,14,1,18,-17,6,6,0,1540,1537,3,50000000,57000000,0,0,0,1
2024,1252494,9,Fecha inválida,Al Akhdoud,Al Orubah,4,0,5,1,2,5,7,13,0,3,4,5,9,1.0,1.8,1,4,4,1,2,3,0.0,0.25,10,3,1,4,9,15,0,2,7,6,7,1.2,1.4,2,3,5,2,2,2,0.67,0.2,3,2,1,1,2,3,-5,0,18,2,16,5,6,-1,1577,1561,16,57000000,51000000,1,0,1,1
2024,1252493,9,Fecha inválida,Al-Ittihad FC,Al-Ahli Jeddah,1,0,21,7,0,1,21,8,3,0,12,15,6,3.0,1.2,2,6,6,1,4,4,1.0,0.75,11,3,2,3,12,8,1,0,7,7,5,1.4,1.0,2,4,3,1,2,1,0.5,0.25,4,5,7,7,5,4,10,9,19,10,9,7,6,1,1538,1529,9,58000000,59000000,1,1,0,1
2024,1252491,9,Fecha inválida,Al Khaleej Saihat,Al-Raed,4,0,10,3,1,4,6,11,1,0,4,2,7,0.4,1.4,3,2,3,2,1,1,0.25,0.5,11,3,2,3,13,9,0,0,4,8,6,1.6,1.2,2,5,5,1,3,3,0.25,0.5,3,3,2,2,3,3,-1,-9,9,16,-7,7,5,2,1528,1535,-7,58000000,55000000,0,1,0,1
2024,1252499,9,Fecha inválida,Damac,Al Riyadh,2,2,7,2,1,5,11,14,0,2,3,7,10,1.4,2.0,1,5,5,0,3,3,0.5,0.0,13,4,1,3,11,12,0,0,7,8,10,1.6,2.0,1,4,5,0,3,4,0.5,0.5,0,3,1,1,3,0,-6,-2,17,12,5,7,7,0,1556,1511,45,56000000,51000000,1,2,0,1
2024,1252495,9,Fecha inválida,Al-Nassr,Al-Hilal Saudi FC,1,1,18,5,3,0,19,7,0,0,11,11,3,2.2,0.6,3,5,5,2,3,2,0.5,0.75,24,8,0,0,23,6,8,0,15,16,5,3.2,1.0,4,4,7,2,3,5,1.0,1.0,6,7,15,15,7,6,-6,-5,20,13,7,7,6,1,1539,1532,7,59000000,52000000,2,1,1,0
2024,1252496,9,Fecha inválida,Al-Fateh,Al-Fayha,1,1,4,1,1,6,6,15,0,1,3,4,10,0.8,2.0,1,4,4,1,2,3,0.25,0.0,6,1,3,4,6,16,0,3,4,3,10,0.6,2.0,2,3,4,2,1,2,0.25,0.0,4,5,6,6,5,4,-2,1,12,5,7,6,6,0,1531,1544,-13,51000000,54000000,0,1,1,0
2024,1252492,9,Fecha inválida,Al Taawon,Al Kholood,1,1,11,3,2,3,9,8,1,0,7,5,4,1.0,0.8,3,3,2,2,2,1,0.75,0.0,6,1,3,4,11,16,0,2,4,7,11,1.4,2.2,1,5,4,1,3,3,0.0,0.25,0,2,0,0,2,0,5,6,17,10,7,6,7,-1,1536,1509,27,56000000,59000000,2,0,0,1
2024,1252498,9,Fecha inválida,Al-Ettifaq,Al-Qadisiyah FC,0,2,11,3,2,3,8,10,3,0,10,5,5,1.0,1.0,2,4,3,2,2,2,0.25,0.5,13,4,1,3,9,7,2,0,10,5,1,1.0,0.2,4,3,4,4,0,1,0.75,0.25,3,3,4,4,3,3,-2,-4,15,14,1,7,8,-1,1534,1533,1,54000000,53000000,0,2,0,1
2024,1252500,10,Fecha inválida,Al-Qadisiyah FC,Al-Fayha,2,0,16,5,1,3,11,7,2,0,10,5,1,1.0,0.2,5,3,4,4,0,1,0.75,0.4,7,1,4,4,7,17,0,3,4,3,10,0.6,2.0,2,4,4,2,1,2,0.25,0.0,2,2,2,2,2,2,9,14,14,5,9,4,4,0,1533,1544,-11,53000000,54000000,2,1,1,0
2024,1252505,10,Fecha inválida,Al Kholood,Al Shabab,0,2,7,1,4,4,12,17,0,2,4,7,11,1.4,2.2,1,6,4,1,3,3,0.0,0.2,18,6,0,3,12,6,0,1,12,5,2,1.0,0.4,4,3,4,3,1,1,0.6,0.75,0,1,2,2,1,0,-11,-11,10,1,9,5,7,-2,1509,1540,-31,59000000,50000000,0,0,1,0
2024,1252502,10,Fecha inválida,Al Orubah,Al-Ittihad FC,0,2,10,3,1,5,9,19,0,2,7,6,7,1.2,1.4,2,3,6,2,2,2,0.67,0.17,24,8,0,1,22,8,3,0,12,15,6,3.0,1.2,3,6,6,1,4,4,1.0,0.75,0,1,1,1,1,0,-14,-24,2,19,-17,7,6,1,1561,1538,23,51000000,58000000,0,1,1,0
2024,1252504,10,Fecha inválida,Al-Hilal Saudi FC,Al-Ettifaq,3,1,25,8,1,0,24,7,8,0,15,16,5,3.2,1.0,4,5,7,2,3,5,1.0,0.8,11,3,2,4,8,12,3,0,10,5,5,1.0,1.0,2,4,3,2,2,2,0.2,0.5,16,3,2,2,3,16,14,21,13,15,-2,6,5,1,1532,1534,-2,52000000,54000000,1,0,0,0
2024,1252506,10,Fecha inválida,Al-Ahli Jeddah,Al-Raed,2,0,11,3,2,4,12,9,1,0,7,7,5,1.4,1.0,2,4,3,1,2,1,0.5,0.2,11,3,2,4,13,13,0,0,4,8,6,1.6,1.2,2,5,6,1,3,3,0.25,0.4,8,4,4,4,4,8,0,3,10,16,-6,7,7,0,1529,1535,-6,59000000,55000000,1,1,1,1
2024,1252508,10,Fecha inválida,Al Riyadh,Al-Nassr,0,1,14,4,2,3,13,14,0,0,7,8,10,1.6,2.0,1,5,6,0,3,4,0.5,0.4,19,5,4,0,20,8,0,0,11,11,3,2.2,0.6,3,6,5,2,3,2,0.4,0.75,0,2,2,2,2,0,-5,-13,12,20,-8,7,6,1,1511,1539,-28,51000000,59000000,2,2,1,1
2024,1252501,10,Fecha inválida,Al-Fateh,Al Khaleej Saihat,1,2,5,1,2,6,7,16,0,1,3,4,10,0.8,2.0,1,5,4,1,2,3,0.2,0.0,13,4,1,4,10,11,1,0,4,2,7,0.4,1.4,4,2,4,2,1,1,0.4,0.5,3,2,3,3,2,3,-8,-8,12,9,3,6,7,-1,1531,1528,3,51000000,58000000,0,0,1,0
2024,1252503,10,Fecha inválida,Al Wehda Club,Damac,2,3,6,1,3,5,12,24,0,0,4,6,14,1.2,2.8,0,7,7,0,3,3,0.2,0.0,8,2,2,5,13,16,0,2,3,7,10,1.4,2.0,1,6,6,0,3,3,0.4,0.0,6,4,3,3,4,6,-2,-9,18,17,1,9,8,1,1537,1556,-19,57000000,56000000,0,1,1,0
2024,1252507,10,Fecha inválida,Al Taawon,Al Akhdoud,1,0,12,3,3,3,10,9,1,0,7,5,4,1.0,0.8,3,4,2,2,2,1,0.6,0.0,8,2,2,5,11,13,0,3,4,5,9,1.0,1.8,2,4,5,1,2,3,0.2,0.25,3,1,0,0,1,3,4,3,17,18,-1,7,9,-2,1536,1577,-41,56000000,57000000,2,1,0,1
2024,1252510,11,Fecha inválida,Al-Fayha,Al-Ahli Jeddah,0,1,7,1,4,5,7,19,0,3,4,3,10,0.6,2.0,2,4,4,2,1,2,0.25,0.0,14,4,2,4,14,9,1,0,7,7,5,1.4,1.0,3,4,3,1,2,1,0.6,0.2,1,5,8,8,5,1,-7,-17,5,10,-5,15,13,2,1544,1529,15,54000000,59000000,1,1,0,1
2024,1252514,11,Fecha inválida,Al Akhdoud,Al Shabab,1,1,8,2,2,6,11,14,0,3,4,5,9,1.0,1.8,2,4,5,1,2,3,0.2,0.2,21,7,0,3,14,6,0,1,12,5,2,1.0,0.4,5,3,4,3,1,1,0.6,0.8,1,3,0,0,3,1,-13,-11,18,1,17,12,15,-3,1577,1540,37,57000000,50000000,1,0,1,0
2024,1252509,11,Fecha inválida,Al-Nassr,Al-Qadisiyah FC,1,2,22,6,4,0,21,8,0,0,11,11,3,2.2,0.6,4,6,5,2,3,2,0.4,0.8,19,6,1,3,13,7,2,0,10,5,1,1.0,0.2,6,3,4,4,0,1,0.8,0.4,5,1,4,4,1,5,3,7,20,14,6,14,15,-1,1539,1533,6,59000000,53000000,2,2,1,1
2024,1252512,11,Fecha inválida,Al-Raed,Al Orubah,3,1,11,3,2,5,13,15,0,0,4,8,6,1.6,1.2,2,5,6,1,3,3,0.25,0.33,10,3,1,6,9,21,0,2,7,6,7,1.2,1.4,2,3,6,2,2,2,0.5,0.17,1,1,0,0,1,1,1,10,16,2,14,14,15,-1,1535,1561,-26,55000000,51000000,1,0,1,1
2024,1252513,11,Fecha inválida,Al Wehda Club,Al Taawon,1,0,6,1,3,6,14,27,0,0,4,6,14,1.2,2.8,0,8,8,0,3,3,0.17,0.0,15,4,3,3,11,9,1,0,7,5,4,1.0,0.8,4,4,2,2,2,1,0.67,0.0,3,3,10,10,3,3,-9,-15,18,17,1,14,13,1,1537,1536,1,57000000,56000000,0,2,1,0
2024,1252511,11,Fecha inválida,Al Khaleej Saihat,Al-Hilal Saudi FC,3,2,16,5,1,4,12,12,1,0,4,2,7,0.4,1.4,4,3,5,2,1,1,0.4,0.6,28,9,1,0,27,8,8,0,15,16,5,3.2,1.0,4,6,8,2,3,5,1.0,0.8,1,1,6,6,1,1,-12,-19,9,13,-4,14,15,-1,1528,1532,-4,58000000,52000000,0,1,0,0
2024,1252516,11,Fecha inválida,Damac,Al Kholood,2,1,11,3,2,5,16,18,0,2,3,7,10,1.4,2.0,1,7,7,0,3,3,0.4,0.2,7,1,4,5,12,19,0,2,4,7,11,1.4,2.2,1,6,4,1,3,3,0.0,0.2,1,1,0,0,1,1,4,5,17,10,7,14,16,-2,1556,1509,47,56000000,59000000,1,0,0,1
2024,1252517,11,Fecha inválida,Al Riyadh,Al-Ettifaq,0,0,14,4,2,4,13,15,0,0,7,8,10,1.6,2.0,1,5,6,0,3,4,0.4,0.4,11,3,2,5,9,15,3,0,10,5,5,1.0,1.0,2,5,4,2,2,2,0.2,0.4,1,2,1,1,2,1,3,4,12,15,-3,15,15,0,1511,1534,-23,51000000,54000000,2,0,1,0
2024,1252515,11,Fecha inválida,Al-Ittihad FC,Al-Fateh,2,0,27,9,0,1,24,8,3,0,12,15,6,3.0,1.2,4,6,6,1,4,4,1.0,0.8,5,1,2,7,8,18,0,1,3,4,10,0.8,2.0,1,6,5,1,2,3,0.17,0.0,11,6,4,4,6,11,22,26,19,12,7,17,15,2,1538,1531,7,58000000,51000000,1,0,0,1
2024,1252526,12,Fecha inválida,Al-Fayha,Al Orubah,0,1,7,1,4,5,7,19,0,2,5,5,11,1.0,2.2,2,4,4,2,2,3,0.2,0.0,10,3,1,6,10,22,0,1,7,6,8,1.2,1.6,2,4,7,2,2,3,0.5,0.17,1,2,1,1,2,1,-3,0,5,2,3,5,5,0,1544,1561,-17,54000000,51000000,1,0,0,1
2024,1252520,12,Fecha inválida,Al Akhdoud,Al Kholood,1,2,9,2,3,5,12,12,0,2,4,6,8,1.2,1.6,2,5,4,1,3,3,0.2,0.2,7,1,4,5,13,20,0,1,4,7,11,1.4,2.2,1,7,5,1,3,3,0.0,0.17,0,2,4,4,2,0,2,7,18,10,8,6,4,2,1577,1509,68,57000000,59000000,1,0,1,1
2024,1252525,12,Fecha inválida,Al-Fateh,Al Riyadh,1,2,5,1,2,7,8,17,1,0,3,4,9,0.8,1.8,1,6,4,1,2,2,0.17,0.0,14,4,2,4,10,12,1,0,9,7,8,1.4,1.6,2,4,5,0,3,4,0.33,0.5,0,3,1,1,3,0,-9,-7,12,12,0,4,4,0,1531,1511,20,51000000,51000000,0,2,1,1
2024,1252518,12,Fecha inválida,Al-Qadisiyah FC,Al Khaleej Saihat,1,0,19,6,1,3,12,8,1,0,7,3,3,0.6,0.6,5,4,4,3,1,1,0.75,0.5,16,5,1,4,14,14,0,2,4,2,7,0.4,1.4,3,4,6,2,1,1,0.5,0.5,2,3,3,3,3,2,3,4,14,9,5,6,5,1,1533,1528,5,53000000,58000000,2,0,1,0
2024,1252522,12,Fecha inválida,Al-Nassr,Damac,2,0,21,6,3,1,21,9,1,0,13,13,2,2.6,0.4,4,6,6,3,2,3,0.4,0.8,14,4,2,4,18,18,0,1,6,8,9,1.6,1.8,1,8,8,1,3,3,0.6,0.2,9,3,1,1,3,9,7,12,20,17,3,6,5,1,1539,1556,-17,59000000,56000000,2,1,1,0
2024,1252521,12,Fecha inválida,Al-Ahli Jeddah,Al Wehda Club,1,0,14,4,2,4,13,9,0,1,4,6,7,1.2,1.4,3,4,3,0,3,2,0.5,0.33,8,2,2,6,12,24,1,0,4,5,13,1.0,2.6,1,7,7,0,3,3,0.33,0.0,8,2,4,4,2,8,6,16,10,18,-8,7,6,1,1529,1537,-8,59000000,57000000,1,0,1,1
2024,1252524,12,Fecha inválida,Al-Raed,Al Taawon,0,1,13,4,1,5,15,15,0,1,6,8,5,1.6,1.0,2,5,7,2,2,3,0.4,0.4,12,3,3,4,10,10,0,1,7,6,4,1.2,0.8,3,4,2,2,2,1,0.6,0.0,3,6,10,10,6,3,1,0,16,17,-1,7,6,1,1535,1536,-1,55000000,56000000,1,2,1,0
2024,1252519,12,Fecha inválida,Al-Ettifaq,Al-Ittihad FC,0,4,9,2,3,5,8,15,2,0,7,4,6,0.8,1.2,2,5,4,1,2,2,0.2,0.2,27,9,0,1,25,8,2,0,12,16,7,3.2,1.4,4,6,6,0,5,5,1.0,0.75,4,3,12,12,3,4,-18,-24,15,19,-4,5,5,0,1534,1538,-4,54000000,58000000,0,1,0,0
2024,1252523,12,Fecha inválida,Al Shabab,Al-Hilal Saudi FC,1,2,22,7,1,2,15,6,4,0,12,5,2,1.0,0.4,5,4,4,3,1,1,0.75,0.67,25,8,1,1,26,11,7,0,15,15,6,3.0,1.2,3,7,8,1,4,5,1.0,0.6,1,6,13,13,6,1,-3,-6,1,13,-12,8,7,1,1540,1532,8,50000000,52000000,0,1,0,0
2024,1252528,13,Fecha inválida,Damac,Al-Fayha,2,2,14,4,2,4,16,17,1,0,7,8,8,1.6,1.6,1,7,7,1,3,3,0.6,0.2,7,1,4,5,6,16,0,1,5,4,10,0.8,2.0,2,3,3,2,1,3,0.2,0.0,5,7,0,0,7,5,7,9,17,5,12,6,7,-1,1556,1544,12,56000000,54000000,1,1,0,0
2024,1252530,13,Fecha inválida,Al Wehda Club,Al Akhdoud,2,3,5,1,2,7,10,24,0,3,2,5,14,1.0,2.8,1,6,6,0,3,3,0.2,0.0,9,2,3,5,13,13,0,1,4,6,8,1.2,1.6,2,6,5,1,3,3,0.17,0.25,2,3,1,1,3,2,-4,-14,18,18,0,5,7,-2,1537,1577,-40,57000000,57000000,0,1,1,1
2024,1252535,13,Fecha inválida,Al Shabab,Al-Fateh,2,2,19,6,1,3,15,8,3,0,9,5,4,1.0,0.8,4,5,5,2,2,2,0.6,0.6,2,0,2,8,8,19,0,4,1,4,10,0.8,2.0,0,7,5,0,3,2,0.0,0.0,7,7,5,5,7,7,17,18,1,12,-11,5,7,-2,1540,1531,9,50000000,51000000,0,0,0,1
2024,1252532,13,Fecha inválida,Al Kholood,Al-Qadisiyah FC,0,3,10,2,4,4,14,18,0,0,5,7,9,1.4,1.8,1,7,5,1,3,2,0.0,0.33,19,6,1,3,12,8,0,1,4,3,6,0.6,1.2,5,4,4,2,2,2,0.8,0.4,1,2,5,5,2,1,-9,-8,10,14,-4,7,7,0,1509,1533,-24,59000000,53000000,0,2,1,1
2024,1252527,13,Fecha inválida,Al Orubah,Al Riyadh,0,1,13,4,1,5,10,20,0,0,10,8,8,1.6,1.6,3,3,6,2,2,3,0.5,0.33,14,4,2,4,9,12,0,1,9,5,7,1.0,1.4,2,4,5,1,2,3,0.2,0.6,0,1,3,3,1,0,-1,-7,2,12,-10,8,7,1,1561,1511,50,51000000,51000000,0,2,1,1
2024,1252531,13,Fecha inválida,Al-Ittihad FC,Al-Nassr,2,1,27,9,0,1,27,7,1,0,12,17,7,3.4,1.4,5,5,6,0,5,5,1.0,0.8,21,6,3,1,19,8,0,0,13,11,2,2.2,0.4,5,5,5,3,2,3,0.5,0.75,8,7,7,7,7,8,6,9,19,20,-1,6,7,-1,1538,1539,-1,58000000,59000000,1,2,0,1
2024,1252529,13,Fecha inválida,Al Khaleej Saihat,Al-Ettifaq,1,2,16,5,1,4,14,14,0,1,4,2,9,0.4,1.8,3,4,6,2,1,2,0.6,0.4,6,1,3,6,7,19,1,0,4,5,9,1.0,1.8,1,5,5,0,3,3,0.0,0.2,1,2,5,5,2,1,10,12,9,15,-6,7,6,1,1528,1534,-6,58000000,54000000,0,0,0,0
2024,1252534,13,Fecha inválida,Al-Hilal Saudi FC,Al-Raed,3,2,25,8,1,1,25,10,6,0,15,15,4,3.0,0.8,3,7,8,2,3,5,1.0,0.67,13,4,1,5,15,15,1,0,7,10,6,2.0,1.2,2,5,7,2,3,4,0.4,0.4,16,3,0,0,3,16,12,15,13,16,-3,7,7,0,1532,1535,-3,52000000,55000000,1,1,0,1
2024,1252533,13,Fecha inválida,Al Taawon,Al-Ahli Jeddah,2,4,15,4,3,3,10,8,1,0,8,7,4,1.4,0.8,4,3,1,2,2,1,0.6,0.2,17,5,2,3,14,8,0,0,7,9,6,1.8,1.2,4,4,3,1,3,3,0.6,0.4,3,5,8,8,5,3,-2,-4,17,10,7,7,8,-1,1536,1529,7,56000000,59000000,2,1,0,1
2024,1252536,14,Fecha inválida,Al-Fateh,Al Wehda Club,1,2,3,0,3,7,9,19,0,3,1,4,10,0.8,2.0,0,7,5,0,3,2,0.0,0.0,5,1,2,7,11,20,0,2,2,5,10,1.0,2.0,1,6,6,0,3,3,0.17,0.0,6,4,4,4,4,6,-2,-1,12,18,-6,34,34,0,1531,1537,-6,51000000,57000000,0,0,1,1
2024,1252539,14,Fecha inválida,Al Riyadh,Al Khaleej Saihat,2,2,17,5,2,3,10,9,1,0,9,5,5,1.0,1.0,3,4,4,1,2,2,0.25,0.67,16,5,1,4,15,14,0,0,7,5,8,1.0,1.6,3,5,7,2,2,3,0.5,0.5,1,2,1,1,2,1,1,0,12,9,3,34,33,1,1511,1528,-17,51000000,58000000,2,0,1,0
2024,1252543,14,Fecha inválida,Al-Nassr,Al Akhdoud,3,1,20,6,2,2,19,9,4,0,13,13,4,2.6,0.8,5,5,6,3,2,4,0.6,0.6,12,3,3,4,15,12,0,0,5,6,6,1.2,1.2,2,6,5,1,3,2,0.17,0.5,3,1,0,0,1,3,8,7,20,18,2,34,35,-1,1539,1577,-38,59000000,57000000,2,1,1,1
2024,1252540,14,Fecha inválida,Al-Ettifaq,Al Kholood,2,3,6,1,3,6,7,19,0,1,2,4,9,0.8,1.8,1,5,5,0,3,2,0.0,0.2,9,2,3,5,11,18,1,0,5,7,9,1.4,1.8,1,6,5,1,3,2,0.0,0.33,0,1,1,1,1,0,-3,-5,15,10,5,34,34,0,1534,1509,25,54000000,59000000,0,0,0,1
2024,1252544,14,Fecha inválida,Al-Raed,Damac,0,2,10,3,1,6,12,18,0,2,7,7,7,1.4,1.4,1,6,7,1,4,4,0.4,0.2,12,3,3,4,15,18,0,2,4,6,9,1.2,1.8,1,7,7,1,3,3,0.4,0.2,6,2,4,4,2,6,-2,-3,16,17,-1,33,35,-2,1535,1556,-21,55000000,56000000,1,1,1,0
2024,1252537,14,Fecha inválida,Al-Ahli Jeddah,Al Shabab,3,2,19,6,1,3,17,9,1,0,7,9,6,1.8,1.2,4,4,4,1,3,3,0.6,0.6,17,5,2,3,16,10,2,0,9,7,4,1.4,0.8,3,6,6,2,2,3,0.5,0.5,6,5,6,6,5,6,2,2,10,1,9,34,36,-2,1529,1540,-11,59000000,50000000,1,0,1,0
2024,1252542,14,Fecha inválida,Al Orubah,Al-Hilal Saudi FC,0,5,12,4,0,6,7,18,2,0,9,5,8,1.0,1.6,3,2,5,2,1,3,0.4,0.4,25,8,1,1,25,12,5,0,15,14,4,2.8,0.8,2,8,8,2,3,4,1.0,0.6,0,1,1,1,1,0,-13,-24,2,13,-11,35,34,1,1561,1532,29,51000000,52000000,0,1,1,0
2024,1252538,14,Fecha inválida,Al-Qadisiyah FC,Al Taawon,0,3,22,7,1,2,15,7,0,0,7,5,6,1.0,1.2,6,4,5,2,3,3,1.0,0.5,12,3,3,4,10,12,0,1,5,5,6,1.0,1.2,3,4,2,1,2,1,0.4,0.2,6,2,5,5,2,6,10,10,14,17,-3,35,34,1,1533,1536,-3,53000000,56000000,2,2,1,0
2024,1252541,14,Fecha inválida,Al-Fayha,Al-Ittihad FC,1,1,8,1,5,4,8,13,0,0,6,5,6,1.0,1.2,2,4,3,2,2,2,0.25,0.0,27,9,0,1,22,7,0,1,12,11,6,2.2,1.2,5,5,6,1,4,4,1.0,0.8,5,3,10,10,3,5,-19,-20,5,19,-14,37,36,1,1544,1538,6,54000000,58000000,1,1,0,0
2024,1252545,15,Fecha inválida,Al Shabab,Al Riyadh,0,0,14,4,2,4,17,13,1,0,9,9,5,1.8,1.0,2,7,7,1,3,4,0.4,0.4,15,4,3,3,10,10,0,1,7,5,6,1.0,1.2,3,4,4,1,2,2,0.2,0.6,2,3,0,0,3,2,-1,4,1,12,-11,4,6,-2,1540,1511,29,50000000,51000000,0,2,0,1
2024,1252550,15,Fecha inválida,Damac,Al-Ettifaq,0,0,15,4,3,3,15,14,0,1,5,6,7,1.2,1.4,2,6,6,1,3,3,0.4,0.4,6,1,3,6,9,19,0,0,2,4,8,0.8,1.6,1,6,5,0,3,1,0.0,0.2,3,5,5,5,5,3,9,11,17,15,2,5,5,0,1556,1534,22,56000000,54000000,1,0,0,0
2024,1252551,15,Fecha inválida,Al Kholood,Al-Ahli Jeddah,0,0,9,2,3,5,13,20,0,2,3,7,10,1.4,2.0,0,7,6,0,4,2,0.0,0.33,19,6,1,3,16,9,0,2,4,5,5,1.0,1.0,4,4,4,1,2,2,0.6,0.6,0,2,2,2,2,0,-10,-14,10,10,0,5,5,0,1509,1529,-20,59000000,59000000,0,1,1,1
2024,1252548,15,Fecha inválida,Al Akhdoud,Al-Fayha,0,0,11,3,2,5,16,15,1,0,7,10,6,2.0,1.2,1,7,6,1,3,3,0.2,0.4,8,1,5,4,9,14,1,0,6,6,7,1.2,1.4,1,5,3,1,3,2,0.2,0.0,0,2,2,2,2,0,3,6,18,5,13,6,4,2,1577,1544,33,57000000,54000000,1,1,1,0
2024,1252546,15,Fecha inválida,Al-Hilal Saudi FC,Al-Fateh,0,0,25,8,1,1,27,11,4,0,13,12,4,2.4,0.8,3,7,8,2,3,3,1.0,0.67,3,0,3,7,10,20,0,2,2,5,10,1.0,2.0,0,8,6,0,4,2,0.0,0.0,13,4,3,3,4,13,22,26,13,12,1,5,7,-2,1532,1531,1,52000000,51000000,1,0,0,1
2024,1252552,15,Fecha inválida,Al-Ittihad FC,Al-Raed,0,0,28,9,1,0,22,5,9,0,15,11,3,2.2,0.6,5,5,5,2,3,3,1.0,0.8,10,3,1,6,11,18,0,1,7,6,9,1.2,1.8,1,5,6,1,3,4,0.4,0.2,8,7,3,3,7,8,18,24,19,16,3,5,6,-1,1538,1535,3,58000000,55000000,1,1,0,1
2024,1252553,15,Fecha inválida,Al Khaleej Saihat,Al Orubah,0,0,16,5,1,4,17,16,0,1,9,9,8,1.8,1.6,2,6,8,2,2,4,0.6,0.4,9,3,0,7,6,23,1,0,6,4,12,0.8,2.4,2,2,6,1,1,4,0.2,0.4,1,4,3,3,4,1,7,18,9,2,7,7,5,2,1528,1561,-33,58000000,51000000,0,0,0,1
2024,1252547,15,Fecha inválida,Al Wehda Club,Al-Qadisiyah FC,0,0,8,2,2,6,13,20,0,1,2,6,12,1.2,2.4,1,7,7,0,4,4,0.2,0.2,21,7,0,3,15,10,1,0,9,7,6,1.4,1.2,5,4,6,2,3,3,0.8,0.6,4,4,3,3,4,4,-13,-12,18,14,4,8,6,2,1537,1533,4,57000000,53000000,0,2,1,1
2024,1252549,15,Fecha inválida,Al Taawon,Al-Nassr,0,0,15,4,3,3,13,11,0,0,6,6,6,1.2,1.2,4,4,3,1,3,1,0.4,0.4,20,6,2,2,19,10,3,0,11,11,5,2.2,1.0,4,6,6,2,3,3,0.67,0.5,7,2,12,12,2,7,-5,-7,17,20,-3,6,8,-2,1536,1539,-3,56000000,59000000,2,2,0,1
2024,1252557,16,Fecha inválida,Al-Fayha,Al Kholood,0,0,8,1,5,4,9,14,1,0,6,6,7,1.2,1.4,1,5,3,1,3,2,0.2,0.0,9,2,3,5,13,20,0,2,3,7,10,1.4,2.0,0,7,6,0,4,2,0.0,0.33,0,2,0,0,2,0,-1,2,5,10,-5,8,10,-2,1544,1509,35,54000000,59000000,1,0,0,1
2024,1252554,16,Fecha inválida,Al-Raed,Al Akhdoud,0,0,10,3,1,6,11,18,0,1,7,6,9,1.2,1.8,1,5,6,1,3,4,0.4,0.2,11,3,2,5,16,15,1,0,7,10,6,2.0,1.2,1,7,6,1,3,3,0.2,0.4,1,2,1,1,2,1,-1,-8,16,18,-2,10,10,0,1535,1577,-42,55000000,57000000,1,1,1,1
2024,1252560,16,Fecha inválida,Al-Ettifaq,Al-Ahli Jeddah,0,0,6,1,3,6,9,19,0,0,2,4,8,0.8,1.6,1,6,5,0,3,1,0.0,0.2,19,6,1,3,16,9,0,2,4,5,5,1.0,1.0,4,4,4,1,2,2,0.6,0.6,4,5,8,8,5,4,-13,-17,15,10,5,10,10,0,1534,1529,5,54000000,59000000,0,1,0,1
2024,1252559,16,Fecha inválida,Al Khaleej Saihat,Al-Nassr,0,0,16,5,1,4,17,16,0,1,9,9,8,1.8,1.6,2,6,8,2,2,4,0.6,0.4,20,6,2,2,19,10,3,0,11,11,5,2.2,1.0,4,6,6,2,3,3,0.67,0.5,1,3,5,5,3,1,-4,-8,9,20,-11,11,11,0,1528,1539,-11,58000000,59000000,0,2,0,1
2024,1252555,16,Fecha inválida,Al Riyadh,Al Taawon,0,0,15,4,3,3,10,10,0,1,7,5,6,1.0,1.2,3,4,4,1,2,2,0.2,0.6,15,4,3,3,13,11,0,0,6,6,6,1.2,1.2,4,4,3,1,3,1,0.4,0.4,1,3,0,0,3,1,0,-2,12,17,-5,12,10,2,1511,1536,-25,51000000,56000000,2,2,1,0
2024,1252561,16,Fecha inválida,Al-Hilal Saudi FC,Al Wehda Club,0,0,25,8,1,1,27,11,4,0,13,12,4,2.4,0.8,3,7,8,2,3,3,1.0,0.67,8,2,2,6,13,20,0,1,2,6,12,1.2,2.4,1,7,7,0,4,4,0.2,0.2,12,5,1,1,5,12,17,23,13,18,-5,10,12,-2,1532,1537,-5,52000000,57000000,1,0,0,1
2024,1252556,16,Fecha inválida,Al Orubah,Al-Qadisiyah FC,0,0,9,3,0,7,6,23,1,0,6,4,12,0.8,2.4,2,2,6,1,1,4,0.2,0.4,21,7,0,3,15,10,1,0,9,7,6,1.4,1.2,5,4,6,2,3,3,0.8,0.6,4,2,3,3,2,4,-12,-22,2,14,-12,11,10,1,1561,1533,28,51000000,53000000,0,2,1,1
2024,1252562,16,Fecha inválida,Al-Fateh,Damac,0,0,3,0,3,7,10,20,0,2,2,5,10,1.0,2.0,0,8,6,0,4,2,0.0,0.0,15,4,3,3,15,14,0,1,5,6,7,1.2,1.4,2,6,6,1,3,3,0.4,0.4,2,8,2,2,8,2,-12,-11,12,17,-5,13,11,2,1531,1556,-25,51000000,56000000,0,1,1,0
2024,1252558,16,Fecha inválida,Al-Ittihad FC,Al Shabab,0,0,28,9,1,0,22,5,9,0,15,11,3,2.2,0.6,5,5,5,2,3,3,1.0,0.8,14,4,2,4,17,13,1,0,9,9,5,1.8,1.0,2,7,7,1,3,4,0.4,0.4,9,8,6,6,8,9,14,13,19,1,18,11,12,-1,1538,1540,-2,58000000,50000000,1,0,0,0
2024,1252565,17,Fecha inválida,Al Kholood,Al-Raed,0,0,9,2,3,5,13,20,0,2,3,7,10,1.4,2.0,0,7,6,0,4,2,0.0,0.33,10,3,1,6,11,18,0,1,7,6,9,1.2,1.8,1,5,6,1,3,4,0.4,0.2,0,2,0,0,2,0,-1,0,10,16,-6,14,14,0,1509,1535,-26,59000000,55000000,0,1,1,1
2024,1252566,17,Fecha inválida,Al Akhdoud,Al Khaleej Saihat,0,0,11,3,2,5,16,15,1,0,7,10,6,2.0,1.2,1,7,6,1,3,3,0.2,0.4,16,5,1,4,17,16,0,1,9,9,8,1.8,1.6,2,6,8,2,2,4,0.6,0.4,0,3,3,3,3,0,-5,0,18,9,9,15,16,-1,1577,1528,49,57000000,58000000,1,0,1,0
2024,1252571,17,Fecha inválida,Al Wehda Club,Al-Ettifaq,0,0,8,2,2,6,13,20,0,1,2,6,12,1.2,2.4,1,7,7,0,4,4,0.2,0.2,6,1,3,6,9,19,0,0,2,4,8,0.8,1.6,1,6,5,0,3,1,0.0,0.2,4,5,5,5,5,4,2,3,18,15,3,16,15,1,1537,1534,3,57000000,54000000,0,0,1,0
2024,1252564,17,Fecha inválida,Al Taawon,Al Orubah,0,0,15,4,3,3,13,11,0,0,6,6,6,1.2,1.2,4,4,3,1,3,1,0.4,0.4,9,3,0,7,6,23,1,0,6,4,12,0.8,2.4,2,2,6,1,1,4,0.2,0.4,0,2,0,0,2,0,6,19,17,2,15,15,15,0,1536,1561,-25,56000000,51000000,2,0,0,1
2024,1252570,17,Fecha inválida,Al-Ahli Jeddah,Al Riyadh,0,0,19,6,1,3,16,9,0,2,4,5,5,1.0,1.0,4,4,4,1,2,2,0.6,0.6,15,4,3,3,10,10,0,1,7,5,6,1.0,1.2,3,4,4,1,2,2,0.2,0.6,3,2,2,2,2,3,4,7,10,12,-2,15,17,-2,1529,1511,18,59000000,51000000,1,2,1,1
2024,1252569,17,Fecha inválida,Al-Nassr,Al-Fateh,0,0,20,6,2,2,19,10,3,0,11,11,5,2.2,1.0,4,6,6,2,3,3,0.67,0.5,3,0,3,7,10,20,0,2,2,5,10,1.0,2.0,0,8,6,0,4,2,0.0,0.0,10,7,1,1,7,10,17,19,20,12,8,17,17,0,1539,1531,8,59000000,51000000,2,0,1,1
2024,1252567,17,Fecha inválida,Damac,Al-Ittihad FC,0,0,15,4,3,3,15,14,0,1,5,6,7,1.2,1.4,2,6,6,1,3,3,0.4,0.4,28,9,1,0,22,5,9,0,15,11,3,2.2,0.6,5,5,5,2,3,3,1.0,0.8,3,5,4,4,5,3,-13,-16,17,19,-2,16,15,1,1556,1538,18,56000000,58000000,1,1,0,0
2024,1252563,17,Fecha inválida,Al Shabab,Al-Fayha,0,0,14,4,2,4,17,13,1,0,9,9,5,1.8,1.0,2,7,7,1,3,4,0.4,0.4,8,1,5,4,9,14,1,0,6,6,7,1.2,1.4,1,5,3,1,3,2,0.2,0.0,8,4,3,3,4,8,6,9,1,5,-4,16,15,1,1540,1544,-4,50000000,54000000,0,1,0,0
2024,1252568,17,Fecha inválida,Al-Qadisiyah FC,Al-Hilal Saudi FC,0,0,21,7,0,3,15,10,1,0,9,7,6,1.4,1.2,5,4,6,2,3,3,0.8,0.6,25,8,1,1,27,11,4,0,13,12,4,2.4,0.8,3,7,8,2,3,3,1.0,0.67,1,4,7,7,4,1,-4,-11,14,13,1,16,16,0,1533,1532,1,53000000,52000000,2,1,1,0
2024,1252575,18,Fecha inválida,Al Orubah,Al-Ahli Jeddah,0,0,9,3,0,7,6,23,1,0,6,4,12,0.8,2.4,2,2,6,1,1,4,0.2,0.4,19,6,1,3,16,9,0,2,4,5,5,1.0,1.0,4,4,4,1,2,2,0.6,0.6,0,2,3,3,2,0,-10,-24,2,10,-8,19,19,0,1561,1529,32,51000000,59000000,0,1,1,1
2024,1252580,18,Fecha inválida,Al Riyadh,Al Wehda Club,0,0,15,4,3,3,10,10,0,1,7,5,6,1.0,1.2,3,4,4,1,2,2,0.2,0.6,8,2,2,6,13,20,0,1,2,6,12,1.2,2.4,1,7,7,0,4,4,0.2,0.2,1,2,1,1,2,1,7,7,12,18,-6,21,21,0,1511,1537,-26,51000000,57000000,2,0,1,1
2024,1252576,18,Fecha inválida,Al-Raed,Al-Nassr,0,0,10,3,1,6,11,18,0,1,7,6,9,1.2,1.8,1,5,6,1,3,4,0.4,0.2,20,6,2,2,19,10,3,0,11,11,5,2.2,1.0,4,6,6,2,3,3,0.67,0.5,1,3,15,15,3,1,-10,-16,16,20,-4,20,21,-1,1535,1539,-4,55000000,59000000,1,2,1,1
2024,1252572,18,Fecha inválida,Al-Fayha,Al Taawon,0,0,8,1,5,4,9,14,1,0,6,6,7,1.2,1.4,1,5,3,1,3,2,0.2,0.0,15,4,3,3,13,11,0,0,6,6,6,1.2,1.2,4,4,3,1,3,1,0.4,0.4,2,7,6,6,7,2,-7,-7,5,17,-12,19,19,0,1544,1536,8,54000000,56000000,1,2,0,0
2024,1252573,18,Fecha inválida,Al-Hilal Saudi FC,Al Akhdoud,0,0,25,8,1,1,27,11,4,0,13,12,4,2.4,0.8,3,7,8,2,3,3,1.0,0.67,11,3,2,5,16,15,1,0,7,10,6,2.0,1.2,1,7,6,1,3,3,0.2,0.4,3,1,0,0,1,3,14,15,13,18,-5,20,21,-1,1532,1577,-45,52000000,57000000,1,1,0,1
2024,1252578,18,Fecha inválida,Al-Ettifaq,Al Shabab,0,0,6,1,3,6,9,19,0,0,2,4,8,0.8,1.6,1,6,5,0,3,1,0.0,0.2,14,4,2,4,17,13,1,0,9,9,5,1.8,1.0,2,7,7,1,3,4,0.4,0.4,5,7,6,6,7,5,-8,-14,15,1,14,21,21,0,1534,1540,-6,54000000,50000000,0,0,0,0
2024,1252579,18,Fecha inválida,Al Khaleej Saihat,Damac,0,0,16,5,1,4,17,16,0,1,9,9,8,1.8,1.6,2,6,8,2,2,4,0.6,0.4,15,4,3,3,15,14,0,1,5,6,7,1.2,1.4,2,6,6,1,3,3,0.4,0.4,5,3,3,3,3,5,1,0,9,17,-8,22,21,1,1528,1556,-28,58000000,56000000,0,1,0,0
2024,1252577,18,Fecha inválida,Al-Fateh,Al-Qadisiyah FC,0,0,3,0,3,7,10,20,0,2,2,5,10,1.0,2.0,0,8,6,0,4,2,0.0,0.0,21,7,0,3,15,10,1,0,9,7,6,1.4,1.2,5,4,6,2,3,3,0.8,0.6,5,4,1,1,4,5,-18,-15,12,14,-2,23,21,2,1531,1533,-2,51000000,53000000,0,2,1,1
2024,1252574,18,Fecha inválida,Al-Ittihad FC,Al Kholood,0,0,28,9,1,0,22,5,9,0,15,11,3,2.2,0.6,5,5,5,2,3,3,1.0,0.8,9,2,3,5,13,20,0,2,3,7,10,1.4,2.0,0,7,6,0,4,2,0.0,0.33,2,1,0,0,1,2,19,24,19,10,9,21,22,-1,1538,1509,29,58000000,59000000,1,0,0,1
2024,1252588,19,Fecha inválida,Al-Qadisiyah FC,Al-Raed,0,0,21,7,0,3,15,10,1,0,9,7,6,1.4,1.2,5,4,6,2,3,3,0.8,0.6,10,3,1,6,11,18,0,1,7,6,9,1.2,1.8,1,5,6,1,3,4,0.4,0.2,4,5,2,2,5,4,11,12,14,16,-2,26,27,-1,1533,1535,-2,53000000,55000000,2,1,1,1
2024,1252581,19,Fecha inválida,Al Shabab,Al Khaleej Saihat,0,0,14,4,2,4,17,13,1,0,9,9,5,1.8,1.0,2,7,7,1,3,4,0.4,0.4,16,5,1,4,17,16,0,1,9,9,8,1.8,1.6,2,6,8,2,2,4,0.6,0.4,5,3,1,1,3,5,-2,3,1,9,-8,26,28,-2,1540,1528,12,50000000,58000000,0,0,0,0
2024,1252582,19,Fecha inválida,Al Taawon,Al-Ittihad FC,0,0,15,4,3,3,13,11,0,0,6,6,6,1.2,1.2,4,4,3,1,3,1,0.4,0.4,28,9,1,0,22,5,9,0,15,11,3,2.2,0.6,5,5,5,2,3,3,1.0,0.8,4,7,9,9,7,4,-13,-15,17,19,-2,26,26,0,1536,1538,-2,56000000,58000000,2,1,0,0
2024,1252584,19,Fecha inválida,Al Orubah,Al Wehda Club,0,0,9,3,0,7,6,23,1,0,6,4,12,0.8,2.4,2,2,6,1,1,4,0.2,0.4,8,2,2,6,13,20,0,1,2,6,12,1.2,2.4,1,7,7,0,4,4,0.2,0.2,1,2,5,5,2,1,1,-10,2,18,-16,26,28,-2,1561,1537,24,51000000,57000000,0,0,1,1
2024,1252587,19,Fecha inválida,Al-Nassr,Al-Fayha,0,0,20,6,2,2,19,10,3,0,11,11,5,2.2,1.0,4,6,6,2,3,3,0.67,0.5,8,1,5,4,9,14,1,0,6,6,7,1.2,1.4,1,5,3,1,3,2,0.2,0.0,12,5,1,1,5,12,12,14,20,5,15,28,26,2,1539,1544,-5,59000000,54000000,2,1,1,0
2024,1252586,19,Fecha inválida,Al-Ahli Jeddah,Al-Fateh,0,0,19,6,1,3,16,9,0,2,4,5,5,1.0,1.0,4,4,4,1,2,2,0.6,0.6,3,0,3,7,10,20,0,2,2,5,10,1.0,2.0,0,8,6,0,4,2,0.0,0.0,8,3,5,5,3,8,16,17,10,12,-2,28,29,-1,1529,1531,-2,59000000,51000000,1,0,1,1
2024,1252589,19,Fecha inválida,Al Kholood,Al Riyadh,0,0,9,2,3,5,13,20,0,2,3,7,10,1.4,2.0,0,7,6,0,4,2,0.0,0.33,15,4,3,3,10,10,0,1,7,5,6,1.0,1.2,3,4,4,1,2,2,0.2,0.6,1,2,1,1,2,1,-6,-7,10,12,-2,28,29,-1,1509,1511,-2,59000000,51000000,0,2,1,1
2024,1252583,19,Fecha inválida,Al Akhdoud,Al-Ettifaq,0,0,11,3,2,5,16,15,1,0,7,10,6,2.0,1.2,1,7,6,1,3,3,0.2,0.4,6,1,3,6,9,19,0,0,2,4,8,0.8,1.6,1,6,5,0,3,1,0.0,0.2,1,2,1,1,2,1,5,11,18,15,3,29,29,0,1577,1534,43,57000000,54000000,1,0,1,0
2024,1252585,19,Fecha inválida,Damac,Al-Hilal Saudi FC,0,0,15,4,3,3,15,14,0,1,5,6,7,1.2,1.4,2,6,6,1,3,3,0.4,0.4,25,8,1,1,27,11,4,0,13,12,4,2.4,0.8,3,7,8,2,3,3,1.0,0.67,1,4,7,7,4,1,-10,-15,17,13,4,29,28,1,1556,1532,24,56000000,52000000,1,1,0,0
2024,1252593,20,Fecha inválida,Al Akhdoud,Damac,0,0,11,3,2,5,16,15,1,0,7,10,6,2.0,1.2,1,7,6,1,3,3,0.2,0.4,15,4,3,3,15,14,0,1,5,6,7,1.2,1.4,2,6,6,1,3,3,0.4,0.4,0,1,3,3,1,0,-4,0,18,17,1,34,33,1,1577,1556,21,57000000,56000000,1,1,1,0
2024,1252592,20,Fecha inválida,Al Shabab,Al-Qadisiyah FC,0,0,14,4,2,4,17,13,1,0,9,9,5,1.8,1.0,2,7,7,1,3,4,0.4,0.4,21,7,0,3,15,10,1,0,9,7,6,1.4,1.2,5,4,6,2,3,3,0.8,0.6,5,4,2,2,4,5,-7,-1,1,14,-13,33,33,0,1540,1533,7,50000000,53000000,0,2,0,1
2024,1252594,20,Fecha inválida,Al-Ahli Jeddah,Al-Nassr,0,0,19,6,1,3,16,9,0,2,4,5,5,1.0,1.0,4,4,4,1,2,2,0.6,0.6,20,6,2,2,19,10,3,0,11,11,5,2.2,1.0,4,6,6,2,3,3,0.67,0.5,2,6,10,10,6,2,-1,-2,10,20,-10,34,35,-1,1529,1539,-10,59000000,59000000,1,2,1,1
2024,1252598,20,Fecha inválida,Al Orubah,Al Kholood,0,0,9,3,0,7,6,23,1,0,6,4,12,0.8,2.4,2,2,6,1,1,4,0.2,0.4,9,2,3,5,13,20,0,2,3,7,10,1.4,2.0,0,7,6,0,4,2,0.0,0.33,3,3,2,2,3,3,0,-10,2,10,-8,33,34,-1,1561,1509,52,51000000,59000000,0,0,1,1
2024,1252596,20,Fecha inválida,Al-Ettifaq,Al-Fateh,0,0,6,1,3,6,9,19,0,0,2,4,8,0.8,1.6,1,6,5,0,3,1,0.0,0.2,3,0,3,7,10,20,0,2,2,5,10,1.0,2.0,0,8,6,0,4,2,0.0,0.0,5,8,6,6,8,5,3,0,15,12,3,35,36,-1,1534,1531,3,54000000,51000000,0,0,0,1
2024,1252595,20,Fecha inválida,Al-Hilal Saudi FC,Al Riyadh,0,0,25,8,1,1,27,11,4,0,13,12,4,2.4,0.8,3,7,8,2,3,3,1.0,0.67,15,4,3,3,10,10,0,1,7,5,6,1.0,1.2,3,4,4,1,2,2,0.2,0.6,3,1,0,0,1,3,10,16,13,12,1,34,36,-2,1532,1511,21,52000000,51000000,1,2,0,1
2024,1252597,20,Fecha inválida,Al Khaleej Saihat,Al Taawon,0,0,16,5,1,4,17,16,0,1,9,9,8,1.8,1.6,2,6,8,2,2,4,0.6,0.4,15,4,3,3,13,11,0,0,6,6,6,1.2,1.2,4,4,3,1,3,1,0.4,0.4,1,4,3,3,4,1,1,-1,9,17,-8,36,34,2,1528,1536,-8,58000000,56000000,0,2,0,0
2024,1252590,20,Fecha inválida,Al-Raed,Al-Fayha,0,0,10,3,1,6,11,18,0,1,7,6,9,1.2,1.8,1,5,6,1,3,4,0.4,0.2,8,1,5,4,9,14,1,0,6,6,7,1.2,1.4,1,5,3,1,3,2,0.2,0.0,5,5,4,4,5,5,2,-2,16,5,11,36,34,2,1535,1544,-9,55000000,54000000,1,1,1,0
2024,1252591,20,Fecha inválida,Al Wehda Club,Al-Ittihad FC,0,0,8,2,2,6,13,20,0,1,2,6,12,1.2,2.4,1,7,7,0,4,4,0.2,0.2,28,9,1,0,22,5,9,0,15,11,3,2.2,0.6,5,5,5,2,3,3,1.0,0.8,3,3,12,12,3,3,-20,-24,18,19,-1,37,35,2,1537,1538,-1,57000000,58000000,0,1,1,0
2024,1252601,21,Fecha inválida,Al-Fateh,Al Orubah,0,0,3,0,3,7,10,20,0,2,2,5,10,1.0,2.0,0,8,6,0,4,2,0.0,0.0,9,3,0,7,6,23,1,0,6,4,12,0.8,2.4,2,2,6,1,1,4,0.2,0.4,0,1,1,1,1,0,-6,7,12,2,10,42,40,2,1531,1561,-30,51000000,51000000,0,0,1,1
2024,1252606,21,Fecha inválida,Al-Fayha,Al Khaleej Saihat,0,0,8,1,5,4,9,14,1,0,6,6,7,1.2,1.4,1,5,3,1,3,2,0.2,0.0,16,5,1,4,17,16,0,1,9,9,8,1.8,1.6,2,6,8,2,2,4,0.6,0.4,4,3,2,2,3,4,-8,-6,5,9,-4,39,42,-3,1544,1528,16,54000000,58000000,1,0,0,0
2024,1252600,21,Fecha inválida,Al Riyadh,Al-Raed,0,0,15,4,3,3,10,10,0,1,7,5,6,1.0,1.2,3,4,4,1,2,2,0.2,0.6,10,3,1,6,11,18,0,1,7,6,9,1.2,1.8,1,5,6,1,3,4,0.4,0.2,1,2,1,1,2,1,5,7,12,16,-4,42,41,1,1511,1535,-24,51000000,55000000,2,1,1,1
2024,1252604,21,Fecha inválida,Damac,Al-Ahli Jeddah,0,0,15,4,3,3,15,14,0,1,5,6,7,1.2,1.4,2,6,6,1,3,3,0.4,0.4,19,6,1,3,16,9,0,2,4,5,5,1.0,1.0,4,4,4,1,2,2,0.6,0.6,3,4,3,3,4,3,-4,-6,17,10,7,41,41,0,1556,1529,27,56000000,59000000,1,1,0,1
2024,1252607,21,Fecha inválida,Al-Qadisiyah FC,Al Akhdoud,0,0,21,7,0,3,15,10,1,0,9,7,6,1.4,1.2,5,4,6,2,3,3,0.8,0.6,11,3,2,5,16,15,1,0,7,10,6,2.0,1.2,1,7,6,1,3,3,0.2,0.4,2,3,1,1,3,2,10,4,14,18,-4,41,42,-1,1533,1577,-44,53000000,57000000,2,1,1,1
2024,1252602,21,Fecha inválida,Al-Nassr,Al-Ettifaq,0,0,20,6,2,2,19,10,3,0,11,11,5,2.2,1.0,4,6,6,2,3,3,0.67,0.5,6,1,3,6,9,19,0,0,2,4,8,0.8,1.6,1,6,5,0,3,1,0.0,0.2,10,6,4,4,6,10,14,19,20,15,5,43,42,1,1539,1534,5,59000000,54000000,2,0,1,0
2024,1252599,21,Fecha inválida,Al Kholood,Al Wehda Club,0,0,9,2,3,5,13,20,0,2,3,7,10,1.4,2.0,0,7,6,0,4,2,0.0,0.33,8,2,2,6,13,20,0,1,2,6,12,1.2,2.4,1,7,7,0,4,4,0.2,0.2,1,2,1,1,2,1,1,0,10,18,-8,42,43,-1,1509,1537,-28,59000000,57000000,0,0,1,1
2024,1252605,21,Fecha inválida,Al Taawon,Al Shabab,0,0,15,4,3,3,13,11,0,0,6,6,6,1.2,1.2,4,4,3,1,3,1,0.4,0.4,14,4,2,4,17,13,1,0,9,9,5,1.8,1.0,2,7,7,1,3,4,0.4,0.4,9,6,4,4,6,9,1,-2,17,1,16,41,42,-1,1536,1540,-4,56000000,50000000,2,0,0,0
2024,1252603,21,Fecha inválida,Al-Ittihad FC,Al-Hilal Saudi FC,0,0,28,9,1,0,22,5,9,0,15,11,3,2.2,0.6,5,5,5,2,3,3,1.0,0.8,25,8,1,1,27,11,4,0,13,12,4,2.4,0.8,3,7,8,2,3,3,1.0,0.67,3,6,18,18,6,3,3,1,19,13,6,42,42,0,1538,1532,6,58000000,52000000,1,1,0,0
2024,1252615,22,Fecha inválida,Al Akhdoud,Al-Fateh,0,0,11,3,2,5,16,15,1,0,7,10,6,2.0,1.2,1,7,6,1,3,3,0.2,0.4,3,0,3,7,10,20,0,2,2,5,10,1.0,2.0,0,8,6,0,4,2,0.0,0.0,1,2,2,2,2,1,8,11,18,12,6,45,45,0,1577,1531,46,57000000,51000000,1,0,1,1
2024,1252608,22,Fecha inválida,Damac,Al Orubah,0,0,15,4,3,3,15,14,0,1,5,6,7,1.2,1.4,2,6,6,1,3,3,0.4,0.4,9,3,0,7,6,23,1,0,6,4,12,0.8,2.4,2,2,6,1,1,4,0.2,0.4,2,3,3,3,3,2,6,18,17,2,15,45,44,1,1556,1561,-5,56000000,51000000,1,0,0,1
2024,1252616,22,Fecha inválida,Al-Raed,Al Shabab,0,0,10,3,1,6,11,18,0,1,7,6,9,1.2,1.8,1,5,6,1,3,4,0.4,0.2,14,4,2,4,17,13,1,0,9,9,5,1.8,1.0,2,7,7,1,3,4,0.4,0.4,4,8,6,6,8,4,-4,-11,16,1,15,45,45,0,1535,1540,-5,55000000,50000000,1,0,1,0
2024,1252609,22,Fecha inválida,Al Wehda Club,Al-Nassr,0,0,8,2,2,6,13,20,0,1,2,6,12,1.2,2.4,1,7,7,0,4,4,0.2,0.2,20,6,2,2,19,10,3,0,11,11,5,2.2,1.0,4,6,6,2,3,3,0.67,0.5,3,3,11,11,3,3,-12,-16,18,20,-2,47,46,1,1537,1539,-2,57000000,59000000,0,2,1,1
2024,1252610,22,Fecha inválida,Al-Hilal Saudi FC,Al Kholood,0,0,25,8,1,1,27,11,4,0,13,12,4,2.4,0.8,3,7,8,2,3,3,1.0,0.67,9,2,3,5,13,20,0,2,3,7,10,1.4,2.0,0,7,6,0,4,2,0.0,0.33,1,1,0,0,1,1,16,23,13,10,3,45,46,-1,1532,1509,23,52000000,59000000,1,0,0,1
2024,1252613,22,Fecha inválida,Al-Ahli Jeddah,Al-Qadisiyah FC,0,0,19,6,1,3,16,9,0,2,4,5,5,1.0,1.0,4,4,4,1,2,2,0.6,0.6,21,7,0,3,15,10,1,0,9,7,6,1.4,1.2,5,4,6,2,3,3,0.8,0.6,7,2,4,4,2,7,-2,2,10,14,-4,46,45,1,1529,1533,-4,59000000,53000000,1,2,1,1
2024,1252612,22,Fecha inválida,Al-Ettifaq,Al Taawon,0,0,6,1,3,6,9,19,0,0,2,4,8,0.8,1.6,1,6,5,0,3,1,0.0,0.2,15,4,3,3,13,11,0,0,6,6,6,1.2,1.2,4,4,3,1,3,1,0.4,0.4,5,4,10,10,4,5,-9,-12,15,17,-2,47,46,1,1534,1536,-2,54000000,56000000,0,2,0,0
2024,1252611,22,Fecha inválida,Al Riyadh,Al-Fayha,0,0,15,4,3,3,10,10,0,1,7,5,6,1.0,1.2,3,4,4,1,2,2,0.2,0.6,8,1,5,4,9,14,1,0,6,6,7,1.2,1.4,1,5,3,1,3,2,0.2,0.0,0,2,3,3,2,0,7,5,12,5,7,48,45,3,1511,1544,-33,51000000,54000000,2,1,1,0
2024,1252614,22,Fecha inválida,Al Khaleej Saihat,Al-Ittihad FC,0,0,16,5,1,4,17,16,0,1,9,9,8,1.8,1.6,2,6,8,2,2,4,0.6,0.4,28,9,1,0,22,5,9,0,15,11,3,2.2,0.6,5,5,5,2,3,3,1.0,0.8,0,3,5,5,3,0,-12,-16,9,19,-10,48,46,2,1528,1538,-10,58000000,58000000,0,1,0,0
2024,1252621,23,Fecha inválida,Al-Fateh,Al Taawon,0,0,3,0,3,7,10,20,0,2,2,5,10,1.0,2.0,0,8,6,0,4,2,0.0,0.0,15,4,3,3,13,11,0,0,6,6,6,1.2,1.2,4,4,3,1,3,1,0.4,0.4,5,6,8,8,6,5,-12,-12,12,17,-5,49,47,2,1531,1536,-5,51000000,56000000,0,2,1,0
2024,1252619,23,Fecha inválida,Al-Hilal Saudi FC,Al-Ahli Jeddah,0,0,25,8,1,1,27,11,4,0,13,12,4,2.4,0.8,3,7,8,2,3,3,1.0,0.67,19,6,1,3,16,9,0,2,4,5,5,1.0,1.0,4,4,4,1,2,2,0.6,0.6,13,5,2,2,5,13,6,9,13,10,3,47,48,-1,1532,1529,3,52000000,59000000,1,1,0,1
2024,1252625,23,Fecha inválida,Al-Qadisiyah FC,Al Riyadh,0,0,21,7,0,3,15,10,1,0,9,7,6,1.4,1.2,5,4,6,2,3,3,0.8,0.6,15,4,3,3,10,10,0,1,7,5,6,1.0,1.2,3,4,4,1,2,2,0.2,0.6,1,2,1,1,2,1,6,5,14,12,2,47,49,-2,1533,1511,22,53000000,51000000,2,2,1,1
2024,1252622,23,Fecha inválida,Al-Raed,Al-Ettifaq,0,0,10,3,1,6,11,18,0,1,7,6,9,1.2,1.8,1,5,6,1,3,4,0.4,0.2,6,1,3,6,9,19,0,0,2,4,8,0.8,1.6,1,6,5,0,3,1,0.0,0.2,5,6,7,7,6,5,4,3,16,15,1,48,48,0,1535,1534,1,55000000,54000000,1,0,1,0
2024,1252623,23,Fecha inválida,Al-Ittihad FC,Al Akhdoud,0,0,28,9,1,0,22,5,9,0,15,11,3,2.2,0.6,5,5,5,2,3,3,1.0,0.8,11,3,2,5,16,15,1,0,7,10,6,2.0,1.2,1,7,6,1,3,3,0.2,0.4,3,1,0,0,1,3,17,16,19,18,1,47,49,-2,1538,1577,-39,58000000,57000000,1,1,0,1
2024,1252624,23,Fecha inválida,Al Shabab,Damac,0,0,14,4,2,4,17,13,1,0,9,9,5,1.8,1.0,2,7,7,1,3,4,0.4,0.4,15,4,3,3,15,14,0,1,5,6,7,1.2,1.4,2,6,6,1,3,3,0.4,0.4,8,4,1,1,4,8,-1,3,1,17,-16,48,48,0,1540,1556,-16,50000000,56000000,0,1,0,0
2024,1252617,23,Fecha inválida,Al-Fayha,Al Wehda Club,0,0,8,1,5,4,9,14,1,0,6,6,7,1.2,1.4,1,5,3,1,3,2,0.2,0.0,8,2,2,6,13,20,0,1,2,6,12,1.2,2.4,1,7,7,0,4,4,0.2,0.2,4,3,3,3,3,4,0,2,5,18,-13,47,49,-2,1544,1537,7,54000000,57000000,1,0,0,1
2024,1252618,23,Fecha inválida,Al Orubah,Al-Nassr,0,0,9,3,0,7,6,23,1,0,6,4,12,0.8,2.4,2,2,6,1,1,4,0.2,0.4,20,6,2,2,19,10,3,0,11,11,5,2.2,1.0,4,6,6,2,3,3,0.67,0.5,0,1,1,1,1,0,-11,-26,2,20,-18,47,49,-2,1561,1539,22,51000000,59000000,0,2,1,1
2024,1252620,23,Fecha inválida,Al Kholood,Al Khaleej Saihat,0,0,9,2,3,5,13,20,0,2,3,7,10,1.4,2.0,0,7,6,0,4,2,0.0,0.33,16,5,1,4,17,16,0,1,9,9,8,1.8,1.6,2,6,8,2,2,4,0.6,0.4,0,2,2,2,2,0,-7,-8,10,9,1,48,49,-1,1509,1528,-19,59000000,58000000,0,0,1,0
2024,1252629,24,Fecha inválida,Al-Ahli Jeddah,Al Khaleej Saihat,0,0,19,6,1,3,16,9,0,2,4,5,5,1.0,1.0,4,4,4,1,2,2,0.6,0.6,16,5,1,4,17,16,0,1,9,9,8,1.8,1.6,2,6,8,2,2,4,0.6,0.4,4,2,0,0,2,4,3,6,10,9,1,54,55,-1,1529,1528,1,59000000,58000000,1,0,1,0
2024,1252627,24,Fecha inválida,Al-Qadisiyah FC,Al-Ittihad FC,0,0,21,7,0,3,15,10,1,0,9,7,6,1.4,1.2,5,4,6,2,3,3,0.8,0.6,28,9,1,0,22,5,9,0,15,11,3,2.2,0.6,5,5,5,2,3,3,1.0,0.8,1,3,6,6,3,1,-7,-12,14,19,-5,53,53,0,1533,1538,-5,53000000,58000000,2,1,1,0
2024,1252633,24,Fecha inválida,Al Taawon,Damac,0,0,15,4,3,3,13,11,0,0,6,6,6,1.2,1.2,4,4,3,1,3,1,0.4,0.4,15,4,3,3,15,14,0,1,5,6,7,1.2,1.4,2,6,6,1,3,3,0.4,0.4,6,5,3,3,5,6,0,1,17,17,0,53,54,-1,1536,1556,-20,56000000,56000000,2,1,0,0
2024,1252634,24,Fecha inválida,Al Wehda Club,Al-Raed,0,0,8,2,2,6,13,20,0,1,2,6,12,1.2,2.4,1,7,7,0,4,4,0.2,0.2,10,3,1,6,11,18,0,1,7,6,9,1.2,1.8,1,5,6,1,3,4,0.4,0.2,5,4,6,6,4,5,-2,0,18,16,2,55,54,1,1537,1535,2,57000000,55000000,0,1,1,1
2024,1252631,24,Fecha inválida,Al-Nassr,Al Shabab,0,0,20,6,2,2,19,10,3,0,11,11,5,2.2,1.0,4,6,6,2,3,3,0.67,0.5,14,4,2,4,17,13,1,0,9,9,5,1.8,1.0,2,7,7,1,3,4,0.4,0.4,12,5,3,3,5,12,6,5,20,1,19,55,54,1,1539,1540,-1,59000000,50000000,2,0,1,0
2024,1252630,24,Fecha inválida,Al-Fayha,Al-Hilal Saudi FC,0,0,8,1,5,4,9,14,1,0,6,6,7,1.2,1.4,1,5,3,1,3,2,0.2,0.0,25,8,1,1,27,11,4,0,13,12,4,2.4,0.8,3,7,8,2,3,3,1.0,0.67,4,4,8,8,4,4,-17,-21,5,13,-8,53,53,0,1544,1532,12,54000000,52000000,1,1,0,0
2024,1252628,24,Fecha inválida,Al Orubah,Al-Ettifaq,0,0,9,3,0,7,6,23,1,0,6,4,12,0.8,2.4,2,2,6,1,1,4,0.2,0.4,6,1,3,6,9,19,0,0,2,4,8,0.8,1.6,1,6,5,0,3,1,0.0,0.2,1,1,0,0,1,1,3,-7,2,15,-13,53,54,-1,1561,1534,27,51000000,54000000,0,0,1,0
2024,1252632,24,Fecha inválida,Al Kholood,Al-Fateh,0,0,9,2,3,5,13,20,0,2,3,7,10,1.4,2.0,0,7,6,0,4,2,0.0,0.33,3,0,3,7,10,20,0,2,2,5,10,1.0,2.0,0,8,6,0,4,2,0.0,0.0,0,2,0,0,2,0,6,3,10,12,-2,54,55,-1,1509,1531,-22,59000000,51000000,0,0,1,1
2024,1252626,24,Fecha inválida,Al Riyadh,Al Akhdoud,0,0,15,4,3,3,10,10,0,1,7,5,6,1.0,1.2,3,4,4,1,2,2,0.2,0.6,11,3,2,5,16,15,1,0,7,10,6,2.0,1.2,1,7,6,1,3,3,0.2,0.4,3,1,2,2,1,3,4,-1,12,18,-6,55,55,0,1511,1577,-66,51000000,57000000,2,1,1,1
2024,1252638,25,Fecha inválida,Al Khaleej Saihat,Al Wehda Club,0,0,16,5,1,4,17,16,0,1,9,9,8,1.8,1.6,2,6,8,2,2,4,0.6,0.4,8,2,2,6,13,20,0,1,2,6,12,1.2,2.4,1,7,7,0,4,4,0.2,0.2,5,3,5,5,3,5,8,8,9,18,-9,62,62,0,1528,1537,-9,58000000,57000000,0,0,0,1
2024,1252639,25,Fecha inválida,Al-Fateh,Al-Raed,0,0,3,0,3,7,10,20,0,2,2,5,10,1.0,2.0,0,8,6,0,4,2,0.0,0.0,10,3,1,6,11,18,0,1,7,6,9,1.2,1.8,1,5,6,1,3,4,0.4,0.2,7,5,6,6,5,7,-7,-3,12,16,-4,62,61,1,1531,1535,-4,51000000,55000000,0,1,1,1
2024,1252636,25,Fecha inválida,Al-Ettifaq,Al-Fayha,0,0,6,1,3,6,9,19,0,0,2,4,8,0.8,1.6,1,6,5,0,3,1,0.0,0.2,8,1,5,4,9,14,1,0,6,6,7,1.2,1.4,1,5,3,1,3,2,0.2,0.0,6,7,1,1,7,6,-2,-5,15,5,10,61,60,1,1534,1544,-10,54000000,54000000,0,1,0,0
2024,1252642,25,Fecha inválida,Al Taawon,Al-Hilal Saudi FC,0,0,15,4,3,3,13,11,0,0,6,6,6,1.2,1.2,4,4,3,1,3,1,0.4,0.4,25,8,1,1,27,11,4,0,13,12,4,2.4,0.8,3,7,8,2,3,3,1.0,0.67,3,2,16,16,2,3,-10,-14,17,13,4,60,60,0,1536,1532,4,56000000,52000000,2,1,0,0
2024,1252635,25,Fecha inválida,Al-Ittihad FC,Al Riyadh,0,0,28,9,1,0,22,5,9,0,15,11,3,2.2,0.6,5,5,5,2,3,3,1.0,0.8,15,4,3,3,10,10,0,1,7,5,6,1.0,1.2,3,4,4,1,2,2,0.2,0.6,4,1,0,0,1,4,13,17,19,12,7,60,62,-2,1538,1511,27,58000000,51000000,1,2,0,1
2024,1252641,25,Fecha inválida,Al-Nassr,Al Kholood,0,0,20,6,2,2,19,10,3,0,11,11,5,2.2,1.0,4,6,6,2,3,3,0.67,0.5,9,2,3,5,13,20,0,2,3,7,10,1.4,2.0,0,7,6,0,4,2,0.0,0.33,0,2,0,0,2,0,11,16,20,10,10,62,61,1,1539,1509,30,59000000,59000000,2,0,1,1
2024,1252637,25,Fecha inválida,Al Shabab,Al Orubah,0,0,14,4,2,4,17,13,1,0,9,9,5,1.8,1.0,2,7,7,1,3,4,0.4,0.4,9,3,0,7,6,23,1,0,6,4,12,0.8,2.4,2,2,6,1,1,4,0.2,0.4,1,1,0,0,1,1,5,21,1,2,-1,61,60,1,1540,1561,-21,50000000,51000000,0,0,0,1
2024,1252640,25,Fecha inválida,Damac,Al-Qadisiyah FC,0,0,15,4,3,3,15,14,0,1,5,6,7,1.2,1.4,2,6,6,1,3,3,0.4,0.4,21,7,0,3,15,10,1,0,9,7,6,1.4,1.2,5,4,6,2,3,3,0.8,0.6,0,2,2,2,2,0,-6,-4,17,14,3,61,60,1,1556,1533,23,56000000,53000000,1,2,0,1
2024,1252643,25,Fecha inválida,Al Akhdoud,Al-Ahli Jeddah,0,0,11,3,2,5,16,15,1,0,7,10,6,2.0,1.2,1,7,6,1,3,3,0.2,0.4,19,6,1,3,16,9,0,2,4,5,5,1.0,1.0,4,4,4,1,2,2,0.6,0.6,3,2,1,1,2,3,-8,-6,18,10,8,62,61,1,1577,1529,48,57000000,59000000,1,1,1,1
2024,1252649,26,Fecha inválida,Al-Ahli Jeddah,Al-Ittihad FC,0,0,19,6,1,3,16,9,0,2,4,5,5,1.0,1.0,4,4,4,1,2,2,0.6,0.6,28,9,1,0,22,5,9,0,15,11,3,2.2,0.6,5,5,5,2,3,3,1.0,0.8,7,5,4,4,5,7,-9,-10,10,19,-9,83,82,1,1529,1538,-9,59000000,58000000,1,1,1,0
2024,1252645,26,Fecha inválida,Al-Hilal Saudi FC,Al-Nassr,0,0,25,8,1,1,27,11,4,0,13,12,4,2.4,0.8,3,7,8,2,3,3,1.0,0.67,20,6,2,2,19,10,3,0,11,11,5,2.2,1.0,4,6,6,2,3,3,0.67,0.5,15,7,6,6,7,15,5,7,13,20,-7,82,84,-2,1532,1539,-7,52000000,59000000,1,2,0,1
2024,1252651,26,Fecha inválida,Al-Qadisiyah FC,Al-Ettifaq,0,0,21,7,0,3,15,10,1,0,9,7,6,1.4,1.2,5,4,6,2,3,3,0.8,0.6,6,1,3,6,9,19,0,0,2,4,8,0.8,1.6,1,6,5,0,3,1,0.0,0.2,4,3,3,3,3,4,15,15,14,15,-1,82,83,-1,1533,1534,-1,53000000,54000000,2,0,1,0
2024,1252652,26,Fecha inválida,Al-Raed,Al Khaleej Saihat,0,0,10,3,1,6,11,18,0,1,7,6,9,1.2,1.8,1,5,6,1,3,4,0.4,0.2,16,5,1,4,17,16,0,1,9,9,8,1.8,1.6,2,6,8,2,2,4,0.6,0.4,2,3,3,3,3,2,-6,-8,16,9,7,83,84,-1,1535,1528,7,55000000,58000000,1,0,1,0
2024,1252646,26,Fecha inválida,Al Wehda Club,Al Shabab,0,0,8,2,2,6,13,20,0,1,2,6,12,1.2,2.4,1,7,7,0,4,4,0.2,0.2,14,4,2,4,17,13,1,0,9,9,5,1.8,1.0,2,7,7,1,3,4,0.4,0.4,3,2,9,9,2,3,-6,-11,18,1,17,84,83,1,1537,1540,-3,57000000,50000000,0,0,1,0
2024,1252650,26,Fecha inválida,Al-Fayha,Al-Fateh,0,0,8,1,5,4,9,14,1,0,6,6,7,1.2,1.4,1,5,3,1,3,2,0.2,0.0,3,0,3,7,10,20,0,2,2,5,10,1.0,2.0,0,8,6,0,4,2,0.0,0.0,6,5,4,4,5,6,5,5,5,12,-7,82,84,-2,1544,1531,13,54000000,51000000,1,0,0,1
2024,1252644,26,Fecha inválida,Al Orubah,Al Akhdoud,0,0,9,3,0,7,6,23,1,0,6,4,12,0.8,2.4,2,2,6,1,1,4,0.2,0.4,11,3,2,5,16,15,1,0,7,10,6,2.0,1.2,1,7,6,1,3,3,0.2,0.4,1,2,3,3,2,1,-2,-18,2,18,-16,82,84,-2,1561,1577,-16,51000000,57000000,0,1,1,1
2024,1252648,26,Fecha inválida,Al Kholood,Al Taawon,0,0,9,2,3,5,13,20,0,2,3,7,10,1.4,2.0,0,7,6,0,4,2,0.0,0.33,15,4,3,3,13,11,0,0,6,6,6,1.2,1.2,4,4,3,1,3,1,0.4,0.4,0,2,0,0,2,0,-6,-9,10,17,-7,83,82,1,1509,1536,-27,59000000,56000000,0,2,1,0
2024,1252647,26,Fecha inválida,Al Riyadh,Damac,0,0,15,4,3,3,10,10,0,1,7,5,6,1.0,1.2,3,4,4,1,2,2,0.2,0.6,15,4,3,3,15,14,0,1,5,6,7,1.2,1.4,2,6,6,1,3,3,0.4,0.4,1,3,0,0,3,1,0,-1,12,17,-5,84,83,1,1511,1556,-45,51000000,56000000,2,1,1,0
2024,1252656,27,Fecha inválida,Al Khaleej Saihat,Al-Fateh,0,0,16,5,1,4,17,16,0,1,9,9,8,1.8,1.6,2,6,8,2,2,4,0.6,0.4,3,0,3,7,10,20,0,2,2,5,10,1.0,2.0,0,8,6,0,4,2,0.0,0.0,3,2,3,3,2,3,13,11,9,12,-3,90,90,0,1528,1531,-3,58000000,51000000,0,0,0,1
2024,1252654,27,Fecha inválida,Al-Ettifaq,Al-Hilal Saudi FC,0,0,6,1,3,6,9,19,0,0,2,4,8,0.8,1.6,1,6,5,0,3,1,0.0,0.2,25,8,1,1,27,11,4,0,13,12,4,2.4,0.8,3,7,8,2,3,3,1.0,0.67,2,3,16,16,3,2,-19,-26,15,13,2,89,88,1,1534,1532,2,54000000,52000000,0,1,0,0
2024,1252657,27,Fecha inválida,Al-Raed,Al-Ahli Jeddah,0,0,10,3,1,6,11,18,0,1,7,6,9,1.2,1.8,1,5,6,1,3,4,0.4,0.2,19,6,1,3,16,9,0,2,4,5,5,1.0,1.0,4,4,4,1,2,2,0.6,0.6,4,4,8,8,4,4,-9,-14,16,10,6,89,89,0,1535,1529,6,55000000,59000000,1,1,1,1
2024,1252659,27,Fecha inválida,Al-Ittihad FC,Al Orubah,0,0,28,9,1,0,22,5,9,0,15,11,3,2.2,0.6,5,5,5,2,3,3,1.0,0.8,9,3,0,7,6,23,1,0,6,4,12,0.8,2.4,2,2,6,1,1,4,0.2,0.4,1,1,0,0,1,1,19,34,19,2,17,88,88,0,1538,1561,-23,58000000,51000000,1,0,0,1
2024,1252661,27,Fecha inválida,Al-Nassr,Al Riyadh,0,0,20,6,2,2,19,10,3,0,11,11,5,2.2,1.0,4,6,6,2,3,3,0.67,0.5,15,4,3,3,10,10,0,1,7,5,6,1.0,1.2,3,4,4,1,2,2,0.2,0.6,2,2,0,0,2,2,5,9,20,12,8,90,90,0,1539,1511,28,59000000,51000000,2,2,1,1
2024,1252655,27,Fecha inválida,Al Shabab,Al Kholood,0,0,14,4,2,4,17,13,1,0,9,9,5,1.8,1.0,2,7,7,1,3,4,0.4,0.4,9,2,3,5,13,20,0,2,3,7,10,1.4,2.0,0,7,6,0,4,2,0.0,0.33,2,1,0,0,1,2,5,11,1,10,-9,89,89,0,1540,1509,31,50000000,59000000,0,0,0,1
2024,1252658,27,Fecha inválida,Al-Fayha,Al-Qadisiyah FC,0,0,8,1,5,4,9,14,1,0,6,6,7,1.2,1.4,1,5,3,1,3,2,0.2,0.0,21,7,0,3,15,10,1,0,9,7,6,1.4,1.2,5,4,6,2,3,3,0.8,0.6,2,2,2,2,2,2,-13,-10,5,14,-9,88,88,0,1544,1533,11,54000000,53000000,1,2,0,1
2024,1252653,27,Fecha inválida,Damac,Al Wehda Club,0,0,15,4,3,3,15,14,0,1,5,6,7,1.2,1.4,2,6,6,1,3,3,0.4,0.4,8,2,2,6,13,20,0,1,2,6,12,1.2,2.4,1,7,7,0,4,4,0.2,0.2,3,4,6,6,4,3,7,8,17,18,-1,89,90,-1,1556,1537,19,56000000,57000000,1,0,0,1
2024,1252660,27,Fecha inválida,Al Akhdoud,Al Taawon,0,0,11,3,2,5,16,15,1,0,7,10,6,2.0,1.2,1,7,6,1,3,3,0.2,0.4,15,4,3,3,13,11,0,0,6,6,6,1.2,1.2,4,4,3,1,3,1,0.4,0.4,0,1,3,3,1,0,-4,-1,18,17,1,90,88,2,1577,1536,41,57000000,56000000,1,2,1,0
2024,1252668,28,Fecha inválida,Al-Ahli Jeddah,Al-Fayha,0,0,19,6,1,3,16,9,0,2,4,5,5,1.0,1.0,4,4,4,1,2,2,0.6,0.6,8,1,5,4,9,14,1,0,6,6,7,1.2,1.4,1,5,3,1,3,2,0.2,0.0,8,5,1,1,5,8,11,12,10,5,5,96,95,1,1529,1544,-15,59000000,54000000,1,1,1,0
2024,1252667,28,Fecha inválida,Al-Fateh,Al-Ittihad FC,0,0,3,0,3,7,10,20,0,2,2,5,10,1.0,2.0,0,8,6,0,4,2,0.0,0.0,28,9,1,0,22,5,9,0,15,11,3,2.2,0.6,5,5,5,2,3,3,1.0,0.8,4,6,11,11,6,4,-25,-27,12,19,-7,97,95,2,1531,1538,-7,51000000,58000000,0,1,1,0
2024,1252664,28,Fecha inválida,Al-Hilal Saudi FC,Al Khaleej Saihat,0,0,25,8,1,1,27,11,4,0,13,12,4,2.4,0.8,3,7,8,2,3,3,1.0,0.67,16,5,1,4,17,16,0,1,9,9,8,1.8,1.6,2,6,8,2,2,4,0.6,0.4,6,1,1,1,1,6,9,15,13,9,4,95,97,-2,1532,1528,4,52000000,58000000,1,0,0,0
2024,1252666,28,Fecha inválida,Al-Qadisiyah FC,Al-Nassr,0,0,21,7,0,3,15,10,1,0,9,7,6,1.4,1.2,5,4,6,2,3,3,0.8,0.6,20,6,2,2,19,10,3,0,11,11,5,2.2,1.0,4,6,6,2,3,3,0.67,0.5,4,1,5,5,1,4,1,-4,14,20,-6,95,97,-2,1533,1539,-6,53000000,59000000,2,2,1,1
2024,1252662,28,Fecha inválida,Al-Ettifaq,Al Riyadh,0,0,6,1,3,6,9,19,0,0,2,4,8,0.8,1.6,1,6,5,0,3,1,0.0,0.2,15,4,3,3,10,10,0,1,7,5,6,1.0,1.2,3,4,4,1,2,2,0.2,0.6,1,2,1,1,2,1,-9,-10,15,12,3,96,97,-1,1534,1511,23,54000000,51000000,0,2,0,1
2024,1252669,28,Fecha inválida,Al Taawon,Al Wehda Club,0,0,15,4,3,3,13,11,0,0,6,6,6,1.2,1.2,4,4,3,1,3,1,0.4,0.4,8,2,2,6,13,20,0,1,2,6,12,1.2,2.4,1,7,7,0,4,4,0.2,0.2,10,3,3,3,3,10,7,9,17,18,-1,95,97,-2,1536,1537,-1,56000000,57000000,2,0,0,1
2024,1252670,28,Fecha inválida,Al Shabab,Al Akhdoud,0,0,14,4,2,4,17,13,1,0,9,9,5,1.8,1.0,2,7,7,1,3,4,0.4,0.4,11,3,2,5,16,15,1,0,7,10,6,2.0,1.2,1,7,6,1,3,3,0.2,0.4,0,3,1,1,3,0,3,3,1,18,-17,96,97,-1,1540,1577,-37,50000000,57000000,0,1,0,1
2024,1252665,28,Fecha inválida,Al Orubah,Al-Raed,0,0,9,3,0,7,6,23,1,0,6,4,12,0.8,2.4,2,2,6,1,1,4,0.2,0.4,10,3,1,6,11,18,0,1,7,6,9,1.2,1.8,1,5,6,1,3,4,0.4,0.2,0,1,1,1,1,0,-1,-10,2,16,-14,95,96,-1,1561,1535,26,51000000,55000000,0,1,1,1
2024,1252663,28,Fecha inválida,Al Kholood,Damac,0,0,9,2,3,5,13,20,0,2,3,7,10,1.4,2.0,0,7,6,0,4,2,0.0,0.33,15,4,3,3,15,14,0,1,5,6,7,1.2,1.4,2,6,6,1,3,3,0.4,0.4,0,1,1,1,1,0,-6,-8,10,17,-7,96,96,0,1509,1556,-47,59000000,56000000,0,1,1,0
2024,1252677,29,Fecha inválida,Al Khaleej Saihat,Al-Qadisiyah FC,0,0,16,5,1,4,17,16,0,1,9,9,8,1.8,1.6,2,6,8,2,2,4,0.6,0.4,21,7,0,3,15,10,1,0,9,7,6,1.4,1.2,5,4,6,2,3,3,0.8,0.6,3,3,2,2,3,3,-5,-4,9,14,-5,102,100,2,1528,1533,-5,58000000,53000000,0,2,0,1
2024,1252671,29,Fecha inválida,Al-Hilal Saudi FC,Al Shabab,0,0,25,8,1,1,27,11,4,0,13,12,4,2.4,0.8,3,7,8,2,3,3,1.0,0.67,14,4,2,4,17,13,1,0,9,9,5,1.8,1.0,2,7,7,1,3,4,0.4,0.4,13,6,1,1,6,13,11,12,13,1,12,100,101,-1,1532,1540,-8,52000000,50000000,1,0,0,0
2024,1252676,29,Fecha inválida,Al Taawon,Al-Raed,0,0,15,4,3,3,13,11,0,0,6,6,6,1.2,1.2,4,4,3,1,3,1,0.4,0.4,10,3,1,6,11,18,0,1,7,6,9,1.2,1.8,1,5,6,1,3,4,0.4,0.2,10,6,3,3,6,10,5,9,17,16,1,100,101,-1,1536,1535,1,56000000,55000000,2,1,0,1
2024,1252673,29,Fecha inválida,Al Wehda Club,Al-Ahli Jeddah,0,0,8,2,2,6,13,20,0,1,2,6,12,1.2,2.4,1,7,7,0,4,4,0.2,0.2,19,6,1,3,16,9,0,2,4,5,5,1.0,1.0,4,4,4,1,2,2,0.6,0.6,4,2,8,8,2,4,-11,-14,18,10,8,102,101,1,1537,1529,8,57000000,59000000,0,1,1,1
2024,1252675,29,Fecha inválida,Al-Ittihad FC,Al-Ettifaq,0,0,28,9,1,0,22,5,9,0,15,11,3,2.2,0.6,5,5,5,2,3,3,1.0,0.8,6,1,3,6,9,19,0,0,2,4,8,0.8,1.6,1,6,5,0,3,1,0.0,0.2,12,3,4,4,3,12,22,27,19,15,4,100,101,-1,1538,1534,4,58000000,54000000,1,0,0,0
2024,1252672,29,Fecha inválida,Damac,Al-Nassr,0,0,15,4,3,3,15,14,0,1,5,6,7,1.2,1.4,2,6,6,1,3,3,0.4,0.4,20,6,2,2,19,10,3,0,11,11,5,2.2,1.0,4,6,6,2,3,3,0.67,0.5,1,3,9,9,3,1,-5,-8,17,20,-3,101,102,-1,1556,1539,17,56000000,59000000,1,2,0,1
2024,1252678,29,Fecha inválida,Al Orubah,Al-Fayha,0,0,9,3,0,7,6,23,1,0,6,4,12,0.8,2.4,2,2,6,1,1,4,0.2,0.4,8,1,5,4,9,14,1,0,6,6,7,1.2,1.4,1,5,3,1,3,2,0.2,0.0,1,2,1,1,2,1,1,-12,2,5,-3,100,100,0,1561,1544,17,51000000,54000000,0,1,1,0
2024,1252679,29,Fecha inválida,Al Kholood,Al Akhdoud,0,0,9,2,3,5,13,20,0,2,3,7,10,1.4,2.0,0,7,6,0,4,2,0.0,0.33,11,3,2,5,16,15,1,0,7,10,6,2.0,1.2,1,7,6,1,3,3,0.2,0.4,4,2,0,0,2,4,-2,-8,10,18,-8,101,102,-1,1509,1577,-68,59000000,57000000,0,1,1,1
2024,1252674,29,Fecha inválida,Al Riyadh,Al-Fateh,0,0,15,4,3,3,10,10,0,1,7,5,6,1.0,1.2,3,4,4,1,2,2,0.2,0.6,3,0,3,7,10,20,0,2,2,5,10,1.0,2.0,0,8,6,0,4,2,0.0,0.0,1,3,0,0,3,1,12,10,12,12,0,102,102,0,1511,1531,-20,51000000,51000000,2,0,1,1
2024,1252681,30,Fecha inválida,Al-Ahli Jeddah,Al Taawon,0,0,19,6,1,3,16,9,0,2,4,5,5,1.0,1.0,4,4,4,1,2,2,0.6,0.6,15,4,3,3,13,11,0,0,6,6,6,1.2,1.2,4,4,3,1,3,1,0.4,0.4,8,5,3,3,5,8,4,5,10,17,-7,110,109,1,1529,1536,-7,59000000,56000000,1,2,1,0
2024,1252685,30,Fecha inválida,Al-Fateh,Al Shabab,0,0,3,0,3,7,10,20,0,2,2,5,10,1.0,2.0,0,8,6,0,4,2,0.0,0.0,14,4,2,4,17,13,1,0,9,9,5,1.8,1.0,2,7,7,1,3,4,0.4,0.4,5,7,7,7,7,5,-11,-14,12,1,11,111,110,1,1531,1540,-9,51000000,50000000,0,0,1,0
2024,1252682,30,Fecha inválida,Al-Qadisiyah FC,Al Kholood,0,0,21,7,0,3,15,10,1,0,9,7,6,1.4,1.2,5,4,6,2,3,3,0.8,0.6,9,2,3,5,13,20,0,2,3,7,10,1.4,2.0,0,7,6,0,4,2,0.0,0.33,5,2,1,1,2,5,12,12,14,10,4,109,110,-1,1533,1509,24,53000000,59000000,2,0,1,1
2024,1252688,30,Fecha inválida,Al-Ettifaq,Al Khaleej Saihat,0,0,6,1,3,6,9,19,0,0,2,4,8,0.8,1.6,1,6,5,0,3,1,0.0,0.2,16,5,1,4,17,16,0,1,9,9,8,1.8,1.6,2,6,8,2,2,4,0.6,0.4,5,2,1,1,2,5,-10,-11,15,9,6,110,111,-1,1534,1528,6,54000000,58000000,0,0,0,0
2024,1252684,30,Fecha inválida,Al-Raed,Al-Hilal Saudi FC,0,0,10,3,1,6,11,18,0,1,7,6,9,1.2,1.8,1,5,6,1,3,4,0.4,0.2,25,8,1,1,27,11,4,0,13,12,4,2.4,0.8,3,7,8,2,3,3,1.0,0.67,0,3,16,16,3,0,-15,-23,16,13,3,110,109,1,1535,1532,3,55000000,52000000,1,1,1,0
2024,1252686,30,Fecha inválida,Al-Nassr,Al-Ittihad FC,0,0,20,6,2,2,19,10,3,0,11,11,5,2.2,1.0,4,6,6,2,3,3,0.67,0.5,28,9,1,0,22,5,9,0,15,11,3,2.2,0.6,5,5,5,2,3,3,1.0,0.8,7,7,8,8,7,7,-8,-8,20,19,1,111,109,2,1539,1538,1,59000000,58000000,2,1,1,0
2024,1252687,30,Fecha inválida,Al-Fayha,Damac,0,0,8,1,5,4,9,14,1,0,6,6,7,1.2,1.4,1,5,3,1,3,2,0.2,0.0,15,4,3,3,15,14,0,1,5,6,7,1.2,1.4,2,6,6,1,3,3,0.4,0.4,0,7,5,5,7,0,-7,-6,5,17,-12,109,110,-1,1544,1556,-12,54000000,56000000,1,1,0,0
2024,1252680,30,Fecha inválida,Al Akhdoud,Al Wehda Club,0,0,11,3,2,5,16,15,1,0,7,10,6,2.0,1.2,1,7,6,1,3,3,0.2,0.4,8,2,2,6,13,20,0,1,2,6,12,1.2,2.4,1,7,7,0,4,4,0.2,0.2,1,3,2,2,3,1,3,8,18,18,0,111,111,0,1577,1537,40,57000000,57000000,1,0,1,1
2024,1252683,30,Fecha inválida,Al Riyadh,Al Orubah,0,0,15,4,3,3,10,10,0,1,7,5,6,1.0,1.2,3,4,4,1,2,2,0.2,0.6,9,3,0,7,6,23,1,0,6,4,12,0.8,2.4,2,2,6,1,1,4,0.2,0.4,3,1,0,0,1,3,6,17,12,2,10,111,109,2,1511,1561,-50,51000000,51000000,2,0,1,1
2024,1252689,31,Fecha inválida,Al Khaleej Saihat,Al Riyadh,0,0,16,5,1,4,17,16,0,1,9,9,8,1.8,1.6,2,6,8,2,2,4,0.6,0.4,15,4,3,3,10,10,0,1,7,5,6,1.0,1.2,3,4,4,1,2,2,0.2,0.6,1,2,1,1,2,1,1,1,9,12,-3,118,118,0,1528,1511,17,58000000,51000000,0,2,0,1
2024,1252695,31,Fecha inválida,Al-Hilal Saudi FC,Al Orubah,0,0,25,8,1,1,27,11,4,0,13,12,4,2.4,0.8,3,7,8,2,3,3,1.0,0.67,9,3,0,7,6,23,1,0,6,4,12,0.8,2.4,2,2,6,1,1,4,0.2,0.4,1,1,0,0,1,1,16,33,13,2,11,116,116,0,1532,1561,-29,52000000,51000000,1,0,0,1
2024,1252694,31,Fecha inválida,Al Taawon,Al-Qadisiyah FC,0,0,15,4,3,3,13,11,0,0,6,6,6,1.2,1.2,4,4,3,1,3,1,0.4,0.4,21,7,0,3,15,10,1,0,9,7,6,1.4,1.2,5,4,6,2,3,3,0.8,0.6,5,2,6,6,2,5,-6,-3,17,14,3,116,116,0,1536,1533,3,56000000,53000000,2,2,0,1
2024,1252692,31,Fecha inválida,Al Wehda Club,Al-Fateh,0,0,8,2,2,6,13,20,0,1,2,6,12,1.2,2.4,1,7,7,0,4,4,0.2,0.2,3,0,3,7,10,20,0,2,2,5,10,1.0,2.0,0,8,6,0,4,2,0.0,0.0,4,4,6,6,4,4,5,3,18,12,6,118,118,0,1537,1531,6,57000000,51000000,0,0,1,1
2024,1252697,31,Fecha inválida,Al-Ittihad FC,Al-Fayha,0,0,28,9,1,0,22,5,9,0,15,11,3,2.2,0.6,5,5,5,2,3,3,1.0,0.8,8,1,5,4,9,14,1,0,6,6,7,1.2,1.4,1,5,3,1,3,2,0.2,0.0,10,3,5,5,3,10,20,22,19,5,14,116,116,0,1538,1544,-6,58000000,54000000,1,1,0,0
2024,1252693,31,Fecha inválida,Al Shabab,Al-Ahli Jeddah,0,0,14,4,2,4,17,13,1,0,9,9,5,1.8,1.0,2,7,7,1,3,4,0.4,0.4,19,6,1,3,16,9,0,2,4,5,5,1.0,1.0,4,4,4,1,2,2,0.6,0.6,6,5,6,6,5,6,-5,-3,1,10,-9,117,117,0,1540,1529,11,50000000,59000000,0,1,0,1
2024,1252691,31,Fecha inválida,Damac,Al-Raed,0,0,15,4,3,3,15,14,0,1,5,6,7,1.2,1.4,2,6,6,1,3,3,0.4,0.4,10,3,1,6,11,18,0,1,7,6,9,1.2,1.8,1,5,6,1,3,4,0.4,0.2,4,2,6,6,2,4,5,8,17,16,1,117,117,0,1556,1535,21,56000000,55000000,1,1,0,1
2024,1252696,31,Fecha inválida,Al Akhdoud,Al-Nassr,0,0,11,3,2,5,16,15,1,0,7,10,6,2.0,1.2,1,7,6,1,3,3,0.2,0.4,20,6,2,2,19,10,3,0,11,11,5,2.2,1.0,4,6,6,2,3,3,0.67,0.5,0,1,3,3,1,0,-9,-8,18,20,-2,118,118,0,1577,1539,38,57000000,59000000,1,2,1,1
2024,1252690,31,Fecha inválida,Al Kholood,Al-Ettifaq,0,0,9,2,3,5,13,20,0,2,3,7,10,1.4,2.0,0,7,6,0,4,2,0.0,0.33,6,1,3,6,9,19,0,0,2,4,8,0.8,1.6,1,6,5,0,3,1,0.0,0.2,1,1,0,0,1,1,3,3,10,15,-5,117,117,0,1509,1534,-25,59000000,54000000,0,0,1,0
2024,1252703,32,Fecha inválida,Al-Ahli Jeddah,Al Kholood,0,0,19,6,1,3,16,9,0,2,4,5,5,1.0,1.0,4,4,4,1,2,2,0.6,0.6,9,2,3,5,13,20,0,2,3,7,10,1.4,2.0,0,7,6,0,4,2,0.0,0.33,2,2,0,0,2,2,10,14,10,10,0,123,123,0,1529,1509,20,59000000,59000000,1,0,1,1
2024,1252702,32,Fecha inválida,Al-Fateh,Al-Hilal Saudi FC,0,0,3,0,3,7,10,20,0,2,2,5,10,1.0,2.0,0,8,6,0,4,2,0.0,0.0,25,8,1,1,27,11,4,0,13,12,4,2.4,0.8,3,7,8,2,3,3,1.0,0.67,3,4,13,13,4,3,-22,-26,12,13,-1,124,122,2,1531,1532,-1,51000000,52000000,0,1,1,0
2024,1252706,32,Fecha inválida,Al-Qadisiyah FC,Al Wehda Club,0,0,21,7,0,3,15,10,1,0,9,7,6,1.4,1.2,5,4,6,2,3,3,0.8,0.6,8,2,2,6,13,20,0,1,2,6,12,1.2,2.4,1,7,7,0,4,4,0.2,0.2,3,4,4,4,4,3,13,12,14,18,-4,122,124,-2,1533,1537,-4,53000000,57000000,2,0,1,1
2024,1252704,32,Fecha inválida,Al-Ettifaq,Damac,0,0,6,1,3,6,9,19,0,0,2,4,8,0.8,1.6,1,6,5,0,3,1,0.0,0.2,15,4,3,3,15,14,0,1,5,6,7,1.2,1.4,2,6,6,1,3,3,0.4,0.4,5,5,3,3,5,5,-9,-11,15,17,-2,123,123,0,1534,1556,-22,54000000,56000000,0,1,0,0
2024,1252700,32,Fecha inválida,Al-Raed,Al-Ittihad FC,0,0,10,3,1,6,11,18,0,1,7,6,9,1.2,1.8,1,5,6,1,3,4,0.4,0.2,28,9,1,0,22,5,9,0,15,11,3,2.2,0.6,5,5,5,2,3,3,1.0,0.8,3,7,8,8,7,3,-18,-24,16,19,-3,123,122,1,1535,1538,-3,55000000,58000000,1,1,1,0
2024,1252699,32,Fecha inválida,Al-Nassr,Al Taawon,0,0,20,6,2,2,19,10,3,0,11,11,5,2.2,1.0,4,6,6,2,3,3,0.67,0.5,15,4,3,3,13,11,0,0,6,6,6,1.2,1.2,4,4,3,1,3,1,0.4,0.4,12,2,7,7,2,12,5,7,20,17,3,124,122,2,1539,1536,3,59000000,56000000,2,2,1,0
2024,1252698,32,Fecha inválida,Al-Fayha,Al Akhdoud,0,0,8,1,5,4,9,14,1,0,6,6,7,1.2,1.4,1,5,3,1,3,2,0.2,0.0,11,3,2,5,16,15,1,0,7,10,6,2.0,1.2,1,7,6,1,3,3,0.2,0.4,2,2,0,0,2,2,-3,-6,5,18,-13,122,124,-2,1544,1577,-33,54000000,57000000,1,1,0,1
2024,1252701,32,Fecha inválida,Al Orubah,Al Khaleej Saihat,0,0,9,3,0,7,6,23,1,0,6,4,12,0.8,2.4,2,2,6,1,1,4,0.2,0.4,16,5,1,4,17,16,0,1,9,9,8,1.8,1.6,2,6,8,2,2,4,0.6,0.4,3,4,1,1,4,3,-7,-18,2,9,-7,122,124,-2,1561,1528,33,51000000,58000000,0,0,1,0
2024,1252705,32,Fecha inválida,Al Riyadh,Al Shabab,0,0,15,4,3,3,10,10,0,1,7,5,6,1.0,1.2,3,4,4,1,2,2,0.2,0.6,14,4,2,4,17,13,1,0,9,9,5,1.8,1.0,2,7,7,1,3,4,0.4,0.4,0,3,2,2,3,0,1,-4,12,1,11,124,123,1,1511,1540,-29,51000000,50000000,2,0,1,0
2024,1252708,33,Fecha inválida,Al-Ahli Jeddah,Al-Ettifaq,0,0,19,6,1,3,16,9,0,2,4,5,5,1.0,1.0,4,4,4,1,2,2,0.6,0.6,6,1,3,6,9,19,0,0,2,4,8,0.8,1.6,1,6,5,0,3,1,0.0,0.2,8,5,4,4,5,8,13,17,10,15,-5,129,129,0,1529,1534,-5,59000000,54000000,1,0,1,0
2024,1252715,33,Fecha inválida,Al-Qadisiyah FC,Al Orubah,0,0,21,7,0,3,15,10,1,0,9,7,6,1.4,1.2,5,4,6,2,3,3,0.8,0.6,9,3,0,7,6,23,1,0,6,4,12,0.8,2.4,2,2,6,1,1,4,0.2,0.4,3,2,4,4,2,3,12,22,14,2,12,128,128,0,1533,1561,-28,53000000,51000000,2,0,1,1
2024,1252710,33,Fecha inválida,Al Taawon,Al Riyadh,0,0,15,4,3,3,13,11,0,0,6,6,6,1.2,1.2,4,4,3,1,3,1,0.4,0.4,15,4,3,3,10,10,0,1,7,5,6,1.0,1.2,3,4,4,1,2,2,0.2,0.6,0,3,1,1,3,0,0,2,17,12,5,128,130,-2,1536,1511,25,56000000,51000000,2,2,0,1
2024,1252713,33,Fecha inválida,Al Wehda Club,Al-Hilal Saudi FC,0,0,8,2,2,6,13,20,0,1,2,6,12,1.2,2.4,1,7,7,0,4,4,0.2,0.2,25,8,1,1,27,11,4,0,13,12,4,2.4,0.8,3,7,8,2,3,3,1.0,0.67,1,5,12,12,5,1,-17,-23,18,13,5,130,128,2,1537,1532,5,57000000,52000000,0,1,1,0
2024,1252709,33,Fecha inválida,Al-Nassr,Al Khaleej Saihat,0,0,20,6,2,2,19,10,3,0,11,11,5,2.2,1.0,4,6,6,2,3,3,0.67,0.5,16,5,1,4,17,16,0,1,9,9,8,1.8,1.6,2,6,8,2,2,4,0.6,0.4,5,3,1,1,3,5,4,8,20,9,11,130,130,0,1539,1528,11,59000000,58000000,2,0,1,0
2024,1252711,33,Fecha inválida,Al Shabab,Al-Ittihad FC,0,0,14,4,2,4,17,13,1,0,9,9,5,1.8,1.0,2,7,7,1,3,4,0.4,0.4,28,9,1,0,22,5,9,0,15,11,3,2.2,0.6,5,5,5,2,3,3,1.0,0.8,6,8,9,9,8,6,-14,-13,1,19,-18,129,128,1,1540,1538,2,50000000,58000000,0,1,0,0
2024,1252707,33,Fecha inválida,Damac,Al-Fateh,0,0,15,4,3,3,15,14,0,1,5,6,7,1.2,1.4,2,6,6,1,3,3,0.4,0.4,3,0,3,7,10,20,0,2,2,5,10,1.0,2.0,0,8,6,0,4,2,0.0,0.0,2,8,2,2,8,2,12,11,17,12,5,129,130,-1,1556,1531,25,56000000,51000000,1,0,0,1
2024,1252712,33,Fecha inválida,Al Akhdoud,Al-Raed,0,0,11,3,2,5,16,15,1,0,7,10,6,2.0,1.2,1,7,6,1,3,3,0.2,0.4,10,3,1,6,11,18,0,1,7,6,9,1.2,1.8,1,5,6,1,3,4,0.4,0.2,1,2,1,1,2,1,1,8,18,16,2,130,129,1,1577,1535,42,57000000,55000000,1,1,1,1
2024,1252714,33,Fecha inválida,Al Kholood,Al-Fayha,0,0,9,2,3,5,13,20,0,2,3,7,10,1.4,2.0,0,7,6,0,4,2,0.0,0.33,8,1,5,4,9,14,1,0,6,6,7,1.2,1.4,1,5,3,1,3,2,0.2,0.0,0,2,0,0,2,0,1,-2,10,5,5,129,128,1,1509,1544,-35,59000000,54000000,0,1,1,0
2024,1252716,34,Fecha inválida,Al Khaleej Saihat,Al Akhdoud,0,0,16,5,1,4,17,16,0,1,9,9,8,1.8,1.6,2,6,8,2,2,4,0.6,0.4,11,3,2,5,16,15,1,0,7,10,6,2.0,1.2,1,7,6,1,3,3,0.2,0.4,3,3,0,0,3,3,5,0,9,18,-9,136,136,0,1528,1577,-49,58000000,57000000,0,1,0,1
2024,1252717,34,Fecha inválida,Al-Fateh,Al-Nassr,0,0,3,0,3,7,10,20,0,2,2,5,10,1.0,2.0,0,8,6,0,4,2,0.0,0.0,20,6,2,2,19,10,3,0,11,11,5,2.2,1.0,4,6,6,2,3,3,0.67,0.5,1,7,10,10,7,1,-17,-19,12,20,-8,136,136,0,1531,1539,-8,51000000,59000000,0,2,1,1
2024,1252722,34,Fecha inválida,Al-Hilal Saudi FC,Al-Qadisiyah FC,0,0,25,8,1,1,27,11,4,0,13,12,4,2.4,0.8,3,7,8,2,3,3,1.0,0.67,21,7,0,3,15,10,1,0,9,7,6,1.4,1.2,5,4,6,2,3,3,0.8,0.6,7,4,1,1,4,7,4,11,13,14,-1,134,134,0,1532,1533,-1,52000000,53000000,1,2,0,1
2024,1252724,34,Fecha inválida,Al-Ettifaq,Al Wehda Club,0,0,6,1,3,6,9,19,0,0,2,4,8,0.8,1.6,1,6,5,0,3,1,0.0,0.2,8,2,2,6,13,20,0,1,2,6,12,1.2,2.4,1,7,7,0,4,4,0.2,0.2,5,5,4,4,5,5,-2,-3,15,18,-3,135,136,-1,1534,1537,-3,54000000,57000000,0,0,0,1
2024,1252719,34,Fecha inválida,Al-Raed,Al Kholood,0,0,10,3,1,6,11,18,0,1,7,6,9,1.2,1.8,1,5,6,1,3,4,0.4,0.2,9,2,3,5,13,20,0,2,3,7,10,1.4,2.0,0,7,6,0,4,2,0.0,0.33,0,2,0,0,2,0,1,0,16,10,6,135,135,0,1535,1509,26,55000000,59000000,1,0,1,1
2024,1252718,34,Fecha inválida,Al-Ittihad FC,Damac,0,0,28,9,1,0,22,5,9,0,15,11,3,2.2,0.6,5,5,5,2,3,3,1.0,0.8,15,4,3,3,15,14,0,1,5,6,7,1.2,1.4,2,6,6,1,3,3,0.4,0.4,4,5,3,3,5,4,13,16,19,17,2,134,135,-1,1538,1556,-18,58000000,56000000,1,1,0,0
2024,1252721,34,Fecha inválida,Al-Fayha,Al Shabab,0,0,8,1,5,4,9,14,1,0,6,6,7,1.2,1.4,1,5,3,1,3,2,0.2,0.0,14,4,2,4,17,13,1,0,9,9,5,1.8,1.0,2,7,7,1,3,4,0.4,0.4,3,4,8,8,4,3,-6,-9,5,1,4,134,135,-1,1544,1540,4,54000000,50000000,1,0,0,0
2024,1252720,34,Fecha inválida,Al Orubah,Al Taawon,0,0,9,3,0,7,6,23,1,0,6,4,12,0.8,2.4,2,2,6,1,1,4,0.2,0.4,15,4,3,3,13,11,0,0,6,6,6,1.2,1.2,4,4,3,1,3,1,0.4,0.4,0,2,0,0,2,0,-6,-19,2,17,-15,134,134,0,1561,1536,25,51000000,56000000,0,2,1,0
2024,1252723,34,Fecha inválida,Al Riyadh,Al-Ahli Jeddah,0,0,15,4,3,3,10,10,0,1,7,5,6,1.0,1.2,3,4,4,1,2,2,0.2,0.6,19,6,1,3,16,9,0,2,4,5,5,1.0,1.0,4,4,4,1,2,2,0.6,0.6,2,2,3,3,2,2,-4,-7,12,10,2,136,135,1,1511,1529,-18,51000000,59000000,2,1,1,1
