temporada,id_partido,fecha,fecha_partido,nombre_equipo_local,nombre_equipo_visitante,goles_equipo_local,goles_equipo_visitante,puntos_acumulados_local,wins_last10_local,draws_last10_local,losses_last10_local,goles_favor_last10_local,goles_contra_last10_local,current_win_streak_local,current_loss_streak_local,puntos_ultimos5_local,goles_favor_ultimos5_local,goles_contra_ultimos5_local,prom_goles_favor_ultimos5_local,prom_goles_contra_ultimos5_local,clean_sheets_last10_local,btts_last10_local,over25_last10_local,clean_sheets_last5_local,btts_last5_local,over25_last5_local,home_win_rate_local,away_win_rate_local,puntos_acumulados_visitante,wins_last10_visitante,draws_last10_visitante,losses_last10_visitante,goles_favor_last10_visitante,goles_contra_last10_visitante,current_win_streak_visitante,current_loss_streak_visitante,puntos_ultimos5_visitante,goles_favor_ultimos5_visitante,goles_contra_ultimos5_visitante,prom_goles_favor_ultimos5_visitante,prom_goles_contra_ultimos5_visitante,clean_sheets_last10_visitante,btts_last10_visitante,over25_last10_visitante,clean_sheets_last5_visitante,btts_last5_visitante,over25_last5_visitante,home_win_rate_visitante,away_win_rate_visitante,head2head_local_wins,head2head_local_draws,head2head_local_losses,head2head_visitante_wins,head2head_visitante_draws,head2head_visitante_losses,puntos_balance,goles_balance,posicion_tabla_local,posicion_tabla_visitante,diff_posicion_tabla,dias_descanso_local,dias_descanso_visitante,diff_dias_descanso,elo_rating_local,elo_rating_visitante,diff_elo_rating,valor_mercado_local,valor_mercado_visitante,jugadores_lesionados_local,jugadores_lesionados_visitante,titulares_sancionados_local,titulares_sancionados_visitante
2024,1234631,1,Fecha inválida,Brescia,Palermo,1,0,0,0,0,0,0,0,0,0,0,0,0,0.0,0.0,0,0,0,0,0,0,0.0,0.0,0,0,0,0,0,0,0,0,0,0,0,0.0,0.0,0,0,0,0,0,0,0.0,0.0,4,5,3,3,5,4,0,0,19,3,16,0,0,0,1518,1522,-4,58000000,52000000,2,0,0,0
2024,1234630,1,Fecha inválida,Bari,Juve Stabia,1,3,0,0,0,0,0,0,0,0,0,0,0,0.0,0.0,0,0,0,0,0,0,0.0,0.0,0,0,0,0,0,0,0,0,0,0,0,0.0,0.0,0,0,0,0,0,0,0.0,0.0,3,2,2,2,2,3,0,0,9,4,5,0,0,0,1508,1563,-55,58000000,53000000,1,2,0,1
2024,1234638,1,Fecha inválida,Salernitana,Cittadella,2,1,0,0,0,0,0,0,0,0,0,0,0,0.0,0.0,0,0,0,0,0,0,0.0,0.0,0,0,0,0,0,0,0,0,0,0,0,0.0,0.0,0,0,0,0,0,0,0.0,0.0,4,3,5,5,3,4,0,0,15,11,4,0,0,0,1514,1510,4,54000000,50000000,1,0,0,0
2024,1234636,1,Fecha inválida,Pisa,Spezia,2,2,0,0,0,0,0,0,0,0,0,0,0,0.0,0.0,0,0,0,0,0,0,0.0,0.0,0,0,0,0,0,0,0,0,0,0,0,0.0,0.0,0,0,0,0,0,0,0.0,0.0,2,5,1,1,5,2,0,0,2,16,-14,0,0,0,1501,1515,-14,51000000,55000000,0,2,1,1
2024,1234639,1,Fecha inválida,Sudtirol,Modena,2,1,0,0,0,0,0,0,0,0,0,0,0,0.0,0.0,0,0,0,0,0,0,0.0,0.0,0,0,0,0,0,0,0,0,0,0,0,0.0,0.0,0,0,0,0,0,0,0.0,0.0,5,4,6,6,4,5,0,0,19,20,-1,0,0,0,1578,1599,-21,58000000,59000000,0,2,0,1
2024,1234633,1,Fecha inválida,Cesena,Carrarese,2,1,0,0,0,0,0,0,0,0,0,0,0,0.0,0.0,0,0,0,0,0,0,0.0,0.0,0,0,0,0,0,0,0,0,0,0,0,0.0,0.0,0,0,0,0,0,0,0.0,0.0,3,2,3,3,2,3,0,0,10,2,8,0,0,0,1509,1581,-72,59000000,51000000,2,0,1,1
2024,1234635,1,Fecha inválida,Frosinone,Sampdoria,2,2,0,0,0,0,0,0,0,0,0,0,0,0.0,0.0,0,0,0,0,0,0,0.0,0.0,0,0,0,0,0,0,0,0,0,0,0,0.0,0.0,0,0,0,0,0,0,0.0,0.0,2,2,2,2,2,2,0,0,13,19,-6,0,0,0,1512,1598,-86,52000000,58000000,2,0,0,0
2024,1234637,1,Fecha inválida,Reggiana,Mantova,2,2,0,0,0,0,0,0,0,0,0,0,0,0.0,0.0,0,0,0,0,0,0,0.0,0.0,0,0,0,0,0,0,0,0,0,0,0,0.0,0.0,0,0,0,0,0,0,0.0,0.0,2,2,0,0,2,2,0,0,1,14,-13,0,0,0,1580,1593,-13,50000000,53000000,1,1,0,1
2024,1234632,1,Fecha inválida,Catanzaro,Sassuolo,1,1,0,0,0,0,0,0,0,0,0,0,0,0.0,0.0,0,0,0,0,0,0,0.0,0.0,0,0,0,0,0,0,0,0,0,0,0,0.0,0.0,0,0,0,0,0,0,0.0,0.0,0,2,0,0,2,0,0,0,8,9,-1,0,0,0,1587,1588,-1,57000000,58000000,1,2,1,0
2024,1234634,1,Fecha inválida,Cosenza,Cremonese,1,0,0,0,0,0,0,0,0,0,0,0,0,0.0,0.0,0,0,0,0,0,0,0.0,0.0,0,0,0,0,0,0,0,0,0,0,0,0.0,0.0,0,0,0,0,0,0,0.0,0.0,3,1,6,6,1,3,0,0,18,1,17,0,0,0,1537,1520,17,57000000,50000000,0,1,1,0
2024,1234644,2,Fecha inválida,Modena,Bari,2,1,0,0,0,1,1,2,0,1,0,1,2,1.0,2.0,0,1,1,0,1,1,0.0,0.0,0,0,0,1,1,3,0,1,0,1,3,1.0,3.0,0,1,1,0,1,1,0.0,0.0,1,5,1,1,5,1,0,1,20,9,11,6,6,0,1599,1508,91,59000000,58000000,2,1,1,0
2024,1234649,2,Fecha inválida,Sudtirol,Salernitana,3,2,3,1,0,0,2,1,1,0,3,2,1,2.0,1.0,0,1,1,0,1,1,1.0,0.0,3,1,0,0,2,1,1,0,3,2,1,2.0,1.0,0,1,1,0,1,1,1.0,0.0,1,1,1,1,1,1,0,0,19,15,4,6,6,0,1578,1514,64,58000000,54000000,0,1,0,0
2024,1234647,2,Fecha inválida,Sassuolo,Cesena,2,1,1,0,1,0,1,1,0,0,1,1,1,1.0,1.0,0,1,0,0,1,0,0.0,0.0,3,1,0,0,2,1,1,0,3,2,1,2.0,1.0,0,1,1,0,1,1,1.0,0.0,2,2,1,1,2,2,-2,-1,9,10,-1,6,6,0,1588,1509,79,58000000,59000000,2,2,0,1
2024,1234646,2,Fecha inválida,Sampdoria,Reggiana,0,1,1,0,1,0,2,2,0,0,1,2,2,2.0,2.0,0,1,1,0,1,1,0.0,0.0,1,0,1,0,2,2,0,0,1,2,2,2.0,2.0,0,1,1,0,1,1,0.0,0.0,2,1,1,1,1,2,0,0,19,1,18,6,6,0,1598,1580,18,58000000,50000000,0,1,0,0
2024,1234648,2,Fecha inválida,Spezia,Frosinone,2,1,1,0,1,0,2,2,0,0,1,2,2,2.0,2.0,0,1,1,0,1,1,0.0,0.0,1,0,1,0,2,2,0,0,1,2,2,2.0,2.0,0,1,1,0,1,1,0.0,0.0,3,4,3,3,4,3,0,0,16,13,3,7,6,1,1515,1512,3,55000000,52000000,2,2,1,0
2024,1234640,2,Fecha inválida,Brescia,Cittadella,0,1,3,1,0,0,1,0,1,0,3,1,0,1.0,0.0,1,0,0,1,0,0,1.0,0.0,0,0,0,1,1,2,0,1,0,1,2,1.0,2.0,0,1,1,0,1,1,0.0,0.0,3,8,6,6,8,3,3,2,19,11,8,8,7,1,1518,1510,8,58000000,50000000,2,0,0,0
2024,1234642,2,Fecha inválida,Cremonese,Carrarese,1,0,0,0,0,1,0,1,0,1,0,0,1,0.0,1.0,0,0,0,0,0,0,0.0,0.0,0,0,0,1,1,2,0,1,0,1,2,1.0,2.0,0,1,1,0,1,1,0.0,0.0,2,2,0,0,2,2,0,0,1,2,-1,6,6,0,1520,1581,-61,50000000,51000000,1,0,0,1
2024,1234645,2,Fecha inválida,Pisa,Palermo,2,0,1,0,1,0,2,2,0,0,1,2,2,2.0,2.0,0,1,1,0,1,1,0.0,0.0,0,0,0,1,0,1,0,1,0,0,1,0.0,1.0,0,0,0,0,0,0,0.0,0.0,3,3,1,1,3,3,1,1,2,3,-1,7,8,-1,1501,1522,-21,51000000,52000000,0,0,1,0
2024,1234641,2,Fecha inválida,Catanzaro,Juve Stabia,0,0,1,0,1,0,1,1,0,0,1,1,1,1.0,1.0,0,1,0,0,1,0,0.0,0.0,3,1,0,0,3,1,1,0,3,3,1,3.0,1.0,0,1,1,0,1,1,0.0,1.0,3,9,2,2,9,3,-2,-2,8,4,4,7,8,-1,1587,1563,24,57000000,53000000,1,2,1,1
2024,1234643,2,Fecha inválida,Mantova,Cosenza,3,2,1,0,1,0,2,2,0,0,1,2,2,2.0,2.0,0,1,1,0,1,1,0.0,0.0,3,1,0,0,1,0,1,0,3,1,0,1.0,0.0,1,0,0,1,0,0,1.0,0.0,1,1,0,0,1,1,-2,-1,14,18,-4,7,7,0,1593,1537,56,53000000,57000000,1,0,1,1
2024,1234650,3,Fecha inválida,Bari,Sassuolo,1,1,0,0,0,2,2,5,0,2,0,2,5,1.0,2.5,0,2,2,0,2,2,0.0,0.0,4,1,1,0,3,2,0,0,4,3,2,1.5,1.0,0,2,1,0,2,1,1.0,0.0,0,2,1,1,2,0,-4,-4,9,9,0,4,3,1,1508,1588,-80,58000000,58000000,1,2,0,0
2024,1234653,3,Fecha inválida,Cittadella,Pisa,0,3,3,1,0,1,2,2,0,1,3,2,2,1.0,1.0,1,1,1,1,1,1,0.0,0.5,4,1,1,0,4,2,0,0,4,4,2,2.0,1.0,1,1,1,1,1,1,0.5,0.0,7,2,5,5,2,7,-1,-2,11,2,9,3,3,0,1510,1501,9,50000000,51000000,0,0,0,1
2024,1234656,3,Fecha inválida,Frosinone,Modena,1,1,1,0,1,1,3,4,0,0,1,3,4,1.5,2.0,0,2,2,0,2,2,0.0,0.0,3,1,0,1,3,3,0,1,3,3,3,1.5,1.5,0,2,2,0,2,2,1.0,0.0,2,2,0,0,2,2,-2,-1,13,20,-7,3,4,-1,1512,1599,-87,52000000,59000000,2,2,0,1
2024,1234659,3,Fecha inválida,Salernitana,Sampdoria,3,2,3,1,0,1,4,4,1,0,3,4,4,2.0,2.0,0,2,2,0,2,2,1.0,0.0,1,0,1,1,2,3,0,0,1,2,3,1.0,1.5,0,1,1,0,1,1,0.0,0.0,4,2,2,2,2,4,2,1,15,19,-4,3,3,0,1514,1598,-84,54000000,58000000,1,0,0,0
2024,1234655,3,Fecha inválida,Cremonese,Palermo,0,1,3,1,0,1,1,1,0,1,3,1,1,0.5,0.5,1,0,0,1,0,0,1.0,0.0,0,0,0,2,0,3,0,2,0,0,3,0.0,1.5,0,0,0,0,0,0,0.0,0.0,1,4,3,3,4,1,3,3,1,3,-2,3,3,0,1520,1522,-2,50000000,52000000,1,0,0,0
2024,1234658,3,Fecha inválida,Reggiana,Brescia,2,0,4,1,1,0,3,2,0,0,4,3,2,1.5,1.0,1,1,1,1,1,1,0.0,1.0,3,1,0,1,1,1,1,0,3,1,1,0.5,0.5,1,0,0,1,0,0,0.5,0.0,1,5,1,1,5,1,1,1,1,19,-18,3,3,0,1580,1518,62,50000000,58000000,1,2,0,0
2024,1234651,3,Fecha inválida,Carrarese,Sudtirol,2,0,0,0,0,2,1,3,0,2,0,1,3,0.5,1.5,0,1,1,0,1,1,0.0,0.0,6,2,0,0,5,3,2,0,6,5,3,2.5,1.5,0,2,2,0,2,2,1.0,0.0,1,1,0,0,1,1,-6,-4,2,19,-17,3,3,0,1581,1578,3,51000000,58000000,0,0,1,0
2024,1234652,3,Fecha inválida,Cesena,Catanzaro,2,0,3,1,0,1,3,3,1,0,3,3,3,1.5,1.5,0,2,2,0,2,2,1.0,0.0,2,0,2,0,1,1,0,0,2,1,1,0.5,0.5,1,1,0,1,1,0,0.0,0.0,1,1,0,0,1,1,1,0,10,8,2,4,3,1,1509,1587,-78,59000000,57000000,2,1,1,1
2024,1234657,3,Fecha inválida,Juve Stabia,Mantova,1,0,4,1,1,0,3,1,1,0,4,3,1,1.5,0.5,1,1,1,1,1,1,0.0,0.5,4,1,1,0,5,4,0,0,4,5,4,2.5,2.0,0,2,2,0,2,2,1.0,0.0,1,1,1,1,1,1,0,1,4,14,-10,3,3,0,1563,1593,-30,53000000,53000000,2,1,1,1
2024,1234654,3,Fecha inválida,Cosenza,Spezia,0,0,3,1,0,1,3,3,1,0,3,3,3,1.5,1.5,1,1,1,1,1,1,1.0,0.0,4,1,1,0,4,3,0,0,4,4,3,2.0,1.5,0,2,2,0,2,2,1.0,0.0,0,5,1,1,5,0,-1,-1,18,16,2,3,4,-1,1537,1515,22,57000000,55000000,0,2,1,1
2024,1234666,4,Fecha inválida,Sampdoria,Bari,0,0,1,0,1,2,4,6,0,0,1,4,6,1.33,2.0,0,2,2,0,2,2,0.0,0.0,1,0,1,2,3,6,0,2,1,3,6,1.0,2.0,0,3,2,0,3,2,0.0,0.0,3,3,0,0,3,3,0,1,19,9,10,3,3,0,1598,1508,90,58000000,58000000,0,1,0,0
2024,1234667,4,Fecha inválida,Sassuolo,Cremonese,1,4,5,1,2,0,4,3,0,0,5,4,3,1.33,1.0,0,3,1,0,3,1,1.0,0.0,3,1,0,2,1,2,0,1,3,1,2,0.33,0.67,1,0,0,1,0,0,0.5,0.0,1,2,2,2,2,1,2,2,9,1,8,4,4,0,1588,1520,68,58000000,50000000,2,1,0,0
2024,1234665,4,Fecha inválida,Pisa,Reggiana,2,1,7,2,1,0,7,2,0,0,7,7,2,2.33,0.67,2,1,2,2,1,2,0.5,1.0,7,2,1,0,5,2,0,0,7,5,2,1.67,0.67,2,1,1,2,1,1,0.5,1.0,2,4,0,0,4,2,0,2,2,1,1,4,4,0,1501,1580,-79,51000000,50000000,0,1,1,0
2024,1234663,4,Fecha inválida,Modena,Cittadella,0,1,4,1,1,1,4,4,0,1,4,4,4,1.33,1.33,0,3,2,0,3,2,1.0,0.0,3,1,0,2,2,5,0,1,3,2,5,0.67,1.67,1,1,2,1,1,2,0.0,0.5,0,5,1,1,5,0,1,3,20,11,9,4,4,0,1599,1510,89,59000000,50000000,2,0,1,0
2024,1234669,4,Fecha inválida,Sudtirol,Brescia,1,2,6,2,0,1,5,5,2,0,6,5,5,1.67,1.67,0,2,2,0,2,2,1.0,0.0,3,1,0,2,1,3,1,0,3,1,3,0.33,1.0,1,0,0,1,0,0,0.5,0.0,1,3,2,2,3,1,3,2,19,19,0,4,4,0,1578,1518,60,58000000,58000000,0,2,0,0
2024,1234661,4,Fecha inválida,Frosinone,Juve Stabia,0,0,2,0,2,1,4,5,0,0,2,4,5,1.33,1.67,0,3,2,0,3,2,0.0,0.0,7,2,1,0,4,1,1,0,7,4,1,1.33,0.33,2,1,1,2,1,1,1.0,0.5,1,3,0,0,3,1,-5,-4,13,4,9,5,4,1,1512,1563,-51,52000000,53000000,2,2,0,1
2024,1234668,4,Fecha inválida,Spezia,Cesena,2,1,5,1,2,0,4,3,0,0,5,4,3,1.33,1.0,1,2,2,1,2,2,1.0,0.0,6,2,0,1,5,3,1,0,6,5,3,1.67,1.0,1,2,2,1,2,2,1.0,0.0,2,1,3,3,1,2,-1,-1,16,10,6,4,4,0,1515,1509,6,55000000,59000000,2,2,1,1
2024,1234664,4,Fecha inválida,Palermo,Cosenza,1,1,3,1,0,2,1,3,0,2,3,1,3,0.33,1.0,1,0,0,1,0,0,0.0,0.33,4,1,1,1,3,3,1,0,4,3,3,1.0,1.0,2,1,1,2,1,1,0.5,0.0,0,4,2,2,4,0,-1,-2,3,18,-15,5,4,1,1522,1537,-15,52000000,57000000,0,0,0,1
2024,1234660,4,Fecha inválida,Catanzaro,Carrarese,3,1,2,0,2,1,1,3,0,0,2,1,3,0.33,1.0,1,1,0,1,1,0,0.0,0.0,3,1,0,2,3,3,0,2,3,3,3,1.0,1.0,1,1,1,1,1,1,1.0,0.0,1,1,0,0,1,1,-1,-2,8,2,6,4,5,-1,1587,1581,6,57000000,51000000,1,0,1,1
2024,1234662,4,Fecha inválida,Mantova,Salernitana,1,0,4,1,1,1,5,5,0,0,4,5,5,1.67,1.67,0,2,2,0,2,2,1.0,0.0,6,2,0,1,7,6,1,0,6,7,6,2.33,2.0,0,3,3,0,3,3,1.0,0.0,1,1,0,0,1,1,-2,-1,14,15,-1,4,5,-1,1593,1514,79,53000000,54000000,1,1,1,0
2024,1234673,5,Fecha inválida,Cesena,Modena,2,2,6,2,0,2,6,5,1,0,6,6,5,1.5,1.25,1,3,3,1,3,3,1.0,0.0,4,1,1,2,4,5,0,1,4,4,5,1.0,1.25,0,3,2,0,3,2,0.5,0.0,1,4,3,3,4,1,2,2,10,20,-10,12,13,-1,1509,1599,-90,59000000,59000000,2,2,1,1
2024,1234670,5,Fecha inválida,Bari,Mantova,2,0,2,0,2,2,3,6,0,2,2,3,6,0.75,1.5,1,3,2,1,3,2,0.0,0.0,7,2,1,1,6,5,0,0,7,6,5,1.5,1.25,1,2,2,1,2,2,1.0,0.0,1,1,0,0,1,1,-5,-4,9,14,-5,13,12,1,1508,1593,-85,58000000,53000000,1,1,0,1
2024,1234674,5,Fecha inválida,Cittadella,Catanzaro,0,0,6,2,0,2,3,5,0,1,6,3,5,0.75,1.25,2,1,2,2,1,2,0.0,0.67,5,1,2,1,4,4,0,0,5,4,4,1.0,1.0,1,2,1,1,2,1,0.33,0.0,0,3,1,1,3,0,1,-2,11,8,3,13,12,1,1510,1587,-77,50000000,57000000,0,1,0,1
2024,1234671,5,Fecha inválida,Brescia,Frosinone,4,0,6,2,0,2,3,4,1,0,6,3,4,0.75,1.0,1,1,1,1,1,1,0.5,0.5,3,0,3,1,4,5,0,0,3,4,5,1.0,1.25,1,3,2,1,3,2,0.0,0.0,3,3,6,6,3,3,3,0,19,13,6,13,12,1,1518,1512,6,58000000,52000000,2,2,0,0
2024,1234676,5,Fecha inválida,Cremonese,Spezia,1,1,6,2,0,2,5,3,0,1,6,5,3,1.25,0.75,1,1,1,1,1,1,0.5,0.5,8,2,2,0,6,4,0,0,8,6,4,1.5,1.0,1,3,3,1,3,3,1.0,0.0,5,5,3,3,5,5,-2,0,1,16,-15,13,12,1,1520,1515,5,50000000,55000000,1,2,0,1
2024,1234677,5,Fecha inválida,Juve Stabia,Palermo,1,3,8,2,2,0,4,1,1,0,8,4,1,1.0,0.25,3,1,1,3,1,1,1.0,0.33,4,1,1,2,2,4,0,2,4,2,4,0.5,1.0,1,1,0,1,1,0,0.0,0.33,1,2,4,4,2,1,4,5,4,3,1,12,12,0,1563,1522,41,53000000,52000000,2,0,1,0
2024,1234679,5,Fecha inválida,Salernitana,Pisa,2,3,6,2,0,2,7,7,1,0,6,7,7,1.75,1.75,0,3,3,0,3,3,1.0,0.0,10,3,1,0,9,3,0,0,10,9,3,2.25,0.75,2,2,3,2,2,3,0.67,1.0,2,4,3,3,4,2,-4,-6,15,2,13,13,14,-1,1514,1501,13,54000000,51000000,1,0,0,1
2024,1234678,5,Fecha inválida,Reggiana,Sudtirol,1,3,7,2,1,1,6,4,0,0,7,6,4,1.5,1.0,2,2,2,2,2,2,0.5,0.5,6,2,0,2,6,7,2,0,6,6,7,1.5,1.75,0,3,3,0,3,3,0.67,0.0,5,4,1,1,4,5,1,3,1,19,-18,14,14,0,1580,1578,2,50000000,58000000,1,0,0,0
2024,1234672,5,Fecha inválida,Carrarese,Sassuolo,0,2,3,1,0,3,4,6,0,2,3,4,6,1.0,1.5,1,2,2,1,2,2,1.0,0.0,5,1,2,1,5,7,0,0,5,5,7,1.25,1.75,0,4,2,0,4,2,0.5,0.0,0,1,1,1,1,0,-2,0,2,9,-7,13,14,-1,1581,1588,-7,51000000,58000000,0,2,1,0
2024,1234675,5,Fecha inválida,Cosenza,Sampdoria,2,1,5,1,2,1,4,4,1,0,5,4,4,1.0,1.0,2,2,1,2,2,1,0.5,0.0,2,0,2,2,4,6,0,0,2,4,6,1.0,1.5,1,2,2,1,2,2,0.0,0.0,1,1,2,2,1,1,3,2,18,19,-1,13,14,-1,1537,1598,-61,57000000,58000000,0,0,1,0
2024,1234680,6,Fecha inválida,Catanzaro,Cremonese,1,2,6,1,3,1,4,4,0,0,6,4,4,0.8,0.8,2,2,1,2,2,1,0.33,0.0,7,2,1,2,6,4,0,1,7,6,4,1.2,0.8,1,2,1,1,2,1,0.33,0.5,0,4,2,2,4,0,-1,-2,8,1,7,6,6,0,1587,1520,67,57000000,50000000,1,1,1,0
2024,1234688,6,Fecha inválida,Sampdoria,Sudtirol,1,0,2,0,2,3,5,8,0,0,2,5,8,1.0,1.6,1,3,3,1,3,3,0.0,0.0,9,3,0,2,9,8,2,0,9,9,8,1.8,1.6,0,4,4,0,4,4,0.67,0.5,2,1,2,2,1,2,-7,-4,19,19,0,6,6,0,1598,1578,20,58000000,58000000,0,0,0,0
2024,1234685,6,Fecha inválida,Palermo,Cesena,0,0,7,2,1,2,5,5,0,2,7,5,5,1.0,1.0,1,2,1,1,2,1,0.0,0.5,7,2,1,2,8,7,1,0,7,8,7,1.6,1.4,1,4,4,1,4,4,0.67,0.0,2,7,1,1,7,2,0,-1,3,10,-7,7,7,0,1522,1509,13,52000000,59000000,0,2,0,1
2024,1234686,6,Fecha inválida,Pisa,Brescia,2,1,13,4,1,0,12,5,0,0,13,12,5,2.4,1.0,2,3,4,2,3,4,0.67,1.0,9,3,0,2,7,4,1,0,9,7,4,1.4,0.8,2,1,2,2,1,2,0.67,0.5,6,5,3,3,5,6,4,4,2,19,-17,6,7,-1,1501,1518,-17,51000000,58000000,0,2,1,0
2024,1234687,6,Fecha inválida,Reggiana,Salernitana,0,0,7,2,1,2,7,7,0,0,7,7,7,1.4,1.4,2,3,3,2,3,3,0.33,0.5,6,2,0,3,9,10,1,0,6,9,10,1.8,2.0,0,4,4,0,4,4,0.67,0.0,0,3,1,1,3,0,1,1,1,15,-14,6,6,0,1580,1514,66,50000000,54000000,1,1,0,0
2024,1234681,6,Fecha inválida,Cosenza,Sassuolo,0,1,8,2,2,1,6,5,1,0,8,6,5,1.2,1.0,2,3,2,2,3,2,0.67,0.0,8,2,2,1,7,7,0,0,8,7,7,1.4,1.4,1,4,2,1,4,2,0.5,0.33,0,0,3,3,0,0,0,1,18,9,9,6,6,0,1537,1588,-51,57000000,58000000,0,2,1,0
2024,1234684,6,Fecha inválida,Modena,Juve Stabia,3,0,5,1,2,2,6,7,0,1,5,6,7,1.2,1.4,0,4,3,0,4,3,0.5,0.0,8,2,2,1,5,4,1,0,8,5,4,1.0,0.8,3,2,2,3,2,2,0.5,0.33,1,1,0,0,1,1,-3,-2,20,4,16,7,7,0,1599,1563,36,59000000,53000000,2,2,1,1
2024,1234682,6,Fecha inválida,Frosinone,Bari,0,3,3,0,3,2,4,9,0,0,3,4,9,0.8,1.8,1,3,3,1,3,3,0.0,0.0,5,1,2,2,5,6,0,2,5,5,6,1.0,1.2,2,3,2,2,3,2,0.33,0.0,4,2,4,4,2,4,-2,-4,13,9,4,8,8,0,1512,1508,4,52000000,58000000,2,1,0,0
2024,1234689,6,Fecha inválida,Spezia,Carrarese,4,2,9,2,3,0,7,5,0,0,9,7,5,1.4,1.0,1,4,3,1,4,3,1.0,0.0,3,1,0,4,4,8,0,2,3,4,8,0.8,1.6,1,2,2,1,2,2,0.5,0.0,1,1,0,0,1,1,6,6,16,2,14,8,7,1,1515,1581,-66,55000000,51000000,2,0,1,1
2024,1234683,6,Fecha inválida,Mantova,Cittadella,1,0,7,2,1,2,6,7,0,0,7,6,7,1.2,1.4,1,2,2,1,2,2,1.0,0.0,7,2,1,2,3,5,0,1,7,3,5,0.6,1.0,3,1,2,3,1,2,0.0,0.67,1,1,0,0,1,1,0,1,14,11,3,8,8,0,1593,1510,83,53000000,50000000,1,0,1,0
2024,1234694,7,Fecha inválida,Cittadella,Frosinone,1,2,7,2,1,3,3,6,0,1,7,3,5,0.6,1.0,3,1,2,3,1,2,0.0,0.5,3,0,3,3,4,12,0,0,3,4,9,0.8,1.8,1,3,4,1,3,3,0.0,0.0,5,6,6,6,6,5,4,5,11,13,-2,5,5,0,1510,1512,-2,50000000,52000000,0,2,0,0
2024,1234698,7,Fecha inválida,Sassuolo,Spezia,0,0,11,3,2,1,8,7,0,0,8,7,7,1.4,1.4,2,4,2,1,4,2,0.5,0.5,12,3,3,0,11,7,0,0,9,7,5,1.4,1.0,1,5,4,1,4,3,1.0,0.0,6,4,2,2,4,6,-1,-3,9,16,-7,7,6,1,1588,1515,73,58000000,55000000,2,2,0,1
2024,1234690,7,Fecha inválida,Bari,Cosenza,1,1,8,2,2,2,8,6,0,2,5,5,6,1.0,1.2,3,3,3,2,3,2,0.33,0.33,8,2,2,2,6,6,1,0,8,6,5,1.2,1.0,2,3,2,2,3,2,0.5,0.0,2,3,1,1,3,2,0,2,9,18,-9,6,7,-1,1508,1537,-29,58000000,57000000,1,0,0,1
2024,1234692,7,Fecha inválida,Carrarese,Reggiana,0,0,3,1,0,5,6,12,0,2,3,4,8,0.8,1.6,1,3,3,1,2,2,0.5,0.0,8,2,2,2,7,7,0,0,7,7,7,1.4,1.4,3,3,3,2,3,3,0.25,0.5,0,5,1,1,5,0,-5,-6,2,1,1,6,7,-1,1581,1580,1,51000000,50000000,0,1,1,0
2024,1234693,7,Fecha inválida,Cesena,Mantova,4,2,8,2,2,2,8,7,1,0,7,8,7,1.6,1.4,2,4,4,1,4,4,0.67,0.0,10,3,1,2,7,7,0,0,7,6,7,1.2,1.4,2,2,2,1,2,2,1.0,0.0,4,2,1,1,2,4,-2,1,10,14,-4,8,7,1,1509,1593,-84,59000000,53000000,2,1,1,1
2024,1234697,7,Fecha inválida,Salernitana,Catanzaro,0,0,7,2,1,3,9,10,1,0,6,9,10,1.8,2.0,1,4,4,0,4,4,0.67,0.0,6,1,3,2,5,6,0,0,6,4,4,0.8,0.8,2,3,2,2,2,1,0.25,0.0,1,1,1,1,1,1,1,0,15,8,7,8,8,0,1514,1587,-73,54000000,57000000,1,1,0,1
2024,1234695,7,Fecha inválida,Juve Stabia,Pisa,2,0,8,2,2,2,5,7,1,0,8,5,4,1.0,0.8,3,2,3,3,2,2,0.5,0.25,16,5,1,0,14,6,0,0,13,12,5,2.4,1.0,2,4,5,2,3,4,0.75,1.0,1,2,2,2,2,1,-8,-10,4,2,2,7,8,-1,1563,1501,62,53000000,51000000,2,0,1,1
2024,1234696,7,Fecha inválida,Modena,Sampdoria,1,3,8,2,2,2,9,7,0,1,5,6,7,1.2,1.4,1,4,4,0,4,3,0.67,0.0,5,1,2,3,6,8,0,0,2,5,8,1.0,1.6,2,3,3,1,3,3,0.33,0.0,0,2,2,2,2,0,3,4,20,19,1,7,8,-1,1599,1598,1,59000000,58000000,2,0,1,0
2024,1234699,7,Fecha inválida,Sudtirol,Palermo,1,3,9,3,0,3,9,9,2,0,9,9,8,1.8,1.6,0,4,4,0,4,4,0.67,0.33,8,2,2,2,5,5,0,2,7,5,5,1.0,1.0,2,2,1,1,2,1,0.0,0.5,1,2,3,3,2,1,1,0,19,3,16,9,9,0,1578,1522,56,58000000,52000000,0,0,0,0
2024,1234691,7,Fecha inválida,Brescia,Cremonese,3,2,9,3,0,3,8,6,1,0,9,7,4,1.4,0.8,2,2,3,2,1,2,0.67,0.33,10,3,1,2,8,5,0,1,7,6,4,1.2,0.8,1,3,2,1,2,1,0.33,0.67,3,4,5,5,4,3,-1,-1,19,1,18,9,10,-1,1518,1520,-2,58000000,50000000,2,1,0,0
2024,1234707,8,Fecha inválida,Sampdoria,Juve Stabia,1,2,8,2,2,3,9,9,0,0,2,5,8,1.0,1.6,2,4,4,1,3,3,0.33,0.25,11,3,2,2,7,7,1,0,8,5,4,1.0,0.8,4,2,3,3,2,2,0.67,0.25,0,1,1,1,1,0,-3,0,19,4,15,5,5,0,1598,1563,35,58000000,53000000,0,2,0,1
2024,1234708,8,Fecha inválida,Sassuolo,Cittadella,6,1,12,3,3,1,8,7,0,0,8,7,7,1.4,1.4,3,4,2,1,4,2,0.33,0.5,7,2,1,4,4,8,0,1,7,3,5,0.6,1.0,3,2,3,3,1,2,0.0,0.5,2,1,0,0,1,2,5,5,9,11,-2,7,7,0,1588,1510,78,58000000,50000000,2,0,0,0
2024,1234703,8,Fecha inválida,Frosinone,Carrarese,0,1,6,1,3,3,6,13,0,0,3,4,9,0.8,1.8,1,4,5,1,3,3,0.0,0.33,4,1,1,5,6,12,0,2,3,4,8,0.8,1.6,2,3,3,1,2,2,0.33,0.0,1,1,1,1,1,1,2,-1,13,2,11,7,7,0,1512,1581,-69,52000000,51000000,2,0,0,1
2024,1234709,8,Fecha inválida,Spezia,Reggiana,1,0,13,3,4,0,11,7,0,0,9,7,5,1.4,1.0,2,5,4,1,4,3,1.0,0.0,9,2,3,2,7,7,0,0,7,7,7,1.4,1.4,4,3,3,2,3,3,0.25,0.33,2,2,1,1,2,2,4,4,16,1,15,7,7,0,1515,1580,-65,55000000,50000000,2,1,1,0
2024,1234706,8,Fecha inválida,Pisa,Cesena,3,1,16,5,1,1,14,8,0,0,13,12,5,2.4,1.0,2,4,5,2,3,4,0.75,0.67,11,3,2,2,12,9,1,0,7,8,7,1.6,1.4,2,5,5,1,4,4,0.75,0.0,1,1,3,3,1,1,5,3,2,10,-8,6,6,0,1501,1509,-8,51000000,59000000,0,2,1,1
2024,1234702,8,Fecha inválida,Cremonese,Bari,1,1,10,3,1,3,10,8,0,1,7,6,4,1.2,0.8,1,4,3,1,2,1,0.33,0.5,9,2,3,2,9,7,0,2,5,5,6,1.0,1.2,3,4,3,2,3,2,0.25,0.33,2,2,4,4,2,2,1,0,1,9,-8,5,8,-3,1520,1508,12,50000000,58000000,1,1,0,0
2024,1234705,8,Fecha inválida,Palermo,Salernitana,0,1,11,3,2,2,8,6,0,2,7,5,5,1.0,1.0,2,3,2,1,2,1,0.0,0.6,8,2,2,3,9,10,1,0,6,9,10,1.8,2.0,2,4,4,0,4,4,0.5,0.0,2,2,4,4,2,2,3,3,3,15,-12,5,7,-2,1522,1514,8,52000000,54000000,0,1,0,0
2024,1234700,8,Fecha inválida,Catanzaro,Modena,2,2,7,1,4,2,5,6,0,0,6,4,4,0.8,0.8,3,3,2,2,2,1,0.25,0.0,8,2,2,3,10,10,0,1,5,6,7,1.2,1.4,1,5,5,0,4,3,0.5,0.0,1,2,2,2,2,1,-1,-1,8,20,-12,7,7,0,1587,1599,-12,57000000,59000000,1,2,1,1
2024,1234704,8,Fecha inválida,Mantova,Brescia,1,1,10,3,1,3,9,11,0,0,7,6,7,1.2,1.4,2,3,3,1,2,2,1.0,0.0,12,4,0,3,11,8,1,0,9,7,4,1.4,0.8,2,3,4,2,1,2,0.75,0.33,1,2,2,2,2,1,-2,-5,14,19,-5,7,5,2,1593,1518,75,53000000,58000000,1,2,1,0
2024,1234701,8,Fecha inválida,Cosenza,Sudtirol,0,2,9,2,3,2,7,7,1,0,8,6,5,1.2,1.0,2,4,2,2,3,2,0.5,0.0,9,3,0,4,10,12,2,0,9,9,8,1.8,1.6,0,5,5,0,4,4,0.5,0.33,1,4,1,1,4,1,0,2,18,19,-1,8,5,3,1537,1578,-41,57000000,58000000,0,0,1,0
2024,1234710,9,Fecha inválida,Bari,Catanzaro,1,1,10,2,4,2,10,8,0,2,5,5,6,1.0,1.2,3,5,3,2,3,2,0.25,0.25,8,1,5,2,7,8,0,0,6,4,4,0.8,0.8,3,4,3,2,2,1,0.2,0.0,4,4,2,2,4,4,2,3,9,8,1,12,12,0,1508,1587,-79,58000000,57000000,1,1,0,1
2024,1234714,9,Fecha inválida,Cittadella,Cosenza,0,0,7,2,1,5,5,14,0,1,7,3,5,0.6,1.0,3,3,4,3,1,2,0.0,0.4,9,2,3,3,7,9,1,0,8,6,5,1.2,1.0,2,4,2,2,3,2,0.4,0.0,2,8,2,2,8,2,-2,-7,11,18,-7,14,13,1,1510,1537,-27,50000000,57000000,0,0,0,1
2024,1234718,9,Fecha inválida,Salernitana,Spezia,0,2,11,3,2,3,10,10,1,0,6,9,10,1.8,2.0,3,4,4,0,4,4,0.5,0.25,16,4,4,0,12,7,0,0,9,7,5,1.4,1.0,3,5,4,1,4,3,1.0,0.0,5,4,6,6,4,5,-5,-5,15,16,-1,13,14,-1,1514,1515,-1,54000000,55000000,1,2,0,1
2024,1234716,9,Fecha inválida,Modena,Palermo,2,2,9,2,3,3,12,12,0,1,5,6,7,1.2,1.4,1,6,6,0,4,3,0.5,0.0,11,3,2,3,8,7,0,2,7,5,5,1.0,1.0,2,3,2,1,2,1,0.0,0.6,0,2,4,4,2,0,-2,-1,20,3,17,13,13,0,1599,1522,77,59000000,52000000,2,0,1,0
2024,1234719,9,Fecha inválida,Sudtirol,Pisa,1,2,12,4,0,4,12,12,2,0,9,9,8,1.8,1.6,1,5,5,0,4,4,0.5,0.5,19,6,1,1,17,9,0,0,13,12,5,2.4,1.0,2,5,6,2,3,4,0.8,0.67,2,2,2,2,2,2,-7,-8,19,2,17,13,14,-1,1578,1501,77,58000000,51000000,0,0,0,1
2024,1234711,9,Fecha inválida,Brescia,Sassuolo,2,5,13,4,1,3,12,9,1,0,9,7,4,1.4,0.8,2,4,4,2,1,2,0.75,0.25,15,4,3,1,14,8,0,0,8,7,7,1.4,1.4,3,5,3,1,4,2,0.5,0.5,0,1,3,3,1,0,-2,-3,19,9,10,13,14,-1,1518,1588,-70,58000000,58000000,2,2,0,0
2024,1234715,9,Fecha inválida,Juve Stabia,Cremonese,1,2,14,4,2,2,9,8,1,0,8,5,4,1.0,0.8,4,3,4,3,2,2,0.67,0.4,11,3,2,3,11,9,0,1,7,6,4,1.2,0.8,1,5,3,1,2,1,0.25,0.5,0,2,2,2,2,0,3,-1,4,1,3,15,14,1,1563,1520,43,53000000,50000000,2,1,1,0
2024,1234717,9,Fecha inválida,Reggiana,Frosinone,2,0,9,2,3,3,7,8,0,0,7,7,7,1.4,1.4,4,3,3,2,3,3,0.25,0.25,6,1,3,4,6,14,0,0,3,4,9,0.8,1.8,1,4,5,1,3,3,0.0,0.33,1,2,1,1,2,1,3,7,1,13,-12,15,15,0,1580,1512,68,50000000,52000000,1,2,0,0
2024,1234712,9,Fecha inválida,Carrarese,Mantova,1,1,7,2,1,5,7,12,0,2,3,4,8,0.8,1.6,3,3,3,1,2,2,0.33,0.2,11,3,2,3,10,12,0,0,7,6,7,1.2,1.4,2,4,3,1,2,2,0.75,0.0,0,2,0,0,2,0,-4,-3,2,14,-12,15,14,1,1581,1593,-12,51000000,53000000,0,1,1,1
2024,1234713,9,Fecha inválida,Cesena,Sampdoria,3,5,11,3,2,3,13,12,1,0,7,8,7,1.6,1.4,2,6,6,1,4,4,0.75,0.0,8,2,2,4,10,11,0,0,2,5,8,1.0,1.6,2,5,5,1,3,3,0.25,0.25,1,3,2,2,3,1,3,2,10,19,-9,15,15,0,1509,1598,-89,59000000,58000000,2,0,1,0
2024,1234729,10,Fecha inválida,Spezia,Bari,0,0,19,5,4,0,14,7,0,0,9,7,5,1.4,1.0,4,5,4,1,4,3,1.0,0.2,11,2,5,2,11,9,0,2,5,5,6,1.0,1.2,3,6,3,2,3,2,0.2,0.25,3,4,1,1,4,3,8,5,16,9,7,6,7,-1,1515,1508,7,55000000,58000000,2,1,1,0
2024,1234722,10,Fecha inválida,Cesena,Brescia,2,0,11,3,2,4,16,17,1,0,7,8,7,1.6,1.4,2,7,7,1,4,4,0.6,0.0,13,4,1,4,14,14,1,0,9,7,4,1.4,0.8,2,5,5,2,1,2,0.6,0.25,4,3,1,1,3,4,-2,-1,10,19,-9,5,6,-1,1509,1518,-9,59000000,58000000,2,2,1,0
2024,1234724,10,Fecha inválida,Cremonese,Salernitana,2,1,14,4,2,3,13,10,0,1,7,6,4,1.2,0.8,1,6,4,1,2,1,0.25,0.6,11,3,2,4,10,12,1,0,6,9,10,1.8,2.0,3,4,4,0,4,4,0.4,0.25,3,6,3,3,6,3,3,5,1,15,-14,6,7,-1,1520,1514,6,50000000,54000000,1,1,0,0
2024,1234726,10,Fecha inválida,Palermo,Reggiana,2,0,12,3,3,3,10,9,0,2,7,5,5,1.0,1.0,2,4,3,1,2,1,0.0,0.5,12,3,3,3,9,8,0,0,7,7,7,1.4,1.4,5,3,3,2,3,3,0.4,0.25,3,1,1,1,1,3,0,0,3,1,2,7,6,1,1522,1580,-58,52000000,50000000,0,1,0,0
2024,1234723,10,Fecha inválida,Cosenza,Juve Stabia,1,1,10,2,4,3,7,9,1,0,8,6,5,1.2,1.0,3,4,2,2,3,2,0.4,0.0,14,4,2,3,10,10,1,0,8,5,4,1.0,0.8,4,4,5,3,2,2,0.5,0.4,1,2,1,1,2,1,-4,-2,18,4,14,7,6,1,1537,1563,-26,57000000,53000000,0,2,1,1
2024,1234728,10,Fecha inválida,Sassuolo,Modena,2,0,18,5,3,1,19,10,0,0,8,7,7,1.4,1.4,3,6,4,1,4,2,0.5,0.6,10,2,4,3,14,14,0,1,5,6,7,1.2,1.4,1,7,7,0,4,3,0.4,0.0,1,1,1,1,1,1,8,9,9,20,-11,7,7,0,1588,1599,-11,58000000,59000000,2,2,0,1
2024,1234720,10,Fecha inválida,Carrarese,Cittadella,3,0,8,2,2,5,8,13,0,2,3,4,8,0.8,1.6,3,4,3,1,2,2,0.25,0.2,8,2,2,5,5,14,0,1,7,3,5,0.6,1.0,4,3,4,3,1,2,0.0,0.4,1,1,0,0,1,1,0,4,2,11,-9,6,7,-1,1581,1510,71,51000000,50000000,0,0,1,0
2024,1234727,10,Fecha inválida,Sampdoria,Mantova,1,0,11,3,2,4,15,14,0,0,2,5,8,1.0,1.6,2,6,6,1,3,3,0.25,0.4,12,3,3,3,11,13,0,0,7,6,7,1.2,1.4,2,5,3,1,2,2,0.75,0.0,1,1,0,0,1,1,-1,3,19,14,5,6,7,-1,1598,1593,5,58000000,53000000,0,1,0,1
2024,1234725,10,Fecha inválida,Frosinone,Pisa,0,0,6,1,3,5,6,16,0,0,3,4,9,0.8,1.8,1,4,5,1,3,3,0.0,0.25,22,7,1,1,19,10,0,0,13,12,5,2.4,1.0,2,6,7,2,3,4,0.8,0.75,5,8,2,2,8,5,-16,-19,13,2,11,7,8,-1,1512,1501,11,52000000,51000000,2,0,0,1
2024,1234721,10,Fecha inválida,Catanzaro,Sudtirol,3,0,9,1,6,2,8,9,0,0,6,4,4,0.8,0.8,3,5,3,2,2,1,0.2,0.0,12,4,0,5,13,14,2,0,9,9,8,1.8,1.6,1,6,6,0,4,4,0.4,0.5,2,2,0,0,2,2,-3,0,8,19,-11,8,8,0,1587,1578,9,57000000,58000000,1,0,1,0
2024,1234730,11,Fecha inválida,Bari,Carrarese,0,0,12,2,6,2,11,9,0,2,5,5,6,1.0,1.2,4,6,3,2,3,2,0.2,0.2,11,3,2,5,11,13,0,2,3,4,8,0.8,1.6,4,4,4,1,2,2,0.4,0.2,1,2,0,0,2,1,1,4,9,2,7,4,3,1,1508,1581,-73,58000000,51000000,1,0,0,1
2024,1234738,11,Fecha inválida,Salernitana,Cesena,1,1,11,3,2,5,11,14,1,0,6,9,10,1.8,2.0,3,5,5,0,4,4,0.4,0.2,14,4,2,4,18,17,1,0,7,8,7,1.6,1.4,3,7,7,1,4,4,0.67,0.0,0,6,0,0,6,0,-3,-4,15,10,5,3,3,0,1514,1509,5,54000000,59000000,1,2,0,1
2024,1234731,11,Fecha inválida,Brescia,Spezia,1,1,13,4,1,5,14,16,1,0,9,7,4,1.4,0.8,2,5,5,2,1,2,0.6,0.2,20,5,5,0,14,7,0,0,9,7,5,1.4,1.0,5,5,4,1,4,3,0.8,0.2,1,7,3,3,7,1,-7,-9,19,16,3,3,4,-1,1518,1515,3,58000000,55000000,2,2,0,1
2024,1234733,11,Fecha inválida,Juve Stabia,Sassuolo,2,2,15,4,3,3,11,11,1,0,8,5,4,1.0,0.8,4,5,5,3,2,2,0.5,0.33,21,6,3,1,21,10,0,0,8,7,7,1.4,1.4,4,6,4,1,4,2,0.6,0.6,0,2,0,0,2,0,-6,-11,4,9,-5,3,3,0,1563,1588,-25,53000000,58000000,2,2,1,0
2024,1234737,11,Fecha inválida,Reggiana,Cosenza,0,1,12,3,3,4,9,10,0,0,7,7,7,1.4,1.4,5,3,3,2,3,3,0.4,0.2,11,2,5,3,8,10,1,0,8,6,5,1.2,1.0,3,5,2,2,3,2,0.33,0.0,1,2,3,3,2,1,1,1,1,18,-17,3,3,0,1580,1537,43,50000000,57000000,1,0,0,1
2024,1234735,11,Fecha inválida,Modena,Cremonese,2,2,10,2,4,4,14,16,0,1,5,6,7,1.2,1.4,1,7,7,0,4,3,0.4,0.0,17,5,2,3,15,11,0,1,7,6,4,1.2,0.8,1,7,5,1,2,1,0.4,0.6,0,2,3,3,2,0,-7,-6,20,1,19,3,3,0,1599,1520,79,59000000,50000000,2,1,1,0
2024,1234739,11,Fecha inválida,Sudtirol,Frosinone,1,1,12,4,0,6,13,17,2,0,9,9,8,1.8,1.6,1,6,7,0,4,4,0.4,0.4,7,1,4,5,6,16,0,0,3,4,9,0.8,1.8,2,4,5,1,3,3,0.0,0.25,1,4,0,0,4,1,5,6,19,13,6,3,3,0,1578,1512,66,58000000,52000000,0,2,0,0
2024,1234732,11,Fecha inválida,Cittadella,Sampdoria,0,0,8,2,2,6,5,17,0,1,7,3,5,0.6,1.0,4,3,5,3,1,2,0.0,0.33,14,4,2,4,16,14,0,0,2,5,8,1.0,1.6,3,6,6,1,3,3,0.4,0.4,1,2,1,1,2,1,-6,-14,11,19,-8,4,3,1,1510,1598,-88,50000000,58000000,0,0,0,0
2024,1234736,11,Fecha inválida,Pisa,Catanzaro,0,0,23,7,2,1,19,10,0,0,13,12,5,2.4,1.0,3,6,7,2,3,4,0.8,0.6,12,2,6,2,11,9,0,0,6,4,4,0.8,0.8,4,5,4,2,2,1,0.33,0.0,0,3,1,1,3,0,11,7,2,8,-6,3,3,0,1501,1587,-86,51000000,57000000,0,1,1,1
2024,1234734,11,Fecha inválida,Mantova,Palermo,0,0,12,3,3,4,11,14,0,0,7,6,7,1.2,1.4,2,5,3,1,2,2,0.75,0.0,15,4,3,3,12,9,0,2,7,5,5,1.0,1.0,3,4,3,1,2,1,0.25,0.5,0,2,0,0,2,0,-3,-6,14,3,11,3,4,-1,1593,1522,71,53000000,52000000,1,0,1,0
2024,1234740,12,Fecha inválida,Bari,Reggiana,2,2,13,2,7,1,10,6,0,1,8,7,3,1.4,0.6,5,5,2,3,2,2,0.2,0.2,11,3,2,5,7,9,2,0,7,5,5,1.0,1.0,5,2,2,3,2,2,0.4,0.2,0,5,2,2,5,0,2,6,9,1,8,3,3,0,1508,1580,-72,58000000,50000000,1,1,0,0
2024,1234749,12,Fecha inválida,Spezia,Modena,1,0,20,5,5,0,13,6,1,0,11,9,5,1.8,1.0,5,5,3,1,4,3,0.8,0.2,11,2,5,3,15,16,1,0,8,8,5,1.6,1.0,1,7,7,1,3,3,0.33,0.0,2,3,0,0,3,2,9,8,16,20,-4,3,3,0,1515,1599,-84,55000000,59000000,2,2,1,1
2024,1234741,12,Fecha inválida,Carrarese,Juve Stabia,0,0,12,3,3,4,10,11,0,1,3,5,10,1.0,2.0,5,3,3,1,2,2,0.4,0.2,13,3,4,3,10,12,0,0,5,2,6,0.4,1.2,4,5,5,3,1,2,0.4,0.2,0,2,0,0,2,0,-1,1,2,4,-2,3,3,0,1581,1563,18,51000000,53000000,0,2,1,1
2024,1234743,12,Fecha inválida,Cesena,Sudtirol,1,0,12,3,3,4,17,17,0,1,5,6,6,1.2,1.2,3,7,6,2,3,3,0.6,0.0,10,3,1,6,12,17,1,0,6,7,8,1.4,1.6,1,6,6,0,3,3,0.2,0.4,1,4,1,1,4,1,2,5,10,19,-9,4,3,1,1509,1578,-69,59000000,58000000,2,0,1,0
2024,1234745,12,Fecha inválida,Cremonese,Pisa,1,3,18,5,3,2,17,12,1,0,10,8,4,1.6,0.8,1,8,6,1,3,2,0.4,0.6,23,7,2,1,17,8,5,0,15,12,4,2.4,0.8,4,5,6,2,3,4,0.8,0.6,2,5,5,5,5,2,-5,-4,1,2,-1,4,3,1,1520,1501,19,50000000,51000000,1,0,0,1
2024,1234746,12,Fecha inválida,Palermo,Cittadella,0,1,16,4,4,2,12,8,0,1,8,5,4,1.0,0.8,4,4,3,2,2,1,0.25,0.5,9,2,3,5,4,15,1,0,7,2,4,0.4,0.8,5,2,4,3,0,1,0.0,0.4,1,4,5,5,4,1,7,15,3,11,-8,3,3,0,1522,1510,12,52000000,50000000,0,0,0,0
2024,1234742,12,Fecha inválida,Catanzaro,Frosinone,0,0,12,2,6,2,10,8,0,0,5,4,5,0.8,1.0,5,4,4,2,2,2,0.4,0.0,7,1,4,5,5,15,0,1,2,2,10,0.4,2.0,2,4,4,1,2,3,0.0,0.2,0,2,0,0,2,0,5,12,8,13,-5,3,3,0,1587,1512,75,57000000,52000000,1,2,1,0
2024,1234744,12,Fecha inválida,Cosenza,Salernitana,1,1,11,2,5,3,8,10,0,1,5,5,6,1.0,1.2,3,5,2,1,3,2,0.2,0.2,9,2,3,5,10,14,0,1,4,7,9,1.4,1.8,3,5,4,1,3,3,0.2,0.2,0,3,3,3,3,0,2,2,18,15,3,4,4,0,1537,1514,23,57000000,54000000,0,1,1,0
2024,1234748,12,Fecha inválida,Sassuolo,Mantova,1,0,21,6,3,1,22,11,1,0,10,7,6,1.4,1.2,4,6,5,2,3,2,0.6,0.6,12,3,3,4,9,12,1,0,9,5,5,1.0,1.0,3,4,2,2,1,1,0.6,0.0,1,1,0,0,1,1,9,14,9,14,-5,4,3,1,1588,1593,-5,58000000,53000000,2,1,0,1
2024,1234747,12,Fecha inválida,Sampdoria,Brescia,0,1,14,4,2,4,14,12,0,2,4,4,6,0.8,1.2,4,5,5,2,2,2,0.4,0.4,11,3,2,5,14,17,0,2,6,7,6,1.4,1.2,1,6,5,1,2,3,0.4,0.2,2,4,3,3,4,2,3,5,19,19,0,3,4,-1,1598,1518,80,58000000,58000000,0,2,0,0
2024,1234752,13,Fecha inválida,Frosinone,Palermo,1,1,8,1,5,4,4,13,0,0,5,3,9,0.6,1.8,3,3,3,1,2,3,0.0,0.2,16,4,4,2,12,7,1,0,11,8,3,1.6,0.6,4,4,3,2,3,2,0.2,0.6,2,4,4,4,4,2,-8,-14,13,3,10,5,5,0,1512,1522,-10,52000000,52000000,2,0,0,0
2024,1234750,13,Fecha inválida,Brescia,Cosenza,2,3,14,4,2,4,15,16,0,1,9,10,7,2.0,1.4,2,6,5,1,3,4,0.5,0.33,12,2,6,2,7,8,0,0,6,4,4,0.8,0.8,3,5,1,1,3,1,0.17,0.25,6,4,2,2,4,6,2,0,19,18,1,5,6,-1,1518,1537,-19,58000000,57000000,2,0,0,1
2024,1234756,13,Fecha inválida,Pisa,Sampdoria,3,0,23,7,2,1,18,9,4,0,12,10,6,2.0,1.2,3,6,7,1,3,4,0.75,0.67,14,4,2,4,14,12,0,1,7,7,6,1.4,1.2,4,5,5,2,3,3,0.4,0.4,4,0,0,0,0,4,9,7,2,19,-17,6,5,1,1501,1598,-97,51000000,58000000,0,0,1,0
2024,1234755,13,Fecha inválida,Modena,Carrarese,2,0,8,1,5,4,13,16,0,0,5,7,7,1.4,1.4,1,6,6,1,3,3,0.2,0.0,13,3,4,3,10,10,1,0,4,5,9,1.0,1.8,6,3,3,2,2,2,0.33,0.25,3,1,0,0,1,3,-5,-3,20,2,18,7,7,0,1599,1581,18,59000000,51000000,2,0,1,1
2024,1234759,13,Fecha inválida,Sudtirol,Sassuolo,0,1,7,2,1,7,9,16,0,2,3,5,9,1.0,1.8,1,5,5,0,3,3,0.0,0.33,21,6,3,1,21,10,0,0,8,5,5,1.0,1.0,5,5,4,3,2,1,0.6,0.6,0,2,3,3,2,0,-14,-18,19,9,10,6,5,1,1578,1588,-10,58000000,58000000,0,2,0,0
2024,1234754,13,Fecha inválida,Mantova,Cremonese,1,0,9,2,3,5,6,11,0,1,6,4,7,0.8,1.4,3,3,1,2,1,1,0.5,0.0,15,4,3,3,17,15,0,1,7,9,7,1.8,1.4,0,9,7,0,4,3,0.2,0.6,1,1,0,0,1,1,-6,-7,14,1,13,6,6,0,1593,1520,73,53000000,50000000,1,1,1,0
2024,1234751,13,Fecha inválida,Cittadella,Cesena,0,2,9,2,3,5,4,15,0,1,4,2,6,0.4,1.2,5,2,4,2,1,2,0.0,0.4,15,4,3,3,17,15,1,0,8,9,6,1.8,1.2,4,6,5,2,3,3,0.67,0.0,2,1,3,3,1,2,-6,-13,11,10,1,7,7,0,1510,1509,1,50000000,59000000,0,2,0,1
2024,1234753,13,Fecha inválida,Juve Stabia,Spezia,0,3,13,3,4,3,10,12,1,0,7,4,6,0.8,1.2,4,5,5,3,1,2,0.4,0.2,20,5,5,0,12,5,0,0,9,7,4,1.4,0.8,6,4,2,2,3,2,0.8,0.2,1,1,2,2,1,1,-7,-9,4,16,-12,8,8,0,1563,1515,48,53000000,55000000,2,2,1,1
2024,1234757,13,Fecha inválida,Reggiana,Catanzaro,2,2,9,2,3,5,8,11,1,0,5,4,5,0.8,1.0,4,3,3,3,2,2,0.4,0.0,12,2,6,2,10,8,0,1,5,4,5,0.8,1.0,5,4,4,2,2,2,0.4,0.0,7,4,2,2,4,7,-3,-5,1,8,-7,8,7,1,1580,1587,-7,50000000,57000000,1,1,0,1
2024,1234758,13,Fecha inválida,Salernitana,Bari,0,2,10,2,4,4,9,12,1,0,5,5,6,1.0,1.2,3,5,3,2,2,2,0.2,0.2,14,2,8,0,11,6,0,0,9,7,2,1.4,0.4,5,5,2,3,2,1,0.17,0.25,0,5,2,2,5,0,-4,-8,15,9,6,7,8,-1,1514,1508,6,54000000,58000000,1,1,0,0
2024,1234764,14,Fecha inválida,Cosenza,Modena,1,1,14,3,5,2,10,10,0,0,5,4,6,0.8,1.2,2,6,2,0,3,1,0.2,0.4,10,2,4,4,14,15,0,1,5,8,8,1.6,1.6,2,5,6,1,3,4,0.33,0.0,1,3,2,2,3,1,4,1,18,20,-2,13,13,0,1537,1599,-62,57000000,59000000,0,2,1,1
2024,1234768,14,Fecha inválida,Sassuolo,Salernitana,4,0,23,7,2,1,21,9,0,1,10,10,5,2.0,1.0,6,4,4,3,2,2,0.6,0.8,7,1,4,5,6,12,0,2,5,3,4,0.6,0.8,3,4,2,3,1,1,0.0,0.2,4,3,1,1,3,4,16,18,9,15,-6,14,12,2,1588,1514,74,58000000,54000000,2,1,0,0
2024,1234766,14,Fecha inválida,Juve Stabia,Brescia,0,0,10,2,4,4,9,15,0,0,7,5,7,1.0,1.4,3,5,6,2,2,3,0.2,0.2,14,4,2,4,17,17,2,0,10,11,6,2.2,1.2,2,7,6,1,4,4,0.4,0.4,0,2,0,0,2,0,-4,-6,4,19,-15,13,14,-1,1563,1518,45,53000000,58000000,2,2,1,0
2024,1234761,14,Fecha inválida,Carrarese,Pisa,1,0,10,2,4,4,8,12,0,3,4,4,9,0.8,1.8,5,3,3,2,2,2,0.2,0.2,23,7,2,1,18,9,3,0,12,10,7,2.0,1.4,3,6,7,0,4,4,0.8,0.6,3,2,4,4,2,3,-13,-13,2,2,0,14,14,0,1581,1501,80,51000000,51000000,0,0,1,1
2024,1234762,14,Fecha inválida,Catanzaro,Mantova,2,2,13,2,7,1,12,8,1,0,6,6,5,1.2,1.0,5,5,5,2,3,3,0.4,0.0,12,3,3,4,7,10,1,0,7,5,7,1.0,1.4,4,3,1,2,2,1,0.6,0.0,0,2,0,0,2,0,1,7,8,14,-6,13,13,0,1587,1593,-6,57000000,53000000,1,1,1,1
2024,1234763,14,Fecha inválida,Cesena,Reggiana,1,1,15,4,3,3,17,15,0,1,5,8,9,1.6,1.8,4,6,5,1,4,4,0.6,0.2,7,1,4,5,8,13,0,2,2,2,6,0.4,1.2,3,4,4,2,2,2,0.2,0.0,1,6,1,1,6,1,8,7,10,1,9,13,13,0,1509,1580,-71,59000000,50000000,2,1,1,0
2024,1234760,14,Fecha inválida,Bari,Cittadella,3,2,16,3,7,0,12,5,0,0,9,7,2,1.4,0.4,6,4,2,3,2,1,0.2,0.4,9,2,3,5,4,14,1,0,4,3,9,0.6,1.8,5,2,3,2,2,2,0.0,0.4,3,6,2,2,6,3,7,17,9,11,-2,13,14,-1,1508,1510,-2,58000000,50000000,1,0,0,0
2024,1234769,14,Fecha inválida,Spezia,Sudtirol,3,0,22,6,4,0,15,5,1,0,11,8,4,1.6,0.8,6,4,3,2,3,2,0.8,0.4,7,2,1,7,9,15,0,1,6,7,7,1.4,1.4,1,5,5,1,3,3,0.0,0.4,2,2,0,0,2,2,15,16,16,19,-3,14,15,-1,1515,1578,-63,55000000,58000000,2,0,1,0
2024,1234765,14,Fecha inválida,Cremonese,Frosinone,1,0,15,4,3,3,17,15,1,0,8,10,7,2.0,1.4,0,9,7,0,5,3,0.25,0.5,8,1,5,4,4,13,0,0,4,2,9,0.4,1.8,3,3,3,1,1,3,0.0,0.2,3,5,2,2,5,3,7,11,1,13,-12,14,15,-1,1520,1512,8,50000000,52000000,1,2,0,0
2024,1234767,14,Fecha inválida,Palermo,Sampdoria,1,1,14,3,5,2,12,8,0,0,8,7,4,1.4,0.8,3,5,3,1,3,2,0.2,0.4,14,4,2,4,12,12,0,0,7,6,5,1.2,1.0,4,4,5,2,3,3,0.4,0.4,6,7,2,2,7,6,0,4,3,19,-16,15,15,0,1522,1598,-76,52000000,58000000,0,0,0,0
2024,1234776,15,Fecha inválida,Reggiana,Sassuolo,0,2,8,1,5,4,8,12,0,1,5,3,4,0.6,0.8,3,4,3,3,1,1,0.2,0.0,26,8,2,0,24,5,2,0,13,14,3,2.8,0.6,7,3,4,3,2,2,0.8,0.8,0,1,1,1,1,0,-18,-23,1,9,-8,6,6,0,1580,1588,-8,50000000,58000000,1,2,0,0
2024,1234778,15,Fecha inválida,Sampdoria,Catanzaro,3,3,14,4,2,4,13,13,0,1,9,11,8,2.2,1.6,3,5,5,1,4,4,0.5,0.33,11,1,8,1,11,9,0,0,4,4,5,0.8,1.0,5,5,5,2,3,2,0.2,0.0,1,2,1,1,2,1,3,-2,19,8,11,5,7,-2,1598,1587,11,58000000,57000000,0,1,0,1
2024,1234771,15,Fecha inválida,Cittadella,Juve Stabia,2,2,6,1,3,6,5,17,0,0,2,2,9,0.4,1.8,4,3,4,2,2,2,0.0,0.2,10,2,4,4,9,15,0,2,6,6,9,1.2,1.8,3,5,6,1,3,4,0.17,0.25,2,2,0,0,2,2,-4,-6,11,4,7,6,7,-1,1510,1563,-53,50000000,53000000,0,2,0,1
2024,1234770,15,Fecha inválida,Brescia,Bari,1,1,12,3,3,4,15,16,1,0,7,11,10,2.2,2.0,3,6,5,1,4,4,0.4,0.2,18,4,6,0,15,7,2,0,9,8,3,1.6,0.6,5,5,3,2,3,1,0.33,0.5,2,3,7,7,3,2,-6,-9,19,9,10,7,6,1,1518,1508,10,58000000,58000000,2,1,0,0
2024,1234779,15,Fecha inválida,Sudtirol,Cremonese,0,4,7,2,1,7,8,16,1,0,6,7,7,1.4,1.4,1,4,5,1,3,3,0.0,0.33,15,4,3,3,14,14,0,0,8,8,7,1.6,1.4,1,8,6,0,5,3,0.4,0.4,2,1,1,1,1,2,-8,-8,19,1,18,6,6,0,1578,1520,58,58000000,50000000,0,1,0,0
2024,1234773,15,Fecha inválida,Mantova,Modena,0,0,10,2,4,4,8,12,0,1,5,5,8,1.0,1.6,3,4,2,1,3,1,0.5,0.0,11,2,5,3,15,15,0,0,6,10,9,2.0,1.8,2,6,6,1,4,5,0.4,0.0,1,4,1,1,4,1,-1,-4,14,20,-6,7,7,0,1593,1599,-6,53000000,59000000,1,2,1,1
2024,1234772,15,Fecha inválida,Frosinone,Cesena,3,2,7,1,4,5,4,14,0,2,3,2,11,0.4,2.2,2,3,3,0,1,3,0.0,0.17,16,4,4,2,17,14,0,0,5,10,12,2.0,2.4,4,6,4,1,4,4,0.5,0.25,2,3,1,1,3,2,-9,-13,13,10,3,7,7,0,1512,1509,3,52000000,59000000,2,2,0,1
2024,1234774,15,Fecha inválida,Palermo,Spezia,2,0,14,3,5,2,12,8,1,0,8,8,5,1.6,1.0,3,5,3,1,3,3,0.2,0.4,22,6,4,0,16,4,0,0,11,8,3,1.6,0.6,7,3,3,3,2,1,0.8,0.4,2,5,2,2,5,2,-8,-8,3,16,-13,6,7,-1,1522,1515,7,52000000,55000000,0,2,0,1
2024,1234775,15,Fecha inválida,Pisa,Cosenza,2,2,20,6,2,2,16,9,2,0,12,10,7,2.0,1.4,3,5,6,0,4,4,0.75,0.5,14,3,5,2,10,10,1,0,5,3,5,0.6,1.0,2,6,2,1,2,1,0.17,0.5,3,5,4,4,5,3,6,7,2,18,-16,8,8,0,1501,1537,-36,51000000,57000000,0,0,1,1
2024,1234777,15,Fecha inválida,Salernitana,Carrarese,4,1,7,1,4,5,6,15,0,1,5,3,5,0.6,1.0,3,4,3,3,1,1,0.0,0.2,13,3,4,3,8,9,0,2,5,4,7,0.8,1.4,6,2,2,2,2,1,0.33,0.25,1,1,0,0,1,1,-6,-8,15,2,13,8,8,0,1514,1581,-67,54000000,51000000,1,0,0,1
2024,1234785,16,Fecha inválida,Juve Stabia,Sudtirol,2,1,11,2,5,3,10,14,0,1,7,6,7,1.2,1.4,3,5,6,1,3,3,0.2,0.2,4,1,1,8,5,19,0,2,3,4,9,0.8,1.8,1,3,5,1,2,3,0.0,0.2,1,1,0,0,1,1,7,10,4,19,-15,6,6,0,1563,1578,-15,53000000,58000000,2,0,1,0
2024,1234780,16,Fecha inválida,Bari,Cesena,1,0,16,3,7,0,14,8,1,0,7,6,3,1.2,0.6,4,6,3,2,3,1,0.2,0.4,15,4,3,3,17,15,0,0,7,10,10,2.0,2.0,4,6,4,2,3,3,0.6,0.2,3,4,1,1,4,3,1,4,9,10,-1,7,6,1,1508,1509,-1,58000000,59000000,1,2,0,1
2024,1234787,16,Fecha inválida,Modena,Salernitana,1,1,11,2,5,3,13,13,1,0,5,8,9,1.6,1.8,3,5,5,1,3,4,0.4,0.0,10,2,4,4,8,13,0,0,5,2,4,0.4,0.8,3,4,3,3,1,1,0.2,0.2,0,2,0,0,2,0,1,5,20,15,5,6,5,1,1599,1514,85,59000000,54000000,2,1,1,0
2024,1234781,16,Fecha inválida,Carrarese,Palermo,1,0,13,3,4,3,9,11,0,1,8,7,5,1.4,1.0,6,3,3,3,2,2,0.4,0.2,14,3,5,2,11,7,0,0,8,7,4,1.4,0.8,4,4,2,2,2,2,0.33,0.25,1,1,0,0,1,1,-1,-6,2,3,-1,5,6,-1,1581,1522,59,51000000,52000000,0,0,1,0
2024,1234786,16,Fecha inválida,Mantova,Pisa,2,3,11,2,5,3,8,10,1,0,5,5,7,1.0,1.4,4,4,2,1,3,1,0.4,0.0,18,5,3,2,15,9,1,0,10,7,5,1.4,1.0,3,5,6,1,3,3,0.6,0.4,0,1,1,1,1,0,-7,-8,14,2,12,6,6,0,1593,1501,92,53000000,51000000,1,0,1,1
2024,1234783,16,Fecha inválida,Cosenza,Frosinone,0,1,12,2,6,2,10,11,0,1,3,2,5,0.4,1.0,2,6,2,1,2,0,0.0,0.4,10,2,4,4,7,12,0,1,4,2,7,0.4,1.4,2,4,3,1,1,2,0.2,0.2,2,4,5,5,4,2,2,4,18,13,5,6,6,0,1537,1512,25,57000000,52000000,0,2,1,0
2024,1234789,16,Fecha inválida,Spezia,Cittadella,5,0,21,6,3,1,15,5,1,0,11,7,2,1.4,0.4,7,2,3,4,1,1,0.8,0.4,6,1,3,6,7,19,0,3,1,2,12,0.4,2.4,3,4,5,1,2,3,0.0,0.2,7,4,2,2,4,7,15,22,16,11,5,7,8,-1,1515,1510,5,55000000,50000000,2,0,1,0
2024,1234784,16,Fecha inválida,Cremonese,Reggiana,0,2,17,5,2,3,17,13,1,0,10,9,7,1.8,1.4,2,7,7,0,5,4,0.5,0.5,8,1,5,4,7,11,0,0,5,2,3,0.4,0.6,3,3,2,3,0,0,0.2,0.0,1,4,1,1,4,1,9,8,1,1,0,8,8,0,1520,1580,-60,50000000,50000000,1,1,0,0
2024,1234782,16,Fecha inválida,Catanzaro,Brescia,2,1,11,1,8,1,14,12,0,1,6,7,5,1.4,1.0,4,6,6,2,3,3,0.2,0.0,10,2,4,4,12,17,0,1,4,7,12,1.4,2.4,2,7,4,0,4,3,0.2,0.2,2,2,1,1,2,2,1,7,8,19,-11,8,8,0,1587,1518,69,57000000,58000000,1,2,1,0
2024,1234788,16,Fecha inválida,Sassuolo,Sampdoria,5,1,26,8,2,0,24,5,1,0,13,14,3,2.8,0.6,7,3,4,3,2,2,0.8,0.8,15,4,3,3,15,14,2,0,12,11,6,2.2,1.2,3,5,5,2,3,3,0.4,0.4,9,8,5,5,8,9,11,18,9,19,-10,8,8,0,1588,1598,-10,58000000,58000000,2,0,0,0
2024,1234795,17,Fecha inválida,Pisa,Bari,2,0,18,5,3,2,16,10,0,1,8,5,4,1.0,0.8,3,5,6,2,2,2,0.5,0.5,16,3,7,0,12,8,0,0,5,3,3,0.6,0.6,4,6,2,2,3,0,0.33,0.25,1,6,1,1,6,1,2,2,2,9,-7,6,6,0,1501,1508,-7,51000000,58000000,0,1,1,0
2024,1234791,17,Fecha inválida,Cesena,Cosenza,2,1,14,4,2,4,17,16,1,0,7,11,11,2.2,2.2,3,6,4,1,4,3,0.6,0.2,12,2,6,2,10,11,0,0,6,3,4,0.6,0.8,2,6,2,2,2,0,0.0,0.4,1,1,0,0,1,1,2,2,10,18,-8,7,6,1,1509,1537,-28,59000000,57000000,2,0,1,1
2024,1234793,17,Fecha inválida,Frosinone,Sassuolo,1,2,13,3,4,3,8,9,1,0,5,3,5,0.6,1.0,3,4,2,1,2,1,0.25,0.33,26,8,2,0,28,6,0,0,11,15,5,3.0,1.0,6,4,5,2,3,3,0.83,0.75,1,3,4,4,3,1,-13,-23,13,9,4,6,5,1,1512,1588,-76,52000000,58000000,2,2,0,0
2024,1234796,17,Fecha inválida,Reggiana,Modena,0,1,10,2,4,4,9,11,0,0,4,2,4,0.4,0.8,3,3,2,2,0,0,0.25,0.17,9,1,6,3,11,14,0,1,3,7,11,1.4,2.2,2,6,4,0,4,4,0.2,0.0,4,6,2,2,6,4,1,1,1,20,-19,6,7,-1,1580,1599,-19,50000000,59000000,1,2,0,1
2024,1234799,17,Fecha inválida,Sudtirol,Mantova,2,2,4,1,1,8,6,20,0,1,4,5,9,1.0,1.8,1,4,6,1,3,3,0.0,0.2,8,1,5,4,9,13,0,1,3,4,7,0.8,1.4,3,5,3,1,3,1,0.2,0.0,4,4,1,1,4,4,-4,-10,19,14,5,7,7,0,1578,1593,-15,58000000,53000000,0,1,0,1
2024,1234798,17,Fecha inválida,Sampdoria,Spezia,0,0,12,3,3,4,15,19,1,0,10,10,6,2.0,1.2,2,6,6,2,3,3,0.25,0.33,21,6,3,1,16,3,0,0,9,4,1,0.8,0.2,8,1,3,4,1,0,0.8,0.4,2,6,3,3,6,2,-9,-17,19,16,3,6,6,0,1598,1515,83,58000000,55000000,0,2,0,1
2024,1234792,17,Fecha inválida,Cittadella,Cremonese,0,0,6,1,3,6,7,23,0,2,2,2,11,0.4,2.2,3,4,6,2,2,3,0.0,0.2,14,4,2,4,15,14,0,1,8,9,8,1.8,1.6,2,6,6,0,5,4,0.4,0.4,2,6,8,8,6,2,-8,-17,11,1,10,7,7,0,1510,1520,-10,50000000,50000000,0,1,0,0
2024,1234790,17,Fecha inválida,Brescia,Carrarese,0,0,10,2,4,4,12,17,1,0,5,7,11,1.4,2.2,2,7,4,0,4,2,0.2,0.2,16,4,4,2,8,7,0,0,9,5,1,1.0,0.2,7,2,2,4,1,1,0.5,0.25,0,2,0,0,2,0,-6,-6,19,2,17,7,8,-1,1518,1581,-63,58000000,51000000,2,0,0,1
2024,1234794,17,Fecha inválida,Palermo,Catanzaro,1,2,13,3,4,3,11,8,1,0,8,7,4,1.4,0.8,3,4,2,2,2,2,0.4,0.2,14,2,8,0,15,11,0,0,7,6,3,1.2,0.6,4,6,6,3,2,2,0.4,0.0,0,5,4,4,5,0,-1,-1,3,8,-5,8,7,1,1522,1587,-65,52000000,57000000,0,1,0,1
2024,1234797,17,Fecha inválida,Salernitana,Juve Stabia,1,2,10,2,4,4,9,14,0,0,5,3,5,0.6,1.0,2,5,3,2,2,1,0.2,0.2,14,3,5,2,12,12,2,0,8,8,6,1.6,1.2,3,6,6,1,4,3,0.33,0.25,1,1,2,2,1,1,-4,-5,15,4,11,8,8,0,1514,1563,-49,54000000,53000000,1,2,0,1
2024,1234808,18,Fecha inválida,Salernitana,Brescia,0,0,9,2,3,5,10,16,1,0,5,4,6,0.8,1.2,1,6,4,1,3,1,0.2,0.2,8,1,5,4,9,15,0,0,5,5,9,1.0,1.8,3,6,3,1,3,1,0.0,0.2,3,3,4,4,3,3,1,0,15,19,-4,5,5,0,1514,1518,-4,54000000,58000000,1,2,0,0
2024,1234809,18,Fecha inválida,Sassuolo,Palermo,2,1,28,9,1,0,30,7,3,0,13,16,5,3.2,1.0,5,5,6,2,3,3,1.0,0.8,10,2,4,4,9,9,0,1,5,4,4,0.8,0.8,3,4,2,2,1,1,0.33,0.0,4,3,1,1,3,4,18,23,9,3,6,7,6,1,1588,1522,66,58000000,52000000,2,0,0,0
2024,1234800,18,Fecha inválida,Bari,Sudtirol,0,1,15,3,6,1,11,9,0,0,5,4,4,0.8,0.8,4,5,2,2,3,1,0.4,0.2,5,1,2,7,7,19,1,0,4,4,7,0.8,1.4,1,4,6,1,2,2,0.0,0.2,3,2,4,4,2,3,10,14,9,19,-10,7,7,0,1508,1578,-70,58000000,58000000,1,0,0,0
2024,1234801,18,Fecha inválida,Carrarese,Cosenza,1,0,16,4,4,2,8,7,1,0,9,5,1,1.0,0.2,7,2,2,4,1,1,0.6,0.2,11,2,5,3,10,12,0,1,6,3,4,0.6,0.8,2,6,3,2,2,0,0.0,0.4,1,1,0,0,1,1,5,3,2,18,-16,6,7,-1,1581,1537,44,51000000,57000000,0,0,1,1
2024,1234806,18,Fecha inválida,Mantova,Frosinone,3,1,9,1,6,3,9,11,0,0,3,2,4,0.4,0.8,3,5,3,1,2,0,0.2,0.0,10,2,4,4,7,10,0,2,3,1,4,0.2,0.8,3,4,2,2,1,0,0.2,0.2,1,1,0,0,1,1,-1,1,14,13,1,7,7,0,1593,1512,81,53000000,52000000,1,2,1,0
2024,1234803,18,Fecha inválida,Cittadella,Reggiana,3,1,7,1,4,5,6,21,0,1,5,2,9,0.4,1.8,4,3,5,3,1,2,0.0,0.2,9,2,3,5,9,12,0,1,4,4,6,0.8,1.2,2,3,2,1,1,1,0.2,0.2,4,1,1,1,1,4,-2,-12,11,1,10,6,7,-1,1510,1580,-70,50000000,50000000,0,1,0,0
2024,1234807,18,Fecha inválida,Modena,Pisa,1,0,12,2,6,2,11,11,0,0,3,6,9,1.2,1.8,3,5,3,0,3,3,0.25,0.17,21,6,3,1,18,8,2,0,11,8,3,1.6,0.6,4,5,6,2,3,3,0.6,0.6,3,3,1,1,3,3,-9,-10,20,2,18,7,7,0,1599,1501,98,59000000,51000000,2,0,1,1
2024,1234802,18,Fecha inválida,Catanzaro,Spezia,0,1,16,3,7,0,17,12,0,0,7,6,3,1.2,0.6,3,7,7,3,2,2,0.4,0.2,21,6,3,1,16,3,2,0,11,5,1,1.0,0.2,8,1,3,4,1,0,0.8,0.4,1,2,1,1,2,1,-5,-8,8,16,-8,6,7,-1,1587,1515,72,57000000,55000000,1,2,1,1
2024,1234805,18,Fecha inválida,Juve Stabia,Cesena,1,0,14,3,5,2,12,13,1,0,6,6,6,1.2,1.2,2,7,7,1,4,3,0.2,0.4,14,4,2,4,15,15,0,2,7,8,9,1.6,1.8,3,6,4,2,3,2,0.6,0.2,1,2,0,0,2,1,0,-1,4,10,-6,6,8,-2,1563,1509,54,53000000,59000000,2,2,1,1
2024,1234804,18,Fecha inválida,Cremonese,Sampdoria,1,1,15,4,3,3,13,11,0,0,8,8,8,1.6,1.6,3,5,5,0,5,4,0.4,0.4,10,2,4,4,12,18,0,1,7,7,6,1.4,1.2,3,5,5,2,2,2,0.2,0.2,2,3,1,1,3,2,5,8,1,19,-18,7,8,-1,1520,1598,-78,50000000,58000000,1,0,0,0
2024,1234815,19,Fecha inválida,Pisa,Sassuolo,3,1,18,5,3,2,15,8,1,0,11,8,2,1.6,0.4,4,4,5,3,2,3,0.5,0.5,28,9,1,0,26,7,2,0,13,11,4,2.2,0.8,5,5,6,3,2,2,1.0,0.8,1,1,0,0,1,1,-10,-12,2,9,-7,4,4,0,1501,1588,-87,51000000,58000000,0,2,1,0
2024,1234811,19,Fecha inválida,Cesena,Cremonese,0,1,14,4,2,4,14,13,0,1,10,9,6,1.8,1.2,3,5,3,3,2,1,0.6,0.2,15,4,3,3,13,11,2,0,7,7,8,1.4,1.6,3,5,5,0,4,4,0.4,0.4,1,1,2,2,1,1,-1,-1,10,1,9,4,3,1,1509,1520,-11,59000000,50000000,2,1,1,0
2024,1234813,19,Fecha inválida,Frosinone,Salernitana,2,0,10,2,4,4,8,12,0,1,4,2,4,0.4,0.8,3,5,3,2,2,0,0.25,0.17,7,1,4,5,9,16,0,2,2,3,8,0.6,1.6,1,6,4,0,3,1,0.17,0.0,4,7,2,2,7,4,3,3,13,15,-2,5,5,0,1512,1514,-2,52000000,54000000,2,1,0,0
2024,1234818,19,Fecha inválida,Spezia,Mantova,1,1,21,6,3,1,16,3,1,0,11,7,1,1.4,0.2,8,1,3,4,1,1,0.75,0.5,11,2,5,3,11,11,0,0,5,2,3,0.4,0.6,3,5,4,2,1,0,0.4,0.0,0,2,0,0,2,0,10,13,16,14,2,4,5,-1,1515,1593,-78,55000000,53000000,2,1,1,1
2024,1234810,19,Fecha inválida,Brescia,Modena,3,3,8,1,5,4,8,14,0,2,4,6,11,1.2,2.2,4,5,3,1,3,2,0.0,0.2,14,3,5,2,10,9,0,0,5,6,7,1.2,1.4,4,4,2,1,2,2,0.4,0.2,2,2,2,2,2,2,-6,-7,19,20,-1,5,4,1,1518,1599,-81,58000000,59000000,2,2,0,1
2024,1234816,19,Fecha inválida,Reggiana,Juve Stabia,2,1,9,2,3,5,10,14,1,0,5,6,7,1.2,1.4,2,4,3,1,2,2,0.2,0.2,14,3,5,2,11,12,0,1,3,4,8,0.8,1.6,3,6,6,1,3,3,0.33,0.25,2,4,2,2,4,2,-5,-3,1,4,-3,4,4,0,1580,1563,17,50000000,53000000,1,2,0,1
2024,1234819,19,Fecha inválida,Sudtirol,Cittadella,1,2,5,1,2,7,6,19,0,2,1,2,8,0.4,1.6,1,4,6,0,2,2,0.0,0.2,10,2,4,4,8,16,0,0,5,1,5,0.2,1.0,4,3,5,3,0,1,0.17,0.25,1,3,2,2,3,1,-5,-5,19,11,8,5,4,1,1578,1510,68,58000000,50000000,0,0,0,0
2024,1234812,19,Fecha inválida,Cosenza,Catanzaro,1,1,11,2,5,3,10,11,0,0,9,6,4,1.2,0.8,2,6,3,2,3,1,0.0,0.33,15,3,6,1,15,11,0,0,7,6,3,1.2,0.6,3,6,6,3,2,2,0.4,0.2,0,2,2,2,2,0,-4,-5,18,8,10,5,4,1,1537,1587,-50,57000000,57000000,0,1,1,1
2024,1234814,19,Fecha inválida,Palermo,Bari,1,0,10,2,4,4,10,10,0,0,6,5,4,1.0,0.8,3,5,3,2,2,1,0.4,0.0,14,3,5,2,10,9,0,0,7,5,3,1.0,0.6,4,4,2,3,2,1,0.33,0.25,7,8,0,0,8,7,-4,-1,3,9,-6,5,5,0,1522,1508,14,52000000,58000000,0,1,0,0
2024,1234817,19,Fecha inválida,Sampdoria,Carrarese,1,1,11,2,5,3,12,17,2,0,7,6,7,1.2,1.4,3,5,4,2,1,2,0.25,0.17,16,4,4,2,8,7,0,0,6,4,3,0.8,0.6,7,2,2,3,1,1,0.67,0.0,0,2,0,0,2,0,-5,-6,19,2,17,4,5,-1,1598,1581,17,58000000,51000000,0,0,0,1
2024,1234824,20,Fecha inválida,Cremonese,Brescia,1,1,15,4,3,3,12,10,1,0,7,6,7,1.2,1.4,4,4,4,1,3,3,0.4,0.4,9,1,6,3,9,12,0,1,5,4,6,0.8,1.2,4,5,3,2,2,1,0.0,0.2,5,4,3,3,4,5,6,5,1,19,-18,2,2,0,1520,1518,2,50000000,58000000,1,2,0,0
2024,1234829,20,Fecha inválida,Sassuolo,Cosenza,2,1,25,8,1,1,22,8,1,0,13,10,2,2.0,0.4,5,5,6,4,1,2,1.0,0.6,11,2,5,3,11,12,0,0,9,7,5,1.4,1.0,1,7,3,1,4,1,0.0,0.4,3,0,0,0,0,3,14,15,9,18,-9,3,3,0,1588,1537,51,58000000,57000000,2,0,0,1
2024,1234820,20,Fecha inválida,Bari,Spezia,2,0,13,3,4,3,9,9,0,0,9,7,4,1.4,0.8,4,3,2,3,2,2,0.4,0.2,19,5,4,1,15,4,0,0,11,8,1,1.6,0.2,7,2,3,4,1,2,0.6,0.4,1,4,3,3,4,1,-6,-11,9,16,-7,2,3,-1,1508,1515,-7,58000000,55000000,1,2,0,1
2024,1234827,20,Fecha inválida,Modena,Sudtirol,0,0,14,3,5,2,11,10,0,1,5,5,6,1.0,1.2,4,4,2,1,2,1,0.5,0.17,5,1,2,7,6,19,0,1,1,1,9,0.2,1.8,1,4,6,0,1,2,0.0,0.2,6,4,5,5,4,6,9,14,20,19,1,3,3,0,1599,1578,21,59000000,58000000,2,0,1,0
2024,1234821,20,Fecha inválida,Carrarese,Cesena,2,0,16,4,4,2,8,7,1,0,8,4,2,0.8,0.4,7,2,2,4,0,1,0.8,0.0,14,4,2,4,11,9,1,0,11,7,2,1.4,0.4,3,4,2,3,2,0,0.6,0.2,3,2,3,3,2,3,2,-1,2,10,-8,2,3,-1,1581,1509,72,51000000,59000000,0,2,1,1
2024,1234826,20,Fecha inválida,Mantova,Reggiana,0,2,11,2,5,3,11,11,0,1,5,3,4,0.6,0.8,3,5,4,2,1,1,0.4,0.0,9,2,3,5,10,15,0,2,3,5,8,1.0,1.6,1,5,4,0,3,2,0.2,0.2,0,2,2,2,2,0,2,5,14,1,13,3,3,0,1593,1580,13,53000000,50000000,1,1,1,0
2024,1234823,20,Fecha inválida,Cittadella,Palermo,2,1,12,3,3,4,10,17,0,1,4,3,8,0.6,1.6,3,4,6,2,1,2,0.2,0.4,12,3,3,4,9,8,1,0,6,4,3,0.8,0.6,4,4,2,2,2,0,0.5,0.0,5,4,1,1,4,5,0,-8,11,3,8,3,2,1,1510,1522,-12,50000000,52000000,0,0,0,0
2024,1234825,20,Fecha inválida,Juve Stabia,Frosinone,1,1,14,3,5,2,11,12,0,0,4,3,6,0.6,1.2,3,6,6,2,2,2,0.4,0.2,13,3,4,3,10,10,0,0,4,2,3,0.4,0.6,4,5,3,2,2,0,0.4,0.2,0,3,1,1,3,0,1,-1,4,13,-9,3,3,0,1563,1512,51,53000000,52000000,2,2,1,0
2024,1234822,20,Fecha inválida,Catanzaro,Salernitana,1,0,15,3,6,1,15,11,1,0,7,7,4,1.4,0.8,3,6,6,3,2,3,0.4,0.2,7,1,4,5,9,16,0,1,2,3,10,0.6,2.0,1,6,4,0,3,2,0.2,0.0,1,1,1,1,1,1,8,11,8,15,-7,3,3,0,1587,1514,73,57000000,54000000,1,1,1,0
2024,1234828,20,Fecha inválida,Sampdoria,Pisa,0,1,9,1,6,3,8,15,1,0,5,2,5,0.4,1.0,3,5,3,2,1,1,0.2,0.0,18,5,3,2,16,8,0,0,8,6,2,1.2,0.4,4,4,5,3,1,2,0.6,0.4,0,0,4,4,0,0,-9,-15,19,2,17,2,3,-1,1598,1501,97,58000000,51000000,0,0,0,1
2024,1234837,21,Fecha inválida,Salernitana,Sassuolo,1,2,7,1,4,5,8,15,0,0,5,6,9,1.2,1.8,1,5,3,0,3,2,0.2,0.0,25,8,1,1,22,9,0,0,13,10,2,2.0,0.4,4,6,7,4,1,2,1.0,0.6,1,3,4,4,3,1,-18,-20,15,9,6,13,13,0,1514,1588,-74,54000000,58000000,1,2,0,0
2024,1234833,21,Fecha inválida,Frosinone,Cremonese,0,0,13,3,4,3,11,11,0,0,6,5,5,1.0,1.0,3,6,3,1,3,1,0.5,0.17,13,3,4,3,11,10,0,0,7,8,6,1.6,1.2,4,4,3,2,2,3,0.2,0.4,2,5,3,3,5,2,0,-1,13,1,12,13,14,-1,1512,1520,-8,52000000,50000000,2,1,0,0
2024,1234838,21,Fecha inválida,Spezia,Juve Stabia,0,0,18,5,3,2,15,6,0,0,10,8,3,1.6,0.6,6,2,3,3,1,2,0.75,0.33,14,3,5,2,11,12,0,0,4,4,7,0.8,1.4,3,6,6,2,2,3,0.33,0.25,2,1,1,1,1,2,4,10,16,4,12,14,13,1,1515,1563,-48,55000000,53000000,2,2,1,1
2024,1234834,21,Fecha inválida,Palermo,Modena,0,0,9,2,3,5,8,10,0,0,6,4,3,0.8,0.6,3,5,3,2,2,0,0.4,0.0,15,3,6,1,11,8,0,0,6,5,4,1.0,0.8,5,4,2,2,2,1,0.4,0.2,4,2,0,0,2,4,-6,-5,3,20,-17,13,14,-1,1522,1599,-77,52000000,59000000,0,2,0,1
2024,1234836,21,Fecha inválida,Reggiana,Bari,0,0,12,3,3,4,12,13,0,1,3,5,8,1.0,1.6,2,5,4,0,3,2,0.2,0.4,15,4,3,3,11,9,0,0,9,8,5,1.6,1.0,4,3,2,2,3,2,0.5,0.25,2,5,0,0,5,2,-3,-3,1,9,-8,14,14,0,1580,1508,72,50000000,58000000,1,1,0,0
2024,1234839,21,Fecha inválida,Sudtirol,Catanzaro,0,0,6,1,3,6,6,16,0,0,1,1,10,0.2,2.0,2,4,5,0,1,2,0.0,0.2,15,3,6,1,13,11,0,0,5,7,7,1.4,1.4,3,6,5,2,3,3,0.4,0.2,0,2,2,2,2,0,-9,-12,19,8,11,14,13,1,1578,1587,-9,58000000,57000000,0,1,0,1
2024,1234832,21,Fecha inválida,Cosenza,Mantova,0,0,10,2,4,4,11,13,1,0,9,8,6,1.6,1.2,1,7,4,1,4,2,0.0,0.33,11,2,5,3,11,12,0,0,6,3,3,0.6,0.6,3,5,4,3,1,1,0.33,0.0,0,1,1,1,1,0,-1,-1,18,14,4,14,14,0,1537,1593,-56,57000000,53000000,0,1,1,1
2024,1234831,21,Fecha inválida,Cesena,Cittadella,0,0,11,3,2,5,9,11,0,0,8,7,5,1.4,1.0,2,4,2,2,3,1,0.5,0.17,15,4,3,3,12,15,0,0,5,5,7,1.0,1.4,3,5,6,2,2,2,0.33,0.5,3,1,2,2,1,3,-4,1,10,11,-1,14,14,0,1509,1510,-1,59000000,50000000,2,0,1,0
2024,1234830,21,Fecha inválida,Brescia,Sampdoria,0,0,10,1,7,2,10,11,0,0,6,5,5,1.0,1.0,4,6,3,2,3,1,0.0,0.2,6,0,6,4,7,16,0,0,3,4,8,0.8,1.6,2,5,3,1,2,2,0.0,0.0,3,4,2,2,4,3,4,8,19,19,0,14,14,0,1518,1598,-80,58000000,58000000,2,0,0,0
2024,1234835,21,Fecha inválida,Pisa,Carrarese,0,0,20,6,2,2,17,8,0,0,8,8,4,1.6,0.8,4,4,5,2,2,3,0.6,0.6,16,4,4,2,7,7,0,0,5,2,6,0.4,1.2,7,2,1,3,1,1,0.8,0.0,4,2,3,3,2,4,4,9,2,2,0,15,15,0,1501,1581,-80,51000000,51000000,0,0,1,1
2024,1234848,22,Fecha inválida,Sampdoria,Cesena,0,0,6,0,6,4,7,16,0,0,3,4,8,0.8,1.6,2,5,3,1,2,2,0.0,0.0,11,3,2,5,9,11,0,0,8,7,5,1.4,1.0,2,4,2,2,3,1,0.5,0.17,2,3,1,1,3,2,-5,-7,19,10,9,19,19,0,1598,1509,89,58000000,59000000,0,2,0,1
2024,1234843,22,Fecha inválida,Cittadella,Mantova,0,0,15,4,3,3,12,15,0,0,5,5,7,1.0,1.4,3,5,6,2,2,2,0.33,0.5,11,2,5,3,11,12,0,1,5,5,6,1.0,1.2,3,5,4,2,2,2,0.4,0.0,0,1,1,1,1,0,4,-2,11,14,-3,19,6,13,1510,1593,-83,50000000,53000000,0,1,0,1
2024,1234847,22,Fecha inválida,Salernitana,Reggiana,0,0,6,1,3,6,8,16,0,0,5,6,9,1.2,1.8,1,5,4,0,3,2,0.2,0.0,13,3,4,3,12,12,0,0,6,7,7,1.4,1.4,3,5,4,1,3,2,0.2,0.4,1,3,0,0,3,1,-7,-8,15,1,14,6,6,0,1514,1580,-66,54000000,50000000,1,1,0,0
2024,1234844,22,Fecha inválida,Cremonese,Cosenza,0,0,13,3,4,3,9,8,0,2,6,6,6,1.2,1.2,5,3,2,2,1,2,0.2,0.4,8,1,5,4,10,13,0,0,6,7,7,1.4,1.4,1,7,4,0,4,2,0.0,0.2,6,1,3,3,1,6,5,4,1,18,-17,6,6,0,1520,1537,-17,50000000,57000000,1,0,0,1
2024,1234845,22,Fecha inválida,Modena,Frosinone,0,0,15,3,6,1,9,6,0,1,6,4,3,0.8,0.6,6,3,1,2,2,0,0.5,0.17,13,3,4,3,10,10,0,0,8,5,4,1.0,0.8,4,5,3,2,2,1,0.4,0.2,0,2,2,2,2,0,2,3,20,13,7,6,6,0,1599,1512,87,59000000,52000000,2,2,1,0
2024,1234840,22,Fecha inválida,Bari,Brescia,0,0,15,4,3,3,11,9,0,0,11,9,5,1.8,1.0,4,3,2,2,3,2,0.6,0.2,10,1,7,2,10,11,0,0,6,5,5,1.0,1.0,4,6,3,2,3,1,0.0,0.2,7,3,2,2,3,7,5,3,9,19,-10,6,20,-14,1508,1518,-10,58000000,58000000,1,2,0,0
2024,1234849,22,Fecha inválida,Sassuolo,Sudtirol,0,0,27,9,0,1,22,8,7,0,15,13,1,2.6,0.2,4,6,7,4,1,2,1.0,0.8,6,1,3,6,5,15,0,5,0,1,11,0.2,2.2,3,3,5,0,1,3,0.0,0.2,3,2,0,0,2,3,21,24,9,19,-10,7,7,0,1588,1578,10,58000000,58000000,2,0,0,0
2024,1234846,22,Fecha inválida,Palermo,Juve Stabia,0,0,9,2,3,5,8,10,0,1,5,4,4,0.8,0.8,3,5,3,1,2,0,0.33,0.0,14,3,5,2,9,10,0,0,6,4,6,0.8,1.2,4,5,5,2,2,3,0.4,0.2,4,2,1,1,2,4,-5,-1,3,4,-1,7,7,0,1522,1563,-41,52000000,53000000,0,2,0,1
2024,1234842,22,Fecha inválida,Catanzaro,Pisa,0,0,15,3,6,1,13,11,0,0,7,9,8,1.8,1.6,3,6,5,1,4,4,0.4,0.2,20,6,2,2,17,8,0,0,8,8,4,1.6,0.8,4,4,5,2,2,3,0.6,0.6,1,3,0,0,3,1,-5,-7,8,2,6,7,20,-13,1587,1501,86,57000000,51000000,1,0,1,1
2024,1234841,22,Fecha inválida,Carrarese,Spezia,0,0,16,4,4,2,7,7,0,0,5,2,6,0.4,1.2,7,2,1,3,1,1,0.8,0.0,18,5,3,2,14,5,3,0,12,12,2,2.4,0.4,7,1,3,4,0,3,0.6,0.4,0,1,1,1,1,0,-2,-9,2,16,-14,21,7,14,1581,1515,66,51000000,55000000,0,2,1,1
2024,1234859,23,Fecha inválida,Spezia,Sassuolo,0,0,18,5,3,2,14,5,3,0,12,12,2,2.4,0.4,7,1,3,4,0,3,0.6,0.4,27,9,0,1,22,8,7,0,15,13,1,2.6,0.2,4,6,7,4,1,2,1.0,0.8,2,4,6,6,4,2,-9,-5,16,9,7,12,12,0,1515,1588,-73,55000000,58000000,2,2,1,0
2024,1234851,23,Fecha inválida,Cesena,Bari,0,0,11,3,2,5,9,11,0,0,8,7,5,1.4,1.0,2,4,2,2,3,1,0.5,0.17,15,4,3,3,11,9,0,0,11,9,5,1.8,1.0,4,3,2,2,3,2,0.6,0.2,1,4,3,3,4,1,-4,-4,10,9,1,27,13,14,1509,1508,1,59000000,58000000,2,1,1,0
2024,1234854,23,Fecha inválida,Frosinone,Sudtirol,0,0,13,3,4,3,10,10,0,0,8,5,4,1.0,0.8,4,5,3,2,2,1,0.4,0.2,6,1,3,6,5,15,0,5,0,1,11,0.2,2.2,3,3,5,0,1,3,0.0,0.2,0,4,1,1,4,0,7,10,13,19,-6,13,13,0,1512,1578,-66,52000000,58000000,2,0,0,0
2024,1234855,23,Fecha inválida,Juve Stabia,Carrarese,0,0,14,3,5,2,9,10,0,0,6,4,6,0.8,1.2,4,5,5,2,2,3,0.4,0.2,16,4,4,2,7,7,0,0,5,2,6,0.4,1.2,7,2,1,3,1,1,0.8,0.0,0,2,0,0,2,0,-2,-1,4,2,2,13,27,-14,1563,1581,-18,53000000,51000000,2,0,1,1
2024,1234852,23,Fecha inválida,Cosenza,Cittadella,0,0,8,1,5,4,10,13,0,0,6,7,7,1.4,1.4,1,7,4,0,4,2,0.0,0.2,15,4,3,3,12,15,0,0,5,5,7,1.0,1.4,3,5,6,2,2,2,0.33,0.5,2,8,2,2,8,2,-7,0,18,11,7,13,26,-13,1537,1510,27,57000000,50000000,0,0,1,0
2024,1234856,23,Fecha inválida,Mantova,Sampdoria,0,0,11,2,5,3,11,12,0,1,5,5,6,1.0,1.2,3,5,4,2,2,2,0.4,0.0,6,0,6,4,7,16,0,0,3,4,8,0.8,1.6,2,5,3,1,2,2,0.0,0.0,0,1,1,1,1,0,5,8,14,19,-5,13,26,-13,1593,1598,-5,53000000,58000000,1,0,1,0
2024,1234850,23,Fecha inválida,Brescia,Catanzaro,0,0,10,1,7,2,10,11,0,0,6,5,5,1.0,1.0,4,6,3,2,3,1,0.0,0.2,15,3,6,1,13,11,0,0,7,9,8,1.8,1.6,3,6,5,1,4,4,0.4,0.2,1,2,2,2,2,1,-5,-3,19,8,11,28,14,14,1518,1587,-69,58000000,57000000,2,1,0,1
2024,1234857,23,Fecha inválida,Pisa,Salernitana,0,0,20,6,2,2,17,8,0,0,8,8,4,1.6,0.8,4,4,5,2,2,3,0.6,0.6,6,1,3,6,8,16,0,0,5,6,9,1.2,1.8,1,5,4,0,3,2,0.2,0.0,3,4,2,2,4,3,14,17,2,15,-13,27,14,13,1501,1514,-13,51000000,54000000,0,1,1,0
2024,1234858,23,Fecha inválida,Reggiana,Palermo,0,0,13,3,4,3,12,12,0,0,6,7,7,1.4,1.4,3,5,4,1,3,2,0.2,0.4,9,2,3,5,8,10,0,1,5,4,4,0.8,0.8,3,5,3,1,2,0,0.33,0.0,1,1,3,3,1,1,4,2,1,3,-2,14,14,0,1580,1522,58,50000000,52000000,1,0,0,0
2024,1234853,23,Fecha inválida,Cremonese,Modena,0,0,13,3,4,3,9,8,0,2,6,6,6,1.2,1.2,5,3,2,2,1,2,0.2,0.4,15,3,6,1,9,6,0,1,6,4,3,0.8,0.6,6,3,1,2,2,0,0.5,0.17,3,2,0,0,2,3,-2,-2,1,20,-19,14,14,0,1520,1599,-79,50000000,59000000,1,2,0,1
2024,1234865,24,Fecha inválida,Palermo,Pisa,0,0,9,2,3,5,8,10,0,1,5,4,4,0.8,0.8,3,5,3,1,2,0,0.33,0.0,20,6,2,2,17,8,0,0,8,8,4,1.6,0.8,4,4,5,2,2,3,0.6,0.6,1,3,3,3,3,1,-11,-11,3,2,1,19,33,-14,1522,1501,21,52000000,51000000,0,0,0,1
2024,1234868,24,Fecha inválida,Sassuolo,Juve Stabia,0,0,27,9,0,1,22,8,7,0,15,13,1,2.6,0.2,4,6,7,4,1,2,1.0,0.8,14,3,5,2,9,10,0,0,6,4,6,0.8,1.2,4,5,5,2,2,3,0.4,0.2,0,2,0,0,2,0,13,15,9,4,5,20,20,0,1588,1563,25,58000000,53000000,2,2,0,1
2024,1234867,24,Fecha inválida,Sampdoria,Cosenza,0,0,6,0,6,4,7,16,0,0,3,4,8,0.8,1.6,2,5,3,1,2,2,0.0,0.0,8,1,5,4,10,13,0,0,6,7,7,1.4,1.4,1,7,4,0,4,2,0.0,0.2,2,1,1,1,1,2,-2,-6,19,18,1,33,20,13,1598,1537,61,58000000,57000000,0,0,0,1
2024,1234863,24,Fecha inválida,Cittadella,Spezia,0,0,15,4,3,3,12,15,0,0,5,5,7,1.0,1.4,3,5,6,2,2,2,0.33,0.5,18,5,3,2,14,5,3,0,12,12,2,2.4,0.4,7,1,3,4,0,3,0.6,0.4,2,4,7,7,4,2,-3,-12,11,16,-5,33,20,13,1510,1515,-5,50000000,55000000,0,2,0,1
2024,1234862,24,Fecha inválida,Catanzaro,Cesena,0,0,15,3,6,1,13,11,0,0,7,9,8,1.8,1.6,3,6,5,1,4,4,0.4,0.2,11,3,2,5,9,11,0,0,8,7,5,1.4,1.0,2,4,2,2,3,1,0.5,0.17,0,1,1,1,1,0,4,4,8,10,-2,20,34,-14,1587,1509,78,57000000,59000000,1,2,1,1
2024,1234864,24,Fecha inválida,Modena,Mantova,0,0,15,3,6,1,9,6,0,1,6,4,3,0.8,0.6,6,3,1,2,2,0,0.5,0.17,11,2,5,3,11,12,0,1,5,5,6,1.0,1.2,3,5,4,2,2,2,0.4,0.0,1,4,1,1,4,1,4,4,20,14,6,20,20,0,1599,1593,6,59000000,53000000,2,1,1,1
2024,1234866,24,Fecha inválida,Salernitana,Cremonese,0,0,6,1,3,6,8,16,0,0,5,6,9,1.2,1.8,1,5,4,0,3,2,0.2,0.0,13,3,4,3,9,8,0,2,6,6,6,1.2,1.2,5,3,2,2,1,2,0.2,0.4,3,6,3,3,6,3,-7,-9,15,1,14,21,21,0,1514,1520,-6,54000000,50000000,1,1,0,0
2024,1234869,24,Fecha inválida,Sudtirol,Reggiana,0,0,6,1,3,6,5,15,0,5,0,1,11,0.2,2.2,3,3,5,0,1,3,0.0,0.2,13,3,4,3,12,12,0,0,6,7,7,1.4,1.4,3,5,4,1,3,2,0.2,0.4,1,4,5,5,4,1,-7,-10,19,1,18,21,21,0,1578,1580,-2,58000000,50000000,0,1,0,0
2024,1234861,24,Fecha inválida,Carrarese,Brescia,0,0,16,4,4,2,7,7,0,0,5,2,6,0.4,1.2,7,2,1,3,1,1,0.8,0.0,10,1,7,2,10,11,0,0,6,5,5,1.0,1.0,4,6,3,2,3,1,0.0,0.2,0,2,0,0,2,0,6,1,2,19,-17,35,35,0,1581,1518,63,51000000,58000000,0,2,1,0
2024,1234860,24,Fecha inválida,Bari,Frosinone,0,0,15,4,3,3,11,9,0,0,11,9,5,1.8,1.0,4,3,2,2,3,2,0.6,0.2,13,3,4,3,10,10,0,0,8,5,4,1.0,0.8,4,5,3,2,2,1,0.4,0.2,4,2,4,4,2,4,2,2,9,13,-4,21,21,0,1508,1512,-4,58000000,52000000,1,2,0,0
2024,1234878,25,Fecha inválida,Sampdoria,Modena,0,0,6,0,6,4,7,16,0,0,3,4,8,0.8,1.6,2,5,3,1,2,2,0.0,0.0,15,3,6,1,9,6,0,1,6,4,3,0.8,0.6,6,3,1,2,2,0,0.5,0.17,2,2,0,0,2,2,-9,-12,19,20,-1,40,26,14,1598,1599,-1,58000000,59000000,0,2,0,1
2024,1234873,25,Fecha inválida,Frosinone,Catanzaro,0,0,13,3,4,3,10,10,0,0,8,5,4,1.0,0.8,4,5,3,2,2,1,0.4,0.2,15,3,6,1,13,11,0,0,7,9,8,1.8,1.6,3,6,5,1,4,4,0.4,0.2,0,2,0,0,2,0,-2,-2,13,8,5,26,26,0,1512,1587,-75,52000000,57000000,2,1,0,1
2024,1234879,25,Fecha inválida,Spezia,Palermo,0,0,18,5,3,2,14,5,3,0,12,12,2,2.4,0.4,7,1,3,4,0,3,0.6,0.4,9,2,3,5,8,10,0,1,5,4,4,0.8,0.8,3,5,3,1,2,0,0.33,0.0,2,5,2,2,5,2,9,11,16,3,13,26,26,0,1515,1522,-7,55000000,52000000,2,0,1,0
2024,1234870,25,Fecha inválida,Brescia,Salernitana,0,0,10,1,7,2,10,11,0,0,6,5,5,1.0,1.0,4,6,3,2,3,1,0.0,0.2,6,1,3,6,8,16,0,0,5,6,9,1.2,1.8,1,5,4,0,3,2,0.2,0.0,4,3,3,3,3,4,4,7,19,15,4,40,26,14,1518,1514,4,58000000,54000000,2,1,0,0
2024,1234872,25,Fecha inválida,Cremonese,Sudtirol,0,0,13,3,4,3,9,8,0,2,6,6,6,1.2,1.2,5,3,2,2,1,2,0.2,0.4,6,1,3,6,5,15,0,5,0,1,11,0.2,2.2,3,3,5,0,1,3,0.0,0.2,1,1,2,2,1,1,7,11,1,19,-18,26,26,0,1520,1578,-58,50000000,58000000,1,0,0,0
2024,1234876,25,Fecha inválida,Pisa,Cittadella,0,0,20,6,2,2,17,8,0,0,8,8,4,1.6,0.8,4,4,5,2,2,3,0.6,0.6,15,4,3,3,12,15,0,0,5,5,7,1.0,1.4,3,5,6,2,2,2,0.33,0.5,5,2,7,7,2,5,5,12,2,11,-9,40,40,0,1501,1510,-9,51000000,50000000,0,0,1,0
2024,1234874,25,Fecha inválida,Juve Stabia,Bari,0,0,14,3,5,2,9,10,0,0,6,4,6,0.8,1.2,4,5,5,2,2,3,0.4,0.2,15,4,3,3,11,9,0,0,11,9,5,1.8,1.0,4,3,2,2,3,2,0.6,0.2,2,2,3,3,2,2,-1,-3,4,9,-5,26,26,0,1563,1508,55,53000000,58000000,2,1,1,0
2024,1234877,25,Fecha inválida,Reggiana,Cesena,0,0,13,3,4,3,12,12,0,0,6,7,7,1.4,1.4,3,5,4,1,3,2,0.2,0.4,11,3,2,5,9,11,0,0,8,7,5,1.4,1.0,2,4,2,2,3,1,0.5,0.17,1,6,1,1,6,1,2,2,1,10,-9,26,40,-14,1580,1509,71,50000000,59000000,1,2,0,1
2024,1234875,25,Fecha inválida,Mantova,Sassuolo,0,0,11,2,5,3,11,12,0,1,5,5,6,1.0,1.2,3,5,4,2,2,2,0.4,0.0,27,9,0,1,22,8,7,0,15,13,1,2.6,0.2,4,6,7,4,1,2,1.0,0.8,0,1,1,1,1,0,-16,-15,14,9,5,26,26,0,1593,1588,5,53000000,58000000,1,2,1,0
2024,1234871,25,Fecha inválida,Cosenza,Carrarese,0,0,8,1,5,4,10,13,0,0,6,7,7,1.4,1.4,1,7,4,0,4,2,0.0,0.2,16,4,4,2,7,7,0,0,5,2,6,0.4,1.2,7,2,1,3,1,1,0.8,0.0,0,1,1,1,1,0,-8,-3,18,2,16,26,40,-14,1537,1581,-44,57000000,51000000,0,0,1,1
2024,1234888,26,Fecha inválida,Sassuolo,Brescia,0,0,27,9,0,1,22,8,7,0,15,13,1,2.6,0.2,4,6,7,4,1,2,1.0,0.8,10,1,7,2,10,11,0,0,6,5,5,1.0,1.0,4,6,3,2,3,1,0.0,0.2,3,1,0,0,1,3,17,15,9,19,-10,33,47,-14,1588,1518,70,58000000,58000000,2,2,0,0
2024,1234880,26,Fecha inválida,Bari,Cremonese,0,0,15,4,3,3,11,9,0,0,11,9,5,1.8,1.0,4,3,2,2,3,2,0.6,0.2,13,3,4,3,9,8,0,2,6,6,6,1.2,1.2,5,3,2,2,1,2,0.2,0.4,4,2,2,2,2,4,2,1,9,1,8,33,33,0,1508,1520,-12,58000000,50000000,1,1,0,0
2024,1234883,26,Fecha inválida,Cesena,Pisa,0,0,11,3,2,5,9,11,0,0,8,7,5,1.4,1.0,2,4,2,2,3,1,0.5,0.17,20,6,2,2,17,8,0,0,8,8,4,1.6,0.8,4,4,5,2,2,3,0.6,0.6,3,1,1,1,1,3,-9,-11,10,2,8,47,47,0,1509,1501,8,59000000,51000000,2,0,1,1
2024,1234884,26,Fecha inválida,Frosinone,Reggiana,0,0,13,3,4,3,10,10,0,0,8,5,4,1.0,0.8,4,5,3,2,2,1,0.4,0.2,13,3,4,3,12,12,0,0,6,7,7,1.4,1.4,3,5,4,1,3,2,0.2,0.4,1,2,1,1,2,1,0,0,13,1,12,33,33,0,1512,1580,-68,52000000,50000000,2,1,0,0
2024,1234887,26,Fecha inválida,Palermo,Mantova,0,0,9,2,3,5,8,10,0,1,5,4,4,0.8,0.8,3,5,3,1,2,0,0.33,0.0,11,2,5,3,11,12,0,1,5,5,6,1.0,1.2,3,5,4,2,2,2,0.4,0.0,0,2,0,0,2,0,-2,-1,3,14,-11,33,33,0,1522,1593,-71,52000000,53000000,0,1,0,1
2024,1234885,26,Fecha inválida,Juve Stabia,Cosenza,0,0,14,3,5,2,9,10,0,0,6,4,6,0.8,1.2,4,5,5,2,2,3,0.4,0.2,8,1,5,4,10,13,0,0,6,7,7,1.4,1.4,1,7,4,0,4,2,0.0,0.2,1,2,1,1,2,1,6,2,4,18,-14,33,33,0,1563,1537,26,53000000,57000000,2,0,1,1
2024,1234886,26,Fecha inválida,Modena,Spezia,0,0,15,3,6,1,9,6,0,1,6,4,3,0.8,0.6,6,3,1,2,2,0,0.5,0.17,18,5,3,2,14,5,3,0,12,12,2,2.4,0.4,7,1,3,4,0,3,0.6,0.4,0,3,2,2,3,0,-3,-6,20,16,4,33,33,0,1599,1515,84,59000000,55000000,2,2,1,1
2024,1234889,26,Fecha inválida,Sudtirol,Sampdoria,0,0,6,1,3,6,5,15,0,5,0,1,11,0.2,2.2,3,3,5,0,1,3,0.0,0.2,6,0,6,4,7,16,0,0,3,4,8,0.8,1.6,2,5,3,1,2,2,0.0,0.0,2,1,2,2,1,2,0,-1,19,19,0,33,47,-14,1578,1598,-20,58000000,58000000,0,0,0,0
2024,1234881,26,Fecha inválida,Carrarese,Salernitana,0,0,16,4,4,2,7,7,0,0,5,2,6,0.4,1.2,7,2,1,3,1,1,0.8,0.0,6,1,3,6,8,16,0,0,5,6,9,1.2,1.8,1,5,4,0,3,2,0.2,0.0,0,1,1,1,1,0,10,8,2,15,-13,47,33,14,1581,1514,67,51000000,54000000,0,1,1,0
2024,1234882,26,Fecha inválida,Catanzaro,Cittadella,0,0,15,3,6,1,13,11,0,0,7,9,8,1.8,1.6,3,6,5,1,4,4,0.4,0.2,15,4,3,3,12,15,0,0,5,5,7,1.0,1.4,3,5,6,2,2,2,0.33,0.5,1,3,0,0,3,1,0,5,8,11,-3,33,47,-14,1587,1510,77,57000000,50000000,1,0,1,0
2024,1234898,27,Fecha inválida,Sampdoria,Sassuolo,0,0,6,0,6,4,7,16,0,0,3,4,8,0.8,1.6,2,5,3,1,2,2,0.0,0.0,27,9,0,1,22,8,7,0,15,13,1,2.6,0.2,4,6,7,4,1,2,1.0,0.8,5,8,9,9,8,5,-21,-23,19,9,10,54,40,14,1598,1588,10,58000000,58000000,0,2,0,0
2024,1234891,27,Fecha inválida,Cittadella,Modena,0,0,15,4,3,3,12,15,0,0,5,5,7,1.0,1.4,3,5,6,2,2,2,0.33,0.5,15,3,6,1,9,6,0,1,6,4,3,0.8,0.6,6,3,1,2,2,0,0.5,0.17,1,5,0,0,5,1,0,-6,11,20,-9,54,40,14,1510,1599,-89,50000000,59000000,0,2,0,1
2024,1234897,27,Fecha inválida,Salernitana,Frosinone,0,0,6,1,3,6,8,16,0,0,5,6,9,1.2,1.8,1,5,4,0,3,2,0.2,0.0,13,3,4,3,10,10,0,0,8,5,4,1.0,0.8,4,5,3,2,2,1,0.4,0.2,2,7,4,4,7,2,-7,-8,15,13,2,40,40,0,1514,1512,2,54000000,52000000,1,2,0,0
2024,1234899,27,Fecha inválida,Spezia,Catanzaro,0,0,18,5,3,2,14,5,3,0,12,12,2,2.4,0.4,7,1,3,4,0,3,0.6,0.4,15,3,6,1,13,11,0,0,7,9,8,1.8,1.6,3,6,5,1,4,4,0.4,0.2,1,2,1,1,2,1,3,7,16,8,8,40,40,0,1515,1587,-72,55000000,57000000,2,1,1,1
2024,1234890,27,Fecha inválida,Brescia,Sudtirol,0,0,10,1,7,2,10,11,0,0,6,5,5,1.0,1.0,4,6,3,2,3,1,0.0,0.2,6,1,3,6,5,15,0,5,0,1,11,0.2,2.2,3,3,5,0,1,3,0.0,0.2,2,3,1,1,3,2,4,9,19,19,0,54,40,14,1518,1578,-60,58000000,58000000,2,0,0,0
2024,1234893,27,Fecha inválida,Cremonese,Cesena,0,0,13,3,4,3,9,8,0,2,6,6,6,1.2,1.2,5,3,2,2,1,2,0.2,0.4,11,3,2,5,9,11,0,0,8,7,5,1.4,1.0,2,4,2,2,3,1,0.5,0.17,2,1,1,1,1,2,2,3,1,10,-9,40,54,-14,1520,1509,11,50000000,59000000,1,2,0,1
2024,1234895,27,Fecha inválida,Pisa,Juve Stabia,0,0,20,6,2,2,17,8,0,0,8,8,4,1.6,0.8,4,4,5,2,2,3,0.6,0.6,14,3,5,2,9,10,0,0,6,4,6,0.8,1.2,4,5,5,2,2,3,0.4,0.2,2,2,1,1,2,2,6,10,2,4,-2,54,40,14,1501,1563,-62,51000000,53000000,0,2,1,1
2024,1234896,27,Fecha inválida,Reggiana,Carrarese,0,0,13,3,4,3,12,12,0,0,6,7,7,1.4,1.4,3,5,4,1,3,2,0.2,0.4,16,4,4,2,7,7,0,0,5,2,6,0.4,1.2,7,2,1,3,1,1,0.8,0.0,1,5,0,0,5,1,-3,0,1,2,-1,40,54,-14,1580,1581,-1,50000000,51000000,1,0,0,1
2024,1234894,27,Fecha inválida,Mantova,Bari,0,0,11,2,5,3,11,12,0,1,5,5,6,1.0,1.2,3,5,4,2,2,2,0.4,0.0,15,4,3,3,11,9,0,0,11,9,5,1.8,1.0,4,3,2,2,3,2,0.6,0.2,0,1,1,1,1,0,-4,-3,14,9,5,40,40,0,1593,1508,85,53000000,58000000,1,1,1,0
2024,1234892,27,Fecha inválida,Cosenza,Palermo,0,0,8,1,5,4,10,13,0,0,6,7,7,1.4,1.4,1,7,4,0,4,2,0.0,0.2,9,2,3,5,8,10,0,1,5,4,4,0.8,0.8,3,5,3,1,2,0,0.33,0.0,2,4,0,0,4,2,-1,-1,18,3,15,40,40,0,1537,1522,15,57000000,52000000,0,0,1,0
2024,1234908,28,Fecha inválida,Sassuolo,Pisa,0,0,27,9,0,1,22,8,7,0,15,13,1,2.6,0.2,4,6,7,4,1,2,1.0,0.8,20,6,2,2,17,8,0,0,8,8,4,1.6,0.8,4,4,5,2,2,3,0.6,0.6,0,1,1,1,1,0,7,5,9,2,7,47,61,-14,1588,1501,87,58000000,51000000,2,0,0,1
2024,1234900,28,Fecha inválida,Bari,Sampdoria,0,0,15,4,3,3,11,9,0,0,11,9,5,1.8,1.0,4,3,2,2,3,2,0.6,0.2,6,0,6,4,7,16,0,0,3,4,8,0.8,1.6,2,5,3,1,2,2,0.0,0.0,0,3,3,3,3,0,9,11,9,19,-10,47,61,-14,1508,1598,-90,58000000,58000000,1,0,0,0
2024,1234903,28,Fecha inválida,Cesena,Salernitana,0,0,11,3,2,5,9,11,0,0,8,7,5,1.4,1.0,2,4,2,2,3,1,0.5,0.17,6,1,3,6,8,16,0,0,5,6,9,1.2,1.8,1,5,4,0,3,2,0.2,0.0,0,6,0,0,6,0,5,6,10,15,-5,61,47,14,1509,1514,-5,59000000,54000000,2,1,1,0
2024,1234904,28,Fecha inválida,Frosinone,Mantova,0,0,13,3,4,3,10,10,0,0,8,5,4,1.0,0.8,4,5,3,2,2,1,0.4,0.2,11,2,5,3,11,12,0,1,5,5,6,1.0,1.2,3,5,4,2,2,2,0.4,0.0,0,1,1,1,1,0,2,1,13,14,-1,47,47,0,1512,1593,-81,52000000,53000000,2,1,0,1
2024,1234907,28,Fecha inválida,Palermo,Brescia,0,0,9,2,3,5,8,10,0,1,5,4,4,0.8,0.8,3,5,3,1,2,0,0.33,0.0,10,1,7,2,10,11,0,0,6,5,5,1.0,1.0,4,6,3,2,3,1,0.0,0.2,3,5,4,4,5,3,-1,-1,3,19,-16,47,61,-14,1522,1518,4,52000000,58000000,0,2,0,0
2024,1234905,28,Fecha inválida,Juve Stabia,Cittadella,0,0,14,3,5,2,9,10,0,0,6,4,6,0.8,1.2,4,5,5,2,2,3,0.4,0.2,15,4,3,3,12,15,0,0,5,5,7,1.0,1.4,3,5,6,2,2,2,0.33,0.5,0,2,2,2,2,0,-1,2,4,11,-7,47,61,-14,1563,1510,53,53000000,50000000,2,0,1,0
2024,1234906,28,Fecha inválida,Modena,Cosenza,0,0,15,3,6,1,9,6,0,1,6,4,3,0.8,0.6,6,3,1,2,2,0,0.5,0.17,8,1,5,4,10,13,0,0,6,7,7,1.4,1.4,1,7,4,0,4,2,0.0,0.2,2,3,1,1,3,2,7,6,20,18,2,47,47,0,1599,1537,62,59000000,57000000,2,0,1,1
2024,1234909,28,Fecha inválida,Sudtirol,Spezia,0,0,6,1,3,6,5,15,0,5,0,1,11,0.2,2.2,3,3,5,0,1,3,0.0,0.2,18,5,3,2,14,5,3,0,12,12,2,2.4,0.4,7,1,3,4,0,3,0.6,0.4,0,2,2,2,2,0,-12,-19,19,16,3,47,47,0,1578,1515,63,58000000,55000000,0,2,0,1
2024,1234901,28,Fecha inválida,Carrarese,Cremonese,0,0,16,4,4,2,7,7,0,0,5,2,6,0.4,1.2,7,2,1,3,1,1,0.8,0.0,13,3,4,3,9,8,0,2,6,6,6,1.2,1.2,5,3,2,2,1,2,0.2,0.4,0,2,2,2,2,0,3,-1,2,1,1,61,47,14,1581,1520,61,51000000,50000000,0,1,1,0
2024,1234902,28,Fecha inválida,Catanzaro,Reggiana,0,0,15,3,6,1,13,11,0,0,7,9,8,1.8,1.6,3,6,5,1,4,4,0.4,0.2,13,3,4,3,12,12,0,0,6,7,7,1.4,1.4,3,5,4,1,3,2,0.2,0.4,2,4,7,7,4,2,2,2,8,1,7,47,47,0,1587,1580,7,57000000,50000000,1,1,1,0
2024,1234918,29,Fecha inválida,Sassuolo,Bari,0,0,27,9,0,1,22,8,7,0,15,13,1,2.6,0.2,4,6,7,4,1,2,1.0,0.8,15,4,3,3,11,9,0,0,11,9,5,1.8,1.0,4,3,2,2,3,2,0.6,0.2,1,2,0,0,2,1,12,12,9,9,0,54,54,0,1588,1508,80,58000000,58000000,2,1,0,0
2024,1234917,29,Fecha inválida,Sampdoria,Palermo,0,0,6,0,6,4,7,16,0,0,3,4,8,0.8,1.6,2,5,3,1,2,2,0.0,0.0,9,2,3,5,8,10,0,1,5,4,4,0.8,0.8,3,5,3,1,2,0,0.33,0.0,2,7,6,6,7,2,-3,-7,19,3,16,68,54,14,1598,1522,76,58000000,52000000,0,0,0,0
2024,1234912,29,Fecha inválida,Cittadella,Sudtirol,0,0,15,4,3,3,12,15,0,0,5,5,7,1.0,1.4,3,5,6,2,2,2,0.33,0.5,6,1,3,6,5,15,0,5,0,1,11,0.2,2.2,3,3,5,0,1,3,0.0,0.2,2,3,1,1,3,2,9,7,11,19,-8,68,54,14,1510,1578,-68,50000000,58000000,0,0,0,0
2024,1234916,29,Fecha inválida,Salernitana,Modena,0,0,6,1,3,6,8,16,0,0,5,6,9,1.2,1.8,1,5,4,0,3,2,0.2,0.0,15,3,6,1,9,6,0,1,6,4,3,0.8,0.6,6,3,1,2,2,0,0.5,0.17,0,2,0,0,2,0,-9,-11,15,20,-5,54,54,0,1514,1599,-85,54000000,59000000,1,2,0,1
2024,1234919,29,Fecha inválida,Spezia,Pisa,0,0,18,5,3,2,14,5,3,0,12,12,2,2.4,0.4,7,1,3,4,0,3,0.6,0.4,20,6,2,2,17,8,0,0,8,8,4,1.6,0.8,4,4,5,2,2,3,0.6,0.6,1,5,2,2,5,1,-2,0,16,2,14,54,68,-14,1515,1501,14,55000000,51000000,2,0,1,1
2024,1234910,29,Fecha inválida,Brescia,Cesena,0,0,10,1,7,2,10,11,0,0,6,5,5,1.0,1.0,4,6,3,2,3,1,0.0,0.2,11,3,2,5,9,11,0,0,8,7,5,1.4,1.0,2,4,2,2,3,1,0.5,0.17,1,3,4,4,3,1,-1,1,19,10,9,68,68,0,1518,1509,9,58000000,59000000,2,2,0,1
2024,1234914,29,Fecha inválida,Cremonese,Catanzaro,0,0,13,3,4,3,9,8,0,2,6,6,6,1.2,1.2,5,3,2,2,1,2,0.2,0.4,15,3,6,1,13,11,0,0,7,9,8,1.8,1.6,3,6,5,1,4,4,0.4,0.2,2,4,0,0,4,2,-2,-1,1,8,-7,54,54,0,1520,1587,-67,50000000,57000000,1,1,0,1
2024,1234911,29,Fecha inválida,Carrarese,Frosinone,0,0,16,4,4,2,7,7,0,0,5,2,6,0.4,1.2,7,2,1,3,1,1,0.8,0.0,13,3,4,3,10,10,0,0,8,5,4,1.0,0.8,4,5,3,2,2,1,0.4,0.2,1,1,1,1,1,1,3,0,2,13,-11,68,54,14,1581,1512,69,51000000,52000000,0,2,1,0
2024,1234915,29,Fecha inválida,Mantova,Juve Stabia,0,0,11,2,5,3,11,12,0,1,5,5,6,1.0,1.2,3,5,4,2,2,2,0.4,0.0,14,3,5,2,9,10,0,0,6,4,6,0.8,1.2,4,5,5,2,2,3,0.4,0.2,1,1,1,1,1,1,-3,0,14,4,10,54,54,0,1593,1563,30,53000000,53000000,1,2,1,1
2024,1234913,29,Fecha inválida,Cosenza,Reggiana,0,0,8,1,5,4,10,13,0,0,6,7,7,1.4,1.4,1,7,4,0,4,2,0.0,0.2,13,3,4,3,12,12,0,0,6,7,7,1.4,1.4,3,5,4,1,3,2,0.2,0.4,3,2,1,1,2,3,-5,-3,18,1,17,54,54,0,1537,1580,-43,57000000,50000000,0,1,1,0
2024,1234920,30,Fecha inválida,Bari,Salernitana,0,0,15,4,3,3,11,9,0,0,11,9,5,1.8,1.0,4,3,2,2,3,2,0.6,0.2,6,1,3,6,8,16,0,0,5,6,9,1.2,1.8,1,5,4,0,3,2,0.2,0.0,2,5,0,0,5,2,9,10,9,15,-6,61,61,0,1508,1514,-6,58000000,54000000,1,1,0,0
2024,1234922,30,Fecha inválida,Cesena,Spezia,0,0,11,3,2,5,9,11,0,0,8,7,5,1.4,1.0,2,4,2,2,3,1,0.5,0.17,18,5,3,2,14,5,3,0,12,12,2,2.4,0.4,7,1,3,4,0,3,0.6,0.4,3,1,2,2,1,3,-7,-11,10,16,-6,75,61,14,1509,1515,-6,59000000,55000000,2,2,1,1
2024,1234923,30,Fecha inválida,Cittadella,Sassuolo,0,0,15,4,3,3,12,15,0,0,5,5,7,1.0,1.4,3,5,6,2,2,2,0.33,0.5,27,9,0,1,22,8,7,0,15,13,1,2.6,0.2,4,6,7,4,1,2,1.0,0.8,0,1,2,2,1,0,-12,-17,11,9,2,75,61,14,1510,1588,-78,50000000,58000000,0,2,0,0
2024,1234924,30,Fecha inválida,Frosinone,Brescia,0,0,13,3,4,3,10,10,0,0,8,5,4,1.0,0.8,4,5,3,2,2,1,0.4,0.2,10,1,7,2,10,11,0,0,6,5,5,1.0,1.0,4,6,3,2,3,1,0.0,0.2,6,3,3,3,3,6,3,1,13,19,-6,61,75,-14,1512,1518,-6,52000000,58000000,2,2,0,0
2024,1234926,30,Fecha inválida,Palermo,Cremonese,0,0,9,2,3,5,8,10,0,1,5,4,4,0.8,0.8,3,5,3,1,2,0,0.33,0.0,13,3,4,3,9,8,0,2,6,6,6,1.2,1.2,5,3,2,2,1,2,0.2,0.4,3,4,1,1,4,3,-4,-3,3,1,2,61,61,0,1522,1520,2,52000000,50000000,0,1,0,0
2024,1234927,30,Fecha inválida,Pisa,Mantova,0,0,20,6,2,2,17,8,0,0,8,8,4,1.6,0.8,4,4,5,2,2,3,0.6,0.6,11,2,5,3,11,12,0,1,5,5,6,1.0,1.2,3,5,4,2,2,2,0.4,0.0,1,1,0,0,1,1,9,10,2,14,-12,75,61,14,1501,1593,-92,51000000,53000000,0,1,1,1
2024,1234925,30,Fecha inválida,Juve Stabia,Modena,0,0,14,3,5,2,9,10,0,0,6,4,6,0.8,1.2,4,5,5,2,2,3,0.4,0.2,15,3,6,1,9,6,0,1,6,4,3,0.8,0.6,6,3,1,2,2,0,0.5,0.17,0,1,1,1,1,0,-1,-4,4,20,-16,61,61,0,1563,1599,-36,53000000,59000000,2,2,1,1
2024,1234928,30,Fecha inválida,Reggiana,Sampdoria,0,0,13,3,4,3,12,12,0,0,6,7,7,1.4,1.4,3,5,4,1,3,2,0.2,0.4,6,0,6,4,7,16,0,0,3,4,8,0.8,1.6,2,5,3,1,2,2,0.0,0.0,1,1,2,2,1,1,7,9,1,19,-18,61,75,-14,1580,1598,-18,50000000,58000000,1,0,0,0
2024,1234929,30,Fecha inválida,Sudtirol,Carrarese,0,0,6,1,3,6,5,15,0,5,0,1,11,0.2,2.2,3,3,5,0,1,3,0.0,0.2,16,4,4,2,7,7,0,0,5,2,6,0.4,1.2,7,2,1,3,1,1,0.8,0.0,0,1,1,1,1,0,-10,-10,19,2,17,61,75,-14,1578,1581,-3,58000000,51000000,0,0,0,1
2024,1234921,30,Fecha inválida,Catanzaro,Cosenza,0,0,15,3,6,1,13,11,0,0,7,9,8,1.8,1.6,3,6,5,1,4,4,0.4,0.2,8,1,5,4,10,13,0,0,6,7,7,1.4,1.4,1,7,4,0,4,2,0.0,0.2,2,2,0,0,2,2,7,5,8,18,-10,61,61,0,1587,1537,50,57000000,57000000,1,0,1,1
2024,1234938,31,Fecha inválida,Sassuolo,Reggiana,0,0,27,9,0,1,22,8,7,0,15,13,1,2.6,0.2,4,6,7,4,1,2,1.0,0.8,13,3,4,3,12,12,0,0,6,7,7,1.4,1.4,3,5,4,1,3,2,0.2,0.4,1,1,0,0,1,1,14,14,9,1,8,75,75,0,1588,1580,8,58000000,50000000,2,1,0,0
2024,1234937,31,Fecha inválida,Sampdoria,Frosinone,0,0,6,0,6,4,7,16,0,0,3,4,8,0.8,1.6,2,5,3,1,2,2,0.0,0.0,13,3,4,3,10,10,0,0,8,5,4,1.0,0.8,4,5,3,2,2,1,0.4,0.2,2,2,2,2,2,2,-7,-9,19,13,6,89,75,14,1598,1512,86,58000000,52000000,0,2,0,0
2024,1234931,31,Fecha inválida,Cesena,Juve Stabia,0,0,11,3,2,5,9,11,0,0,8,7,5,1.4,1.0,2,4,2,2,3,1,0.5,0.17,14,3,5,2,9,10,0,0,6,4,6,0.8,1.2,4,5,5,2,2,3,0.4,0.2,0,2,1,1,2,0,-3,-1,10,4,6,89,75,14,1509,1563,-54,59000000,53000000,2,2,1,1
2024,1234936,31,Fecha inválida,Salernitana,Palermo,0,0,6,1,3,6,8,16,0,0,5,6,9,1.2,1.8,1,5,4,0,3,2,0.2,0.0,9,2,3,5,8,10,0,1,5,4,4,0.8,0.8,3,5,3,1,2,0,0.33,0.0,4,2,2,2,2,4,-3,-6,15,3,12,75,75,0,1514,1522,-8,54000000,52000000,1,0,0,0
2024,1234939,31,Fecha inválida,Spezia,Brescia,0,0,18,5,3,2,14,5,3,0,12,12,2,2.4,0.4,7,1,3,4,0,3,0.6,0.4,10,1,7,2,10,11,0,0,6,5,5,1.0,1.0,4,6,3,2,3,1,0.0,0.2,3,7,1,1,7,3,8,10,16,19,-3,75,89,-14,1515,1518,-3,55000000,58000000,2,2,1,0
2024,1234933,31,Fecha inválida,Cremonese,Cittadella,0,0,13,3,4,3,9,8,0,2,6,6,6,1.2,1.2,5,3,2,2,1,2,0.2,0.4,15,4,3,3,12,15,0,0,5,5,7,1.0,1.4,3,5,6,2,2,2,0.33,0.5,8,6,2,2,6,8,-2,4,1,11,-10,75,89,-14,1520,1510,10,50000000,50000000,1,0,0,0
2024,1234935,31,Fecha inválida,Modena,Catanzaro,0,0,15,3,6,1,9,6,0,1,6,4,3,0.8,0.6,6,3,1,2,2,0,0.5,0.17,15,3,6,1,13,11,0,0,7,9,8,1.8,1.6,3,6,5,1,4,4,0.4,0.2,2,2,1,1,2,2,0,1,20,8,12,75,75,0,1599,1587,12,59000000,57000000,2,1,1,1
2024,1234930,31,Fecha inválida,Carrarese,Bari,0,0,16,4,4,2,7,7,0,0,5,2,6,0.4,1.2,7,2,1,3,1,1,0.8,0.0,15,4,3,3,11,9,0,0,11,9,5,1.8,1.0,4,3,2,2,3,2,0.6,0.2,0,2,1,1,2,0,1,-2,2,9,-7,89,75,14,1581,1508,73,51000000,58000000,0,1,1,0
2024,1234934,31,Fecha inválida,Mantova,Sudtirol,0,0,11,2,5,3,11,12,0,1,5,5,6,1.0,1.2,3,5,4,2,2,2,0.4,0.0,6,1,3,6,5,15,0,5,0,1,11,0.2,2.2,3,3,5,0,1,3,0.0,0.2,1,4,4,4,4,1,5,9,14,19,-5,75,75,0,1593,1578,15,53000000,58000000,1,0,1,0
2024,1234932,31,Fecha inválida,Cosenza,Pisa,0,0,8,1,5,4,10,13,0,0,6,7,7,1.4,1.4,1,7,4,0,4,2,0.0,0.2,20,6,2,2,17,8,0,0,8,8,4,1.6,0.8,4,4,5,2,2,3,0.6,0.6,4,5,3,3,5,4,-12,-12,18,2,16,75,89,-14,1537,1501,36,57000000,51000000,0,0,1,1
2024,1234942,32,Fecha inválida,Cittadella,Carrarese,0,0,15,4,3,3,12,15,0,0,5,5,7,1.0,1.4,3,5,6,2,2,2,0.33,0.5,16,4,4,2,7,7,0,0,5,2,6,0.4,1.2,7,2,1,3,1,1,0.8,0.0,0,1,1,1,1,0,-1,-3,11,2,9,96,96,0,1510,1581,-71,50000000,51000000,0,0,0,1
2024,1234943,32,Fecha inválida,Frosinone,Cosenza,0,0,13,3,4,3,10,10,0,0,8,5,4,1.0,0.8,4,5,3,2,2,1,0.4,0.2,8,1,5,4,10,13,0,0,6,7,7,1.4,1.4,1,7,4,0,4,2,0.0,0.2,5,4,2,2,4,5,5,3,13,18,-5,82,82,0,1512,1537,-25,52000000,57000000,2,0,0,1
2024,1234948,32,Fecha inválida,Spezia,Sampdoria,0,0,18,5,3,2,14,5,3,0,12,12,2,2.4,0.4,7,1,3,4,0,3,0.6,0.4,6,0,6,4,7,16,0,0,3,4,8,0.8,1.6,2,5,3,1,2,2,0.0,0.0,3,6,2,2,6,3,12,18,16,19,-3,82,96,-14,1515,1598,-83,55000000,58000000,2,0,1,0
2024,1234940,32,Fecha inválida,Brescia,Mantova,0,0,10,1,7,2,10,11,0,0,6,5,5,1.0,1.0,4,6,3,2,3,1,0.0,0.2,11,2,5,3,11,12,0,1,5,5,6,1.0,1.2,3,5,4,2,2,2,0.4,0.0,2,2,1,1,2,2,-1,0,19,14,5,96,82,14,1518,1593,-75,58000000,53000000,2,1,0,1
2024,1234945,32,Fecha inválida,Palermo,Sassuolo,0,0,9,2,3,5,8,10,0,1,5,4,4,0.8,0.8,3,5,3,1,2,0,0.33,0.0,27,9,0,1,22,8,7,0,15,13,1,2.6,0.2,4,6,7,4,1,2,1.0,0.8,1,3,4,4,3,1,-18,-16,3,9,-6,82,82,0,1522,1588,-66,52000000,58000000,0,2,0,0
2024,1234946,32,Fecha inválida,Pisa,Modena,0,0,20,6,2,2,17,8,0,0,8,8,4,1.6,0.8,4,4,5,2,2,3,0.6,0.6,15,3,6,1,9,6,0,1,6,4,3,0.8,0.6,6,3,1,2,2,0,0.5,0.17,1,3,3,3,3,1,5,6,2,20,-18,96,82,14,1501,1599,-98,51000000,59000000,0,2,1,1
2024,1234944,32,Fecha inválida,Juve Stabia,Salernitana,0,0,14,3,5,2,9,10,0,0,6,4,6,0.8,1.2,4,5,5,2,2,3,0.4,0.2,6,1,3,6,8,16,0,0,5,6,9,1.2,1.8,1,5,4,0,3,2,0.2,0.0,2,1,1,1,1,2,8,7,4,15,-11,82,82,0,1563,1514,49,53000000,54000000,2,1,1,0
2024,1234947,32,Fecha inválida,Reggiana,Cremonese,0,0,13,3,4,3,12,12,0,0,6,7,7,1.4,1.4,3,5,4,1,3,2,0.2,0.4,13,3,4,3,9,8,0,2,6,6,6,1.2,1.2,5,3,2,2,1,2,0.2,0.4,1,4,1,1,4,1,0,-1,1,1,0,82,82,0,1580,1520,60,50000000,50000000,1,1,0,0
2024,1234949,32,Fecha inválida,Sudtirol,Cesena,0,0,6,1,3,6,5,15,0,5,0,1,11,0.2,2.2,3,3,5,0,1,3,0.0,0.2,11,3,2,5,9,11,0,0,8,7,5,1.4,1.0,2,4,2,2,3,1,0.5,0.17,1,4,1,1,4,1,-5,-8,19,10,9,82,96,-14,1578,1509,69,58000000,59000000,0,2,0,1
2024,1234941,32,Fecha inválida,Catanzaro,Bari,0,0,15,3,6,1,13,11,0,0,7,9,8,1.8,1.6,3,6,5,1,4,4,0.4,0.2,15,4,3,3,11,9,0,0,11,9,5,1.8,1.0,4,3,2,2,3,2,0.6,0.2,2,4,4,4,4,2,0,0,8,9,-1,82,82,0,1587,1508,79,57000000,58000000,1,1,1,0
2024,1234959,33,Fecha inválida,Sampdoria,Cittadella,0,0,6,0,6,4,7,16,0,0,3,4,8,0.8,1.6,2,5,3,1,2,2,0.0,0.0,15,4,3,3,12,15,0,0,5,5,7,1.0,1.4,3,5,6,2,2,2,0.33,0.5,1,2,1,1,2,1,-9,-6,19,11,8,103,103,0,1598,1510,88,58000000,50000000,0,0,0,0
2024,1234950,33,Fecha inválida,Bari,Palermo,0,0,15,4,3,3,11,9,0,0,11,9,5,1.8,1.0,4,3,2,2,3,2,0.6,0.2,9,2,3,5,8,10,0,1,5,4,4,0.8,0.8,3,5,3,1,2,0,0.33,0.0,0,8,7,7,8,0,6,4,9,3,6,89,89,0,1508,1522,-14,58000000,52000000,1,0,0,0
2024,1234952,33,Fecha inválida,Cesena,Frosinone,0,0,11,3,2,5,9,11,0,0,8,7,5,1.4,1.0,2,4,2,2,3,1,0.5,0.17,13,3,4,3,10,10,0,0,8,5,4,1.0,0.8,4,5,3,2,2,1,0.4,0.2,1,3,2,2,3,1,-2,-2,10,13,-3,103,89,14,1509,1512,-3,59000000,52000000,2,2,1,0
2024,1234958,33,Fecha inválida,Salernitana,Sudtirol,0,0,6,1,3,6,8,16,0,0,5,6,9,1.2,1.8,1,5,4,0,3,2,0.2,0.0,6,1,3,6,5,15,0,5,0,1,11,0.2,2.2,3,3,5,0,1,3,0.0,0.2,1,1,1,1,1,1,0,2,15,19,-4,89,89,0,1514,1578,-64,54000000,58000000,1,0,0,0
2024,1234954,33,Fecha inválida,Cremonese,Juve Stabia,0,0,13,3,4,3,9,8,0,2,6,6,6,1.2,1.2,5,3,2,2,1,2,0.2,0.4,14,3,5,2,9,10,0,0,6,4,6,0.8,1.2,4,5,5,2,2,3,0.4,0.2,2,2,0,0,2,2,-1,2,1,4,-3,89,89,0,1520,1563,-43,50000000,53000000,1,2,0,1
2024,1234957,33,Fecha inválida,Reggiana,Pisa,0,0,13,3,4,3,12,12,0,0,6,7,7,1.4,1.4,3,5,4,1,3,2,0.2,0.4,20,6,2,2,17,8,0,0,8,8,4,1.6,0.8,4,4,5,2,2,3,0.6,0.6,0,4,2,2,4,0,-7,-9,1,2,-1,89,103,-14,1580,1501,79,50000000,51000000,1,0,0,1
2024,1234956,33,Fecha inválida,Modena,Sassuolo,0,0,15,3,6,1,9,6,0,1,6,4,3,0.8,0.6,6,3,1,2,2,0,0.5,0.17,27,9,0,1,22,8,7,0,15,13,1,2.6,0.2,4,6,7,4,1,2,1.0,0.8,1,1,1,1,1,1,-12,-11,20,9,11,89,89,0,1599,1588,11,59000000,58000000,2,2,1,0
2024,1234951,33,Fecha inválida,Carrarese,Catanzaro,0,0,16,4,4,2,7,7,0,0,5,2,6,0.4,1.2,7,2,1,3,1,1,0.8,0.0,15,3,6,1,13,11,0,0,7,9,8,1.8,1.6,3,6,5,1,4,4,0.4,0.2,0,1,1,1,1,0,1,-2,2,8,-6,103,89,14,1581,1587,-6,51000000,57000000,0,1,1,1
2024,1234955,33,Fecha inválida,Mantova,Spezia,0,0,11,2,5,3,11,12,0,1,5,5,6,1.0,1.2,3,5,4,2,2,2,0.4,0.0,18,5,3,2,14,5,3,0,12,12,2,2.4,0.4,7,1,3,4,0,3,0.6,0.4,0,2,0,0,2,0,-7,-10,14,16,-2,89,89,0,1593,1515,78,53000000,55000000,1,2,1,1
2024,1234953,33,Fecha inválida,Cosenza,Brescia,0,0,8,1,5,4,10,13,0,0,6,7,7,1.4,1.4,1,7,4,0,4,2,0.0,0.2,10,1,7,2,10,11,0,0,6,5,5,1.0,1.0,4,6,3,2,3,1,0.0,0.2,2,4,6,6,4,2,-2,-2,18,19,-1,89,103,-14,1537,1518,19,57000000,58000000,0,2,1,0
2024,1234967,34,Fecha inválida,Sassuolo,Frosinone,0,0,27,9,0,1,22,8,7,0,15,13,1,2.6,0.2,4,6,7,4,1,2,1.0,0.8,13,3,4,3,10,10,0,0,8,5,4,1.0,0.8,4,5,3,2,2,1,0.4,0.2,4,3,1,1,3,4,14,14,9,13,-4,98,98,0,1588,1512,76,58000000,52000000,2,2,0,0
2024,1234961,34,Fecha inválida,Cittadella,Salernitana,0,0,15,4,3,3,12,15,0,0,5,5,7,1.0,1.4,3,5,6,2,2,2,0.33,0.5,6,1,3,6,8,16,0,0,5,6,9,1.2,1.8,1,5,4,0,3,2,0.2,0.0,5,3,4,4,3,5,9,5,11,15,-4,112,98,14,1510,1514,-4,50000000,54000000,0,1,0,0
2024,1234968,34,Fecha inválida,Spezia,Cosenza,0,0,18,5,3,2,14,5,3,0,12,12,2,2.4,0.4,7,1,3,4,0,3,0.6,0.4,8,1,5,4,10,13,0,0,6,7,7,1.4,1.4,1,7,4,0,4,2,0.0,0.2,1,5,0,0,5,1,10,12,16,18,-2,98,98,0,1515,1537,-22,55000000,57000000,2,0,1,1
2024,1234960,34,Fecha inválida,Brescia,Reggiana,0,0,10,1,7,2,10,11,0,0,6,5,5,1.0,1.0,4,6,3,2,3,1,0.0,0.2,13,3,4,3,12,12,0,0,6,7,7,1.4,1.4,3,5,4,1,3,2,0.2,0.4,1,5,1,1,5,1,-3,-1,19,1,18,112,98,14,1518,1580,-62,58000000,50000000,2,1,0,0
2024,1234965,34,Fecha inválida,Palermo,Carrarese,0,0,9,2,3,5,8,10,0,1,5,4,4,0.8,0.8,3,5,3,1,2,0,0.33,0.0,16,4,4,2,7,7,0,0,5,2,6,0.4,1.2,7,2,1,3,1,1,0.8,0.0,0,1,1,1,1,0,-7,-2,3,2,1,98,112,-14,1522,1581,-59,52000000,51000000,0,0,0,1
2024,1234966,34,Fecha inválida,Pisa,Cremonese,0,0,20,6,2,2,17,8,0,0,8,8,4,1.6,0.8,4,4,5,2,2,3,0.6,0.6,13,3,4,3,9,8,0,2,6,6,6,1.2,1.2,5,3,2,2,1,2,0.2,0.4,5,5,2,2,5,5,7,8,2,1,1,112,98,14,1501,1520,-19,51000000,50000000,0,1,1,0
2024,1234962,34,Fecha inválida,Juve Stabia,Sampdoria,0,0,14,3,5,2,9,10,0,0,6,4,6,0.8,1.2,4,5,5,2,2,3,0.4,0.2,6,0,6,4,7,16,0,0,3,4,8,0.8,1.6,2,5,3,1,2,2,0.0,0.0,1,1,0,0,1,1,8,8,4,19,-15,98,112,-14,1563,1598,-35,53000000,58000000,2,0,1,0
2024,1234964,34,Fecha inválida,Modena,Cesena,0,0,15,3,6,1,9,6,0,1,6,4,3,0.8,0.6,6,3,1,2,2,0,0.5,0.17,11,3,2,5,9,11,0,0,8,7,5,1.4,1.0,2,4,2,2,3,1,0.5,0.17,3,4,1,1,4,3,4,5,20,10,10,98,112,-14,1599,1509,90,59000000,59000000,2,2,1,1
2024,1234969,34,Fecha inválida,Sudtirol,Bari,0,0,6,1,3,6,5,15,0,5,0,1,11,0.2,2.2,3,3,5,0,1,3,0.0,0.2,15,4,3,3,11,9,0,0,11,9,5,1.8,1.0,4,3,2,2,3,2,0.6,0.2,4,2,3,3,2,4,-9,-12,19,9,10,98,98,0,1578,1508,70,58000000,58000000,0,1,0,0
2024,1234963,34,Fecha inválida,Mantova,Catanzaro,0,0,11,2,5,3,11,12,0,1,5,5,6,1.0,1.2,3,5,4,2,2,2,0.4,0.0,15,3,6,1,13,11,0,0,7,9,8,1.8,1.6,3,6,5,1,4,4,0.4,0.2,0,2,0,0,2,0,-4,-3,14,8,6,98,98,0,1593,1587,6,53000000,57000000,1,1,1,1
2024,1234970,35,Fecha inválida,Bari,Modena,0,0,15,4,3,3,11,9,0,0,11,9,5,1.8,1.0,4,3,2,2,3,2,0.6,0.2,15,3,6,1,9,6,0,1,6,4,3,0.8,0.6,6,3,1,2,2,0,0.5,0.17,1,5,1,1,5,1,0,-1,9,20,-11,102,102,0,1508,1599,-91,58000000,59000000,1,2,0,1
2024,1234974,35,Fecha inválida,Cesena,Sassuolo,0,0,11,3,2,5,9,11,0,0,8,7,5,1.4,1.0,2,4,2,2,3,1,0.5,0.17,27,9,0,1,22,8,7,0,15,13,1,2.6,0.2,4,6,7,4,1,2,1.0,0.8,1,2,2,2,2,1,-16,-16,10,9,1,116,102,14,1509,1588,-79,59000000,58000000,2,2,1,0
2024,1234976,35,Fecha inválida,Frosinone,Spezia,0,0,13,3,4,3,10,10,0,0,8,5,4,1.0,0.8,4,5,3,2,2,1,0.4,0.2,18,5,3,2,14,5,3,0,12,12,2,2.4,0.4,7,1,3,4,0,3,0.6,0.4,3,4,3,3,4,3,-5,-9,13,16,-3,102,102,0,1512,1515,-3,52000000,55000000,2,2,0,1
2024,1234978,35,Fecha inválida,Salernitana,Cosenza,0,0,6,1,3,6,8,16,0,0,5,6,9,1.2,1.8,1,5,4,0,3,2,0.2,0.0,8,1,5,4,10,13,0,0,6,7,7,1.4,1.4,1,7,4,0,4,2,0.0,0.2,3,3,0,0,3,3,-2,-5,15,18,-3,102,102,0,1514,1537,-23,54000000,57000000,1,0,0,1
2024,1234971,35,Fecha inválida,Brescia,Pisa,0,0,10,1,7,2,10,11,0,0,6,5,5,1.0,1.0,4,6,3,2,3,1,0.0,0.2,20,6,2,2,17,8,0,0,8,8,4,1.6,0.8,4,4,5,2,2,3,0.6,0.6,3,5,6,6,5,3,-10,-10,19,2,17,116,116,0,1518,1501,17,58000000,51000000,2,0,0,1
2024,1234975,35,Fecha inválida,Cremonese,Mantova,0,0,13,3,4,3,9,8,0,2,6,6,6,1.2,1.2,5,3,2,2,1,2,0.2,0.4,11,2,5,3,11,12,0,1,5,5,6,1.0,1.2,3,5,4,2,2,2,0.4,0.0,0,1,1,1,1,0,2,2,1,14,-13,102,102,0,1520,1593,-73,50000000,53000000,1,1,0,1
2024,1234977,35,Fecha inválida,Reggiana,Cittadella,0,0,13,3,4,3,12,12,0,0,6,7,7,1.4,1.4,3,5,4,1,3,2,0.2,0.4,15,4,3,3,12,15,0,0,5,5,7,1.0,1.4,3,5,6,2,2,2,0.33,0.5,1,1,4,4,1,1,-2,3,1,11,-10,102,116,-14,1580,1510,70,50000000,50000000,1,0,0,0
2024,1234979,35,Fecha inválida,Sudtirol,Juve Stabia,0,0,6,1,3,6,5,15,0,5,0,1,11,0.2,2.2,3,3,5,0,1,3,0.0,0.2,14,3,5,2,9,10,0,0,6,4,6,0.8,1.2,4,5,5,2,2,3,0.4,0.2,0,1,1,1,1,0,-8,-9,19,4,15,102,102,0,1578,1563,15,58000000,53000000,0,2,0,1
2024,1234972,35,Fecha inválida,Carrarese,Sampdoria,0,0,16,4,4,2,7,7,0,0,5,2,6,0.4,1.2,7,2,1,3,1,1,0.8,0.0,6,0,6,4,7,16,0,0,3,4,8,0.8,1.6,2,5,3,1,2,2,0.0,0.0,0,2,0,0,2,0,10,9,2,19,-17,116,116,0,1581,1598,-17,51000000,58000000,0,0,1,0
2024,1234973,35,Fecha inválida,Catanzaro,Palermo,0,0,15,3,6,1,13,11,0,0,7,9,8,1.8,1.6,3,6,5,1,4,4,0.4,0.2,9,2,3,5,8,10,0,1,5,4,4,0.8,0.8,3,5,3,1,2,0,0.33,0.0,4,5,0,0,5,4,6,4,8,3,5,102,102,0,1587,1522,65,57000000,52000000,1,0,1,0
2024,1234988,36,Fecha inválida,Sassuolo,Carrarese,0,0,27,9,0,1,22,8,7,0,15,13,1,2.6,0.2,4,6,7,4,1,2,1.0,0.8,16,4,4,2,7,7,0,0,5,2,6,0.4,1.2,7,2,1,3,1,1,0.8,0.0,1,1,0,0,1,1,11,14,9,2,7,108,122,-14,1588,1581,7,58000000,51000000,2,0,0,1
2024,1234987,36,Fecha inválida,Sampdoria,Cremonese,0,0,6,0,6,4,7,16,0,0,3,4,8,0.8,1.6,2,5,3,1,2,2,0.0,0.0,13,3,4,3,9,8,0,2,6,6,6,1.2,1.2,5,3,2,2,1,2,0.2,0.4,1,3,2,2,3,1,-7,-10,19,1,18,122,108,14,1598,1520,78,58000000,50000000,0,1,0,0
2024,1234980,36,Fecha inválida,Cittadella,Brescia,0,0,15,4,3,3,12,15,0,0,5,5,7,1.0,1.4,3,5,6,2,2,2,0.33,0.5,10,1,7,2,10,11,0,0,6,5,5,1.0,1.0,4,6,3,2,3,1,0.0,0.2,6,8,3,3,8,6,5,-2,11,19,-8,122,122,0,1510,1518,-8,50000000,58000000,0,2,0,0
2024,1234989,36,Fecha inválida,Spezia,Salernitana,0,0,18,5,3,2,14,5,3,0,12,12,2,2.4,0.4,7,1,3,4,0,3,0.6,0.4,6,1,3,6,8,16,0,0,5,6,9,1.2,1.8,1,5,4,0,3,2,0.2,0.0,6,4,5,5,4,6,12,17,16,15,1,108,108,0,1515,1514,1,55000000,54000000,2,1,1,0
2024,1234985,36,Fecha inválida,Palermo,Sudtirol,0,0,9,2,3,5,8,10,0,1,5,4,4,0.8,0.8,3,5,3,1,2,0,0.33,0.0,6,1,3,6,5,15,0,5,0,1,11,0.2,2.2,3,3,5,0,1,3,0.0,0.2,3,2,1,1,2,3,3,8,3,19,-16,108,108,0,1522,1578,-56,52000000,58000000,0,0,0,0
2024,1234986,36,Fecha inválida,Pisa,Frosinone,0,0,20,6,2,2,17,8,0,0,8,8,4,1.6,0.8,4,4,5,2,2,3,0.6,0.6,13,3,4,3,10,10,0,0,8,5,4,1.0,0.8,4,5,3,2,2,1,0.4,0.2,2,8,5,5,8,2,7,9,2,13,-11,122,108,14,1501,1512,-11,51000000,52000000,0,2,1,0
2024,1234982,36,Fecha inválida,Juve Stabia,Catanzaro,0,0,14,3,5,2,9,10,0,0,6,4,6,0.8,1.2,4,5,5,2,2,3,0.4,0.2,15,3,6,1,13,11,0,0,7,9,8,1.8,1.6,3,6,5,1,4,4,0.4,0.2,2,9,3,3,9,2,-1,-3,4,8,-4,108,108,0,1563,1587,-24,53000000,57000000,2,1,1,1
2024,1234984,36,Fecha inválida,Modena,Reggiana,0,0,15,3,6,1,9,6,0,1,6,4,3,0.8,0.6,6,3,1,2,2,0,0.5,0.17,13,3,4,3,12,12,0,0,6,7,7,1.4,1.4,3,5,4,1,3,2,0.2,0.4,2,6,4,4,6,2,2,3,20,1,19,108,108,0,1599,1580,19,59000000,50000000,2,1,1,0
2024,1234983,36,Fecha inválida,Mantova,Cesena,0,0,11,2,5,3,11,12,0,1,5,5,6,1.0,1.2,3,5,4,2,2,2,0.4,0.0,11,3,2,5,9,11,0,0,8,7,5,1.4,1.0,2,4,2,2,3,1,0.5,0.17,1,2,4,4,2,1,0,1,14,10,4,108,122,-14,1593,1509,84,53000000,59000000,1,2,1,1
2024,1234981,36,Fecha inválida,Cosenza,Bari,0,0,8,1,5,4,10,13,0,0,6,7,7,1.4,1.4,1,7,4,0,4,2,0.0,0.2,15,4,3,3,11,9,0,0,11,9,5,1.8,1.0,4,3,2,2,3,2,0.6,0.2,1,3,2,2,3,1,-7,-5,18,9,9,108,108,0,1537,1508,29,57000000,58000000,0,1,1,0
2024,1234990,37,Fecha inválida,Bari,Pisa,0,0,15,4,3,3,11,9,0,0,11,9,5,1.8,1.0,4,3,2,2,3,2,0.6,0.2,20,6,2,2,17,8,0,0,8,8,4,1.6,0.8,4,4,5,2,2,3,0.6,0.6,1,6,1,1,6,1,-5,-7,9,2,7,111,125,-14,1508,1501,7,58000000,51000000,1,0,0,1
2024,1234994,37,Fecha inválida,Cesena,Palermo,0,0,11,3,2,5,9,11,0,0,8,7,5,1.4,1.0,2,4,2,2,3,1,0.5,0.17,9,2,3,5,8,10,0,1,5,4,4,0.8,0.8,3,5,3,1,2,0,0.33,0.0,1,7,2,2,7,1,2,0,10,3,7,125,111,14,1509,1522,-13,59000000,52000000,2,0,1,0
2024,1234996,37,Fecha inválida,Frosinone,Cittadella,0,0,13,3,4,3,10,10,0,0,8,5,4,1.0,0.8,4,5,3,2,2,1,0.4,0.2,15,4,3,3,12,15,0,0,5,5,7,1.0,1.4,3,5,6,2,2,2,0.33,0.5,6,6,5,5,6,6,-2,3,13,11,2,111,125,-14,1512,1510,2,52000000,50000000,2,0,0,0
2024,1234998,37,Fecha inválida,Salernitana,Mantova,0,0,6,1,3,6,8,16,0,0,5,6,9,1.2,1.8,1,5,4,0,3,2,0.2,0.0,11,2,5,3,11,12,0,1,5,5,6,1.0,1.2,3,5,4,2,2,2,0.4,0.0,0,1,1,1,1,0,-5,-7,15,14,1,111,111,0,1514,1593,-79,54000000,53000000,1,1,0,1
2024,1234991,37,Fecha inválida,Brescia,Juve Stabia,0,0,10,1,7,2,10,11,0,0,6,5,5,1.0,1.0,4,6,3,2,3,1,0.0,0.2,14,3,5,2,9,10,0,0,6,4,6,0.8,1.2,4,5,5,2,2,3,0.4,0.2,0,2,0,0,2,0,-4,0,19,4,15,125,111,14,1518,1563,-45,58000000,53000000,2,2,0,1
2024,1234995,37,Fecha inválida,Cremonese,Sassuolo,0,0,13,3,4,3,9,8,0,2,6,6,6,1.2,1.2,5,3,2,2,1,2,0.2,0.4,27,9,0,1,22,8,7,0,15,13,1,2.6,0.2,4,6,7,4,1,2,1.0,0.8,2,2,1,1,2,2,-14,-13,1,9,-8,111,111,0,1520,1588,-68,50000000,58000000,1,2,0,0
2024,1234997,37,Fecha inválida,Reggiana,Spezia,0,0,13,3,4,3,12,12,0,0,6,7,7,1.4,1.4,3,5,4,1,3,2,0.2,0.4,18,5,3,2,14,5,3,0,12,12,2,2.4,0.4,7,1,3,4,0,3,0.6,0.4,1,2,2,2,2,1,-5,-9,1,16,-15,111,111,0,1580,1515,65,50000000,55000000,1,2,0,1
2024,1234999,37,Fecha inválida,Sudtirol,Cosenza,0,0,6,1,3,6,5,15,0,5,0,1,11,0.2,2.2,3,3,5,0,1,3,0.0,0.2,8,1,5,4,10,13,0,0,6,7,7,1.4,1.4,1,7,4,0,4,2,0.0,0.2,1,4,1,1,4,1,-2,-7,19,18,1,111,111,0,1578,1537,41,58000000,57000000,0,0,0,1
2024,1234992,37,Fecha inválida,Carrarese,Modena,0,0,16,4,4,2,7,7,0,0,5,2,6,0.4,1.2,7,2,1,3,1,1,0.8,0.0,15,3,6,1,9,6,0,1,6,4,3,0.8,0.6,6,3,1,2,2,0,0.5,0.17,0,1,3,3,1,0,1,-3,2,20,-18,125,111,14,1581,1599,-18,51000000,59000000,0,2,1,1
2024,1234993,37,Fecha inválida,Catanzaro,Sampdoria,0,0,15,3,6,1,13,11,0,0,7,9,8,1.8,1.6,3,6,5,1,4,4,0.4,0.2,6,0,6,4,7,16,0,0,3,4,8,0.8,1.6,2,5,3,1,2,2,0.0,0.0,1,2,1,1,2,1,9,11,8,19,-11,111,125,-14,1587,1598,-11,57000000,58000000,1,0,1,0
2024,1235008,38,Fecha inválida,Sassuolo,Catanzaro,0,0,27,9,0,1,22,8,7,0,15,13,1,2.6,0.2,4,6,7,4,1,2,1.0,0.8,15,3,6,1,13,11,0,0,7,9,8,1.8,1.6,3,6,5,1,4,4,0.4,0.2,0,2,0,0,2,0,12,12,9,8,1,116,116,0,1588,1587,1,58000000,57000000,2,1,0,1
2024,1235007,38,Fecha inválida,Sampdoria,Salernitana,0,0,6,0,6,4,7,16,0,0,3,4,8,0.8,1.6,2,5,3,1,2,2,0.0,0.0,6,1,3,6,8,16,0,0,5,6,9,1.2,1.8,1,5,4,0,3,2,0.2,0.0,2,2,4,4,2,2,0,-1,19,15,4,130,116,14,1598,1514,84,58000000,54000000,0,1,0,0
2024,1235000,38,Fecha inválida,Cittadella,Bari,0,0,15,4,3,3,12,15,0,0,5,5,7,1.0,1.4,3,5,6,2,2,2,0.33,0.5,15,4,3,3,11,9,0,0,11,9,5,1.8,1.0,4,3,2,2,3,2,0.6,0.2,2,6,3,3,6,2,0,-5,11,9,2,130,116,14,1510,1508,2,50000000,58000000,0,1,0,0
2024,1235009,38,Fecha inválida,Spezia,Cremonese,0,0,18,5,3,2,14,5,3,0,12,12,2,2.4,0.4,7,1,3,4,0,3,0.6,0.4,13,3,4,3,9,8,0,2,6,6,6,1.2,1.2,5,3,2,2,1,2,0.2,0.4,3,5,5,5,5,3,5,8,16,1,15,116,116,0,1515,1520,-5,55000000,50000000,2,1,1,0
2024,1235005,38,Fecha inválida,Palermo,Frosinone,0,0,9,2,3,5,8,10,0,1,5,4,4,0.8,0.8,3,5,3,1,2,0,0.33,0.0,13,3,4,3,10,10,0,0,8,5,4,1.0,0.8,4,5,3,2,2,1,0.4,0.2,4,4,2,2,4,4,-4,-2,3,13,-10,116,116,0,1522,1512,10,52000000,52000000,0,2,0,0
2024,1235006,38,Fecha inválida,Pisa,Sudtirol,0,0,20,6,2,2,17,8,0,0,8,8,4,1.6,0.8,4,4,5,2,2,3,0.6,0.6,6,1,3,6,5,15,0,5,0,1,11,0.2,2.2,3,3,5,0,1,3,0.0,0.2,2,2,2,2,2,2,14,19,2,19,-17,130,116,14,1501,1578,-77,51000000,58000000,0,0,1,0
2024,1235002,38,Fecha inválida,Juve Stabia,Reggiana,0,0,14,3,5,2,9,10,0,0,6,4,6,0.8,1.2,4,5,5,2,2,3,0.4,0.2,13,3,4,3,12,12,0,0,6,7,7,1.4,1.4,3,5,4,1,3,2,0.2,0.4,2,4,2,2,4,2,1,-1,4,1,3,116,116,0,1563,1580,-17,53000000,50000000,2,1,1,0
2024,1235004,38,Fecha inválida,Modena,Brescia,0,0,15,3,6,1,9,6,0,1,6,4,3,0.8,0.6,6,3,1,2,2,0,0.5,0.17,10,1,7,2,10,11,0,0,6,5,5,1.0,1.0,4,6,3,2,3,1,0.0,0.2,2,2,2,2,2,2,5,4,20,19,1,116,130,-14,1599,1518,81,59000000,58000000,2,2,1,0
2024,1235003,38,Fecha inválida,Mantova,Carrarese,0,0,11,2,5,3,11,12,0,1,5,5,6,1.0,1.2,3,5,4,2,2,2,0.4,0.0,16,4,4,2,7,7,0,0,5,2,6,0.4,1.2,7,2,1,3,1,1,0.8,0.0,0,2,0,0,2,0,-5,-1,14,2,12,116,130,-14,1593,1581,12,53000000,51000000,1,0,1,1
2024,1235001,38,Fecha inválida,Cosenza,Cesena,0,0,8,1,5,4,10,13,0,0,6,7,7,1.4,1.4,1,7,4,0,4,2,0.0,0.2,11,3,2,5,9,11,0,0,8,7,5,1.4,1.0,2,4,2,2,3,1,0.5,0.17,0,1,1,1,1,0,-3,-1,18,10,8,116,130,-14,1537,1509,28,57000000,59000000,0,2,1,1
