temporada,id_partido,fecha,fecha_partido,nombre_equipo_local,nombre_equipo_visitante,goles_equipo_local,goles_equipo_visitante,puntos_acumulados_local,wins_last10_local,draws_last10_local,losses_last10_local,goles_favor_last10_local,goles_contra_last10_local,current_win_streak_local,current_loss_streak_local,puntos_ultimos5_local,goles_favor_ultimos5_local,goles_contra_ultimos5_local,prom_goles_favor_ultimos5_local,prom_goles_contra_ultimos5_local,clean_sheets_last10_local,btts_last10_local,over25_last10_local,clean_sheets_last5_local,btts_last5_local,over25_last5_local,home_win_rate_local,away_win_rate_local,puntos_acumulados_visitante,wins_last10_visitante,draws_last10_visitante,losses_last10_visitante,goles_favor_last10_visitante,goles_contra_last10_visitante,current_win_streak_visitante,current_loss_streak_visitante,puntos_ultimos5_visitante,goles_favor_ultimos5_visitante,goles_contra_ultimos5_visitante,prom_goles_favor_ultimos5_visitante,prom_goles_contra_ultimos5_visitante,clean_sheets_last10_visitante,btts_last10_visitante,over25_last10_visitante,clean_sheets_last5_visitante,btts_last5_visitante,over25_last5_visitante,home_win_rate_visitante,away_win_rate_visitante,head2head_local_wins,head2head_local_draws,head2head_local_losses,head2head_visitante_wins,head2head_visitante_draws,head2head_visitante_losses,puntos_balance,goles_balance,posicion_tabla_local,posicion_tabla_visitante,diff_posicion_tabla,dias_descanso_local,dias_descanso_visitante,diff_dias_descanso,elo_rating_local,elo_rating_visitante,diff_elo_rating,valor_mercado_local,valor_mercado_visitante,jugadores_lesionados_local,jugadores_lesionados_visitante,titulares_sancionados_local,titulares_sancionados_visitante
2024,1250103,1,Fecha inválida,Spal,Ascoli,2,2,0,0,0,0,0,0,0,0,0,0,0,0.0,0.0,0,0,0,0,0,0,0.0,0.0,0,0,0,0,0,0,0,0,0,0,0,0.0,0.0,0,0,0,0,0,0,0.0,0.0,1,6,3,3,6,1,0,0,14,8,6,0,0,0,1593,1507,86,53000000,57000000,1,0,1,1
2024,1250104,1,Fecha inválida,Ternana,Pescara,1,2,0,0,0,0,0,0,0,0,0,0,0,0.0,0.0,0,0,0,0,0,0,0.0,0.0,0,0,0,0,0,0,0,0,0,0,0,0.0,0.0,0,0,0,0,0,0,0.0,0.0,0,2,2,2,2,0,0,0,17,6,11,0,0,0,1516,1525,-9,56000000,55000000,0,0,0,1
2024,1250102,1,Fecha inválida,Pineto,Lucchese,0,0,0,0,0,0,0,0,0,0,0,0,0,0.0,0.0,0,0,0,0,0,0,0.0,0.0,0,0,0,0,0,0,0,0,0,0,0,0.0,0.0,0,0,0,0,0,0,0.0,0.0,0,3,1,1,3,0,0,0,15,10,5,0,0,0,1514,1589,-75,54000000,59000000,1,1,0,1
2024,1250101,1,Fecha inválida,Pianese,Perugia,3,3,0,0,0,0,0,0,0,0,0,0,0,0.0,0.0,0,0,0,0,0,0,0.0,0.0,0,0,0,0,0,0,0,0,0,0,0,0.0,0.0,0,0,0,0,0,0,0.0,0.0,0,2,0,0,2,0,0,0,2,5,-3,0,0,0,1581,1524,57,51000000,54000000,0,2,1,0
2024,1250100,1,Fecha inválida,Legnago Salus,Pontedera,2,3,0,0,0,0,0,0,0,0,0,0,0,0.0,0.0,0,0,0,0,0,0,0.0,0.0,0,0,0,0,0,0,0,0,0,0,0,0.0,0.0,0,0,0,0,0,0,0.0,0.0,0,1,1,1,1,0,0,0,13,12,1,0,0,0,1572,1591,-19,52000000,51000000,1,1,0,1
2024,1250099,1,Fecha inválida,Gubbio,Sestri Levante,1,0,0,0,0,0,0,0,0,0,0,0,0,0.0,0.0,0,0,0,0,0,0,0.0,0.0,0,0,0,0,0,0,0,0,0,0,0,0.0,0.0,0,0,0,0,0,0,0.0,0.0,2,0,2,2,0,2,0,0,7,16,-9,0,0,0,1566,1515,51,56000000,55000000,2,1,0,1
2024,1250106,1,Fecha inválida,Virtus Entella,Milan II,1,0,0,0,0,0,0,0,0,0,0,0,0,0.0,0.0,0,0,0,0,0,0,0.0,0.0,0,0,0,0,0,0,0,0,0,0,0,0.0,0.0,0,0,0,0,0,0,0.0,0.0,2,0,0,0,0,2,0,0,8,6,2,0,0,0,1527,1505,22,57000000,55000000,2,1,1,1
2024,1250097,1,Fecha inválida,Arezzo,Città di Campobasso,1,0,0,0,0,0,0,0,0,0,0,0,0,0.0,0.0,0,0,0,0,0,0,0.0,0.0,0,0,0,0,0,0,0,0,0,0,0,0.0,0.0,0,0,0,0,0,0,0.0,0.0,2,0,0,0,0,2,0,0,17,11,6,0,0,0,1576,1510,66,56000000,50000000,0,0,0,0
2024,1250105,1,Fecha inválida,Torres,Vis Pesaro,3,0,0,0,0,0,0,0,0,0,0,0,0,0.0,0.0,0,0,0,0,0,0,0.0,0.0,0,0,0,0,0,0,0,0,0,0,0,0.0,0.0,0,0,0,0,0,0,0.0,0.0,4,1,1,1,1,4,0,0,15,9,6,0,0,0,1534,1508,26,54000000,58000000,0,1,0,0
2024,1250098,1,Fecha inválida,Athletic Carpi,Rimini,2,2,0,0,0,0,0,0,0,0,0,0,0,0.0,0.0,0,0,0,0,0,0,0.0,0.0,0,0,0,0,0,0,0,0,0,0,0,0.0,0.0,0,0,0,0,0,0,0.0,0.0,1,2,1,1,2,1,0,0,6,10,-4,0,0,0,1525,1509,16,55000000,59000000,2,2,1,1
2024,1250111,2,Fecha inválida,Perugia,Spal,3,0,1,0,1,0,3,3,0,0,1,3,3,3.0,3.0,0,1,1,0,1,1,0.0,0.0,1,0,1,0,2,2,0,0,1,2,2,2.0,2.0,0,1,1,0,1,1,0.0,0.0,5,4,1,1,4,5,0,0,5,14,-9,6,7,-1,1524,1593,-69,54000000,53000000,2,1,0,1
2024,1250109,2,Fecha inválida,Lucchese,Gubbio,0,1,1,0,1,0,0,0,0,0,1,0,0,0.0,0.0,1,0,0,1,0,0,0.0,0.0,3,1,0,0,1,0,1,0,3,1,0,1.0,0.0,1,0,0,1,0,0,1.0,0.0,0,3,6,6,3,0,-2,-1,10,7,3,7,5,2,1589,1566,23,59000000,56000000,1,2,1,0
2024,1250113,2,Fecha inválida,Pontedera,Ternana,1,2,3,1,0,0,3,2,1,0,3,3,2,3.0,2.0,0,1,1,0,1,1,0.0,1.0,0,0,0,1,1,2,0,1,0,1,2,1.0,2.0,0,1,1,0,1,1,0.0,0.0,0,1,3,3,1,0,3,2,12,17,-5,6,7,-1,1591,1516,75,51000000,56000000,1,0,1,0
2024,1250108,2,Fecha inválida,Città di Campobasso,Legnago Salus,2,0,0,0,0,1,0,1,0,1,0,0,1,0.0,1.0,0,0,0,0,0,0,0.0,0.0,0,0,0,1,2,3,0,1,0,2,3,2.0,3.0,0,1,1,0,1,1,0.0,0.0,1,1,0,0,1,1,0,0,11,13,-2,5,7,-2,1510,1572,-62,50000000,52000000,0,1,0,0
2024,1250114,2,Fecha inválida,Rimini,Virtus Entella,1,2,1,0,1,0,2,2,0,0,1,2,2,2.0,2.0,0,1,1,0,1,1,0.0,0.0,3,1,0,0,1,0,1,0,3,1,0,1.0,0.0,1,0,0,1,0,0,1.0,0.0,2,0,4,4,0,2,-2,-1,10,8,2,5,6,-1,1509,1527,-18,59000000,57000000,2,2,1,1
2024,1250115,2,Fecha inválida,Sestri Levante,Pineto,0,0,0,0,0,1,0,1,0,1,0,0,1,0.0,1.0,0,0,0,0,0,0,0.0,0.0,1,0,1,0,0,0,0,0,1,0,0,0.0,0.0,1,0,0,1,0,0,0.0,0.0,1,2,3,3,2,1,-1,-1,16,15,1,6,8,-2,1515,1514,1,55000000,54000000,1,1,1,0
2024,1250110,2,Fecha inválida,Milan II,Athletic Carpi,1,1,0,0,0,1,0,1,0,1,0,0,1,0.0,1.0,0,0,0,0,0,0,0.0,0.0,1,0,1,0,2,2,0,0,1,2,2,2.0,2.0,0,1,1,0,1,1,0.0,0.0,0,2,0,0,2,0,-1,-1,6,6,0,6,5,1,1505,1525,-20,55000000,55000000,1,2,1,1
2024,1250112,2,Fecha inválida,Pescara,Torres,2,2,3,1,0,0,2,1,1,0,3,2,1,2.0,1.0,0,1,1,0,1,1,0.0,1.0,3,1,0,0,3,0,1,0,3,3,0,3.0,0.0,1,0,1,1,0,1,1.0,0.0,0,1,3,3,1,0,0,-2,6,15,-9,9,6,3,1525,1534,-9,55000000,54000000,0,0,1,0
2024,1250107,2,Fecha inválida,Ascoli,Pianese,1,0,1,0,1,0,2,2,0,0,1,2,2,2.0,2.0,0,1,1,0,1,1,0.0,0.0,1,0,1,0,3,3,0,0,1,3,3,3.0,3.0,0,1,1,0,1,1,0.0,0.0,1,1,0,0,1,1,0,0,8,2,6,10,9,1,1507,1581,-74,57000000,51000000,0,0,1,1
2024,1250116,2,Fecha inválida,Vis Pesaro,Arezzo,3,0,0,0,0,1,0,3,0,1,0,0,3,0.0,3.0,0,0,1,0,0,1,0.0,0.0,3,1,0,0,1,0,1,0,3,1,0,1.0,0.0,1,0,0,1,0,0,1.0,0.0,2,2,3,3,2,2,-3,-4,9,17,-8,7,8,-1,1508,1576,-68,58000000,56000000,1,0,0,0
2024,1250118,3,Fecha inválida,Gubbio,Ternana,0,0,6,2,0,0,2,0,2,0,6,2,0,1.0,0.0,2,0,0,2,0,0,1.0,1.0,3,1,0,1,3,3,0,1,3,3,3,1.5,1.5,0,2,2,0,2,2,0.0,1.0,0,2,2,2,2,0,3,2,7,17,-10,8,8,0,1566,1516,50,56000000,56000000,2,0,0,0
2024,1250123,3,Fecha inválida,Rimini,Pescara,0,1,1,0,1,1,3,4,0,0,1,3,4,1.5,2.0,0,2,2,0,2,2,0.0,0.0,4,1,1,0,4,3,1,0,4,4,3,2.0,1.5,0,2,2,0,2,2,0.0,1.0,2,2,1,1,2,2,-3,-2,10,6,4,7,6,1,1509,1525,-16,59000000,55000000,2,0,1,1
2024,1250121,3,Fecha inválida,Pineto,Arezzo,3,1,2,0,2,0,0,0,0,0,2,0,0,0.0,0.0,2,0,0,2,0,0,0.0,0.0,3,1,0,1,1,3,1,0,3,1,3,0.5,1.5,1,0,1,1,0,1,1.0,0.0,4,1,1,1,1,4,-1,2,15,17,-2,7,5,2,1514,1576,-62,54000000,56000000,1,0,0,0
2024,1250120,3,Fecha inválida,Pianese,Città di Campobasso,2,0,1,0,1,1,3,4,0,0,1,3,4,1.5,2.0,0,1,1,0,1,1,0.0,0.0,3,1,0,1,2,1,0,1,3,2,1,1.0,0.5,1,0,0,1,0,0,1.0,0.0,1,1,1,1,1,1,-2,-2,2,11,-9,5,7,-2,1581,1510,71,51000000,50000000,0,0,1,0
2024,1250124,3,Fecha inválida,Spal,Lucchese,2,3,1,0,1,1,2,5,0,0,1,2,5,1.0,2.5,0,1,2,0,1,2,0.0,0.0,1,0,1,1,0,1,0,0,1,0,1,0.0,0.5,1,0,0,1,0,0,0.0,0.0,1,1,3,3,1,1,0,-2,14,10,4,8,8,0,1593,1589,4,53000000,59000000,1,1,1,1
2024,1250122,3,Fecha inválida,Pontedera,Sestri Levante,4,1,3,1,0,1,4,4,1,0,3,4,4,2.0,2.0,0,2,2,0,2,2,0.0,1.0,1,0,1,1,0,1,0,1,1,0,1,0.0,0.5,1,0,0,1,0,0,0.0,0.0,4,0,0,0,0,4,2,1,12,16,-4,8,7,1,1591,1515,76,51000000,55000000,1,1,1,1
2024,1250119,3,Fecha inválida,Legnago Salus,Vis Pesaro,0,1,0,0,0,2,2,5,0,2,0,2,5,1.0,2.5,0,1,1,0,1,1,0.0,0.0,3,1,0,1,3,3,0,1,3,3,3,1.5,1.5,1,0,2,1,0,2,1.0,0.0,1,2,1,1,2,1,-3,-3,13,9,4,8,5,3,1572,1508,64,52000000,58000000,1,1,0,0
2024,1250117,3,Fecha inválida,Athletic Carpi,Perugia,2,0,2,0,2,0,3,3,0,0,2,3,3,1.5,1.5,0,2,1,0,2,1,0.0,0.0,4,1,1,0,6,3,0,0,4,6,3,3.0,1.5,1,1,2,1,1,2,1.0,0.0,1,0,1,1,0,1,-2,-3,6,5,1,7,8,-1,1525,1524,1,55000000,54000000,2,2,1,0
2024,1250126,3,Fecha inválida,Virtus Entella,Ascoli,2,1,6,2,0,0,3,1,2,0,6,3,1,1.5,0.5,1,1,1,1,1,1,1.0,1.0,4,1,1,0,3,2,0,0,4,3,2,1.5,1.0,1,1,1,1,1,1,1.0,0.0,3,7,2,2,7,3,2,1,8,8,0,9,7,2,1527,1507,20,57000000,57000000,2,0,1,1
2024,1250135,4,Fecha inválida,Virtus Entella,Athletic Carpi,1,1,9,3,0,0,5,2,3,0,9,5,2,1.67,0.67,1,2,2,1,2,2,1.0,1.0,5,1,2,0,5,3,0,0,5,5,3,1.67,1.0,1,2,1,1,2,1,0.5,0.0,0,2,0,0,2,0,4,1,8,6,2,3,5,-2,1527,1525,2,57000000,55000000,2,2,1,1
2024,1250127,4,Fecha inválida,Arezzo,Legnago Salus,1,0,3,1,0,2,2,6,1,0,3,2,6,0.67,2.0,1,1,2,1,1,2,1.0,0.0,0,0,0,3,2,6,0,3,0,2,6,0.67,2.0,0,1,1,0,1,1,0.0,0.0,1,3,0,0,3,1,3,0,17,13,4,6,5,1,1576,1572,4,56000000,52000000,0,1,0,0
2024,1250136,4,Fecha inválida,Vis Pesaro,Pontedera,2,0,6,2,0,1,4,3,0,1,6,4,3,1.33,1.0,2,0,2,2,0,2,1.0,0.5,6,2,0,1,8,5,1,0,6,8,5,2.67,1.67,0,3,3,0,3,3,0.5,1.0,1,6,1,1,6,1,0,-2,9,12,-3,6,6,0,1508,1591,-83,58000000,51000000,1,1,0,1
2024,1250130,4,Fecha inválida,Milan II,Ascoli,0,2,1,0,1,1,1,2,0,1,1,1,2,0.5,1.0,0,1,0,0,1,0,0.0,0.0,4,1,1,1,4,4,0,0,4,4,4,1.33,1.33,1,2,2,1,2,2,1.0,0.0,0,1,1,1,1,0,-3,-1,6,8,-2,13,4,9,1505,1507,-2,55000000,57000000,1,0,1,1
2024,1250128,4,Fecha inválida,Città di Campobasso,Torres,0,1,3,1,0,2,2,3,0,1,3,2,3,0.67,1.0,1,0,0,1,0,0,1.0,0.0,4,1,1,0,5,2,1,0,4,5,2,2.5,1.0,1,1,2,1,1,2,1.0,0.0,0,1,1,1,1,0,-1,-4,11,15,-4,6,13,-7,1510,1534,-24,50000000,54000000,0,0,0,0
2024,1250133,4,Fecha inválida,Sestri Levante,Spal,1,3,1,0,1,2,1,5,0,1,1,1,5,0.33,1.67,1,1,1,1,1,1,0.0,0.0,1,0,1,2,4,8,0,0,1,4,8,1.33,2.67,0,2,3,0,2,3,0.0,0.0,0,1,4,4,1,0,0,0,16,14,2,6,6,0,1515,1593,-78,55000000,53000000,1,1,1,1
2024,1250134,4,Fecha inválida,Ternana,Pineto,3,0,4,1,1,1,3,3,0,1,4,3,3,1.0,1.0,1,2,2,1,2,2,0.0,0.5,5,1,2,0,3,1,0,0,5,3,1,1.0,0.33,2,1,1,2,1,1,0.5,0.0,1,1,0,0,1,1,-1,-2,17,15,2,8,8,0,1516,1514,2,56000000,54000000,0,1,0,0
2024,1250131,4,Fecha inválida,Perugia,Gubbio,1,1,4,1,1,1,6,5,0,0,4,6,5,2.0,1.67,1,1,2,1,1,2,1.0,0.0,7,2,1,0,2,0,2,0,7,2,0,0.67,0.0,3,0,0,3,0,0,0.5,1.0,3,3,1,1,3,3,-3,-1,5,7,-2,7,8,-1,1524,1566,-42,54000000,56000000,2,2,0,0
2024,1250132,4,Fecha inválida,Pescara,Pianese,2,1,7,2,1,0,5,3,1,0,7,5,3,1.67,1.0,1,2,2,1,2,2,0.0,1.0,4,1,1,1,5,4,0,0,4,5,4,1.67,1.33,1,1,1,1,1,1,0.5,0.0,1,1,0,0,1,1,3,1,6,2,4,9,8,1,1525,1581,-56,55000000,51000000,0,0,1,1
2024,1250129,4,Fecha inválida,Lucchese,Rimini,2,2,4,1,1,1,3,3,0,0,4,3,3,1.0,1.0,1,1,1,1,1,1,0.0,0.5,1,0,1,2,3,5,0,0,1,3,5,1.0,1.67,0,2,2,0,2,2,0.0,0.0,2,3,1,1,3,2,3,2,10,10,0,8,9,-1,1589,1509,80,59000000,59000000,1,2,1,1
2024,1250125,3,Fecha inválida,Torres,Milan II,0,0,7,2,1,0,6,2,1,0,7,6,2,2.0,0.67,2,1,2,2,1,2,1.0,0.5,1,0,1,2,1,4,0,1,1,1,4,0.33,1.33,0,1,0,0,1,0,0.0,0.0,1,1,1,1,1,1,6,7,15,6,9,4,4,0,1534,1505,29,54000000,55000000,0,1,0,1
2024,1250138,5,Fecha inválida,Gubbio,Città di Campobasso,0,0,8,2,2,0,3,1,2,0,8,3,1,0.75,0.25,3,1,0,3,1,0,0.5,0.5,3,1,0,3,2,4,0,1,3,2,4,0.5,1.0,1,0,0,1,0,0,0.5,0.0,0,2,0,0,2,0,5,4,7,11,-4,5,6,-1,1566,1510,56,56000000,50000000,2,0,0,0
2024,1250146,5,Fecha inválida,Vis Pesaro,Ternana,0,2,9,3,0,1,6,3,0,1,9,6,3,1.5,0.75,3,0,2,3,0,2,1.0,0.5,7,2,1,1,6,3,0,1,7,6,3,1.5,0.75,2,2,3,2,2,3,0.5,0.5,1,2,1,1,2,1,2,0,9,17,-8,6,5,1,1508,1516,-8,58000000,56000000,1,0,0,0
2024,1250139,5,Fecha inválida,Legnago Salus,Sestri Levante,0,3,0,0,0,4,2,7,0,4,0,2,7,0.5,1.75,0,1,1,0,1,1,0.0,0.0,1,0,1,3,2,8,0,1,1,2,8,0.5,2.0,1,2,2,1,2,2,0.0,0.0,0,1,2,2,1,0,-1,1,13,16,-3,7,6,1,1572,1515,57,52000000,55000000,1,1,0,1
2024,1250142,5,Fecha inválida,Pontedera,Arezzo,0,1,6,2,0,2,8,7,1,0,6,8,7,2.0,1.75,0,3,3,0,3,3,0.5,0.5,6,2,0,2,3,6,1,0,6,3,6,0.75,1.5,2,1,2,2,1,2,1.0,0.0,2,7,4,4,7,2,0,4,12,17,-5,7,8,-1,1591,1576,15,51000000,56000000,1,0,1,0
2024,1250145,5,Fecha inválida,Torres,Pineto,1,1,8,2,2,0,6,2,1,0,8,6,2,1.5,0.5,3,1,2,3,1,2,0.5,0.5,5,1,2,1,3,4,0,0,5,3,4,0.75,1.0,2,1,2,2,1,2,0.5,0.0,1,3,0,0,3,1,3,5,15,15,0,3,6,-3,1534,1514,20,54000000,54000000,0,1,0,0
2024,1250137,5,Fecha inválida,Ascoli,Lucchese,1,2,7,2,1,1,6,4,0,0,7,6,4,1.5,1.0,2,2,2,2,2,2,1.0,0.33,5,1,2,1,5,5,0,0,5,5,5,1.25,1.25,1,2,2,1,2,2,0.0,0.5,0,1,1,1,1,0,2,2,8,10,-2,8,5,3,1507,1589,-82,57000000,59000000,0,1,1,1
2024,1250141,5,Fecha inválida,Pianese,Virtus Entella,1,1,4,1,1,2,6,6,0,0,4,6,6,1.5,1.5,1,2,2,1,2,2,0.5,0.0,10,3,1,0,6,3,3,0,10,6,3,1.5,0.75,1,3,2,1,3,2,0.67,1.0,0,2,0,0,2,0,-6,-3,2,8,-6,5,8,-3,1581,1527,54,51000000,57000000,0,2,1,1
2024,1250140,5,Fecha inválida,Pescara,Perugia,0,0,10,3,1,0,7,4,1,0,10,7,4,1.75,1.0,1,3,3,1,3,3,0.5,1.0,5,1,2,1,7,6,0,0,5,7,6,1.75,1.5,1,2,2,1,2,2,0.5,0.0,2,5,5,5,5,2,5,2,6,5,1,6,7,-1,1525,1524,1,55000000,54000000,0,2,1,0
2024,1250144,5,Fecha inválida,Spal,Athletic Carpi,2,1,4,1,1,2,7,9,0,0,4,7,9,1.75,2.25,0,3,4,0,3,4,0.0,0.5,6,1,3,0,6,4,0,0,6,6,4,1.5,1.0,1,3,1,1,3,1,0.5,0.0,1,1,0,0,1,1,-2,-4,14,6,8,9,10,-1,1593,1525,68,53000000,55000000,1,2,1,1
2024,1250143,5,Fecha inválida,Rimini,Milan II,1,0,2,0,2,2,5,7,0,0,2,5,7,1.25,1.75,0,3,3,0,3,3,0.0,0.0,2,0,2,2,1,4,0,1,2,1,4,0.25,1.0,1,1,0,1,1,0,0.0,0.0,1,1,0,0,1,1,0,1,10,6,4,7,5,2,1509,1505,4,59000000,55000000,2,1,1,1
2024,1250147,6,Fecha inválida,Arezzo,Gubbio,2,0,9,3,0,2,4,6,1,0,9,4,6,0.8,1.2,3,1,2,3,1,2,1.0,0.33,9,2,3,0,3,1,2,0,9,3,1,0.6,0.2,4,1,0,4,1,0,0.33,0.5,2,2,2,2,2,2,0,-4,17,7,10,3,4,-1,1576,1566,10,56000000,56000000,0,2,0,0
2024,1250154,6,Fecha inválida,Sestri Levante,Torres,1,2,4,1,1,3,5,8,0,1,4,5,8,1.0,1.6,2,2,3,2,2,3,0.0,0.33,9,2,3,0,7,3,1,0,9,7,3,1.4,0.6,3,2,2,3,2,2,0.33,0.5,1,1,2,2,1,1,-5,-7,16,15,1,3,3,0,1515,1534,-19,55000000,54000000,1,0,1,0
2024,1250155,6,Fecha inválida,Ternana,Legnago Salus,8,0,10,3,1,1,8,3,0,1,10,8,3,1.6,0.6,3,2,3,3,2,3,0.5,0.67,0,0,0,5,2,10,0,5,0,2,10,0.4,2.0,0,1,2,0,1,2,0.0,0.0,1,1,0,0,1,1,10,13,17,13,4,4,4,0,1516,1572,-56,56000000,52000000,0,1,0,0
2024,1250150,6,Fecha inválida,Lucchese,Pianese,3,3,8,2,2,1,7,6,0,0,8,7,6,1.4,1.2,1,3,3,1,3,3,0.0,0.67,5,1,2,2,7,7,0,0,5,7,7,1.4,1.4,1,3,2,1,3,2,0.33,0.0,0,2,0,0,2,0,3,1,10,2,8,3,3,0,1589,1581,8,59000000,51000000,1,0,1,1
2024,1250153,6,Fecha inválida,Pineto,Pontedera,1,1,6,1,3,1,4,5,0,0,6,4,5,0.8,1.0,2,2,2,2,2,2,0.5,0.0,6,2,0,3,8,8,1,0,6,8,8,1.6,1.6,0,3,3,0,3,3,0.33,0.5,2,2,0,0,2,2,0,-1,15,12,3,4,4,0,1514,1591,-77,54000000,51000000,1,1,0,1
2024,1250149,6,Fecha inválida,Athletic Carpi,Ascoli,2,2,6,1,3,1,7,6,0,0,6,7,6,1.4,1.2,1,4,2,1,4,2,0.5,0.0,7,2,1,2,7,6,0,0,7,7,6,1.4,1.2,2,3,3,2,3,3,0.5,0.33,0,2,0,0,2,0,-1,0,6,8,-2,2,4,-2,1525,1507,18,55000000,57000000,2,0,1,1
2024,1250151,6,Fecha inválida,Milan II,Spal,2,1,2,0,2,3,1,5,0,1,2,1,5,0.2,1.0,1,1,0,1,1,0,0.0,0.0,7,2,1,2,9,10,0,0,7,9,10,1.8,2.0,0,4,5,0,4,5,0.33,0.5,1,1,0,0,1,1,-5,-3,6,14,-8,2,2,0,1505,1593,-88,55000000,53000000,1,1,1,1
2024,1250152,6,Fecha inválida,Perugia,Rimini,1,4,6,1,3,1,7,6,0,0,6,7,6,1.4,1.2,2,2,2,2,2,2,0.5,0.0,5,1,2,2,6,7,0,0,5,6,7,1.2,1.4,1,3,3,1,3,3,0.33,0.0,1,4,2,2,4,1,1,2,5,10,-5,3,3,0,1524,1509,15,54000000,59000000,2,2,0,1
2024,1250156,6,Fecha inválida,Virtus Entella,Pescara,0,1,11,3,2,0,7,4,3,0,11,7,4,1.4,0.8,1,4,2,1,4,2,0.67,0.5,11,3,2,0,7,4,1,0,11,7,4,1.4,0.8,2,3,3,2,3,3,0.33,1.0,2,8,4,4,8,2,0,0,8,6,2,4,3,1,1527,1525,2,57000000,55000000,2,0,1,1
2024,1250148,6,Fecha inválida,Città di Campobasso,Vis Pesaro,3,2,4,1,1,3,2,4,0,1,4,2,4,0.4,0.8,2,0,0,2,0,0,0.5,0.0,9,3,0,2,6,5,0,1,9,6,5,1.2,1.0,3,0,2,3,0,2,0.67,0.5,1,1,0,0,1,1,-5,-3,11,9,2,6,6,0,1510,1508,2,50000000,58000000,0,1,0,0
2024,1250159,7,Fecha inválida,Gubbio,Torres,1,2,9,2,3,1,3,3,2,0,9,3,1,0.6,0.2,4,1,0,4,1,0,0.33,0.33,12,3,3,0,9,4,1,0,9,7,3,1.4,0.6,3,3,3,3,2,2,0.33,0.67,1,3,2,2,3,1,-3,-5,7,15,-8,4,4,0,1566,1534,32,56000000,54000000,2,0,0,0
2024,1250157,7,Fecha inválida,Arezzo,Ternana,1,2,12,4,0,2,6,6,1,0,9,4,6,0.8,1.2,4,1,2,3,1,2,1.0,0.33,13,4,1,1,16,3,0,1,10,8,3,1.6,0.6,4,2,4,3,2,3,0.67,0.67,0,1,1,1,1,0,-1,-13,17,17,0,4,3,1,1576,1516,60,56000000,56000000,0,0,0,0
2024,1250160,7,Fecha inválida,Legnago Salus,Pineto,2,1,0,0,0,6,2,18,0,6,0,2,10,0.4,2.0,0,1,3,0,1,2,0.0,0.0,7,1,4,1,5,6,0,0,6,4,5,0.8,1.0,2,3,2,2,2,2,0.33,0.0,1,1,0,0,1,1,-7,-15,13,15,-2,3,2,1,1572,1514,58,52000000,54000000,1,1,0,0
2024,1250158,7,Fecha inválida,Ascoli,Rimini,0,1,8,2,2,2,9,8,0,0,7,7,6,1.4,1.2,2,4,4,2,3,3,0.5,0.25,8,2,2,2,10,8,0,0,5,6,7,1.2,1.4,1,4,4,1,3,3,0.33,0.33,0,1,1,1,1,0,0,-1,8,10,-2,2,2,0,1507,1509,-2,57000000,59000000,0,2,1,1
2024,1250163,7,Fecha inválida,Pianese,Sestri Levante,0,1,6,1,3,2,10,10,0,0,5,7,7,1.4,1.4,1,4,3,1,3,2,0.33,0.0,4,1,1,4,6,10,0,1,4,5,8,1.0,1.6,2,3,4,2,2,3,0.0,0.33,0,1,1,1,1,0,2,4,2,16,-14,3,4,-1,1581,1515,66,51000000,55000000,0,1,1,1
2024,1250165,7,Fecha inválida,Spal,Virtus Entella,0,2,7,2,1,3,10,12,0,0,7,9,10,1.8,2.0,0,5,6,0,4,5,0.33,0.33,11,3,2,1,7,5,3,0,11,7,4,1.4,0.8,1,4,2,1,4,2,0.5,0.5,3,4,1,1,4,3,-4,-4,14,8,6,3,2,1,1593,1527,66,53000000,57000000,1,2,1,1
2024,1250164,7,Fecha inválida,Pontedera,Città di Campobasso,1,2,7,2,1,3,9,9,1,0,6,8,8,1.6,1.6,0,4,3,0,3,3,0.33,0.33,7,2,1,3,5,6,0,1,4,2,4,0.4,0.8,2,1,1,2,0,0,0.67,0.0,0,1,1,1,1,0,0,1,12,11,1,3,2,1,1591,1510,81,51000000,50000000,1,0,1,0
2024,1250162,7,Fecha inválida,Pescara,Athletic Carpi,2,1,14,4,2,0,8,4,1,0,11,7,4,1.4,0.8,3,3,3,2,3,3,0.33,1.0,7,1,4,1,9,8,0,0,6,7,6,1.4,1.2,1,5,3,1,4,2,0.33,0.0,1,1,0,0,1,1,7,3,6,6,0,4,4,0,1525,1525,0,55000000,55000000,0,2,1,1
2024,1250161,7,Fecha inválida,Lucchese,Milan II,1,1,9,2,3,1,10,9,0,0,8,7,6,1.4,1.2,1,4,4,1,3,3,0.0,0.67,5,1,2,3,3,6,0,1,2,1,5,0.2,1.0,1,2,1,1,1,0,0.33,0.0,0,2,0,0,2,0,4,4,10,6,4,5,4,1,1589,1505,84,59000000,55000000,1,1,1,1
2024,1250166,7,Fecha inválida,Vis Pesaro,Perugia,0,0,9,3,0,3,8,8,0,1,9,6,5,1.2,1.0,3,1,3,3,0,2,0.67,0.33,6,1,3,2,8,10,0,0,6,7,6,1.4,1.2,2,3,3,2,2,2,0.33,0.0,1,3,2,2,3,1,3,2,9,5,4,4,4,0,1508,1524,-16,58000000,54000000,1,2,0,0
2024,1250172,8,Fecha inválida,Rimini,Spal,0,1,11,3,2,2,11,8,0,0,5,6,7,1.2,1.4,2,4,4,1,3,3,0.33,0.5,7,2,1,4,10,14,0,0,7,9,10,1.8,2.0,0,5,6,0,4,5,0.25,0.33,1,1,3,3,1,1,4,7,10,14,-4,5,5,0,1509,1593,-84,59000000,53000000,2,1,1,1
2024,1250173,8,Fecha inválida,Sestri Levante,Vis Pesaro,1,1,7,2,1,4,7,10,0,1,4,5,8,1.0,1.6,3,3,4,2,2,3,0.0,0.5,10,3,1,3,8,8,0,1,9,6,5,1.2,1.0,4,1,3,3,0,2,0.5,0.33,1,3,0,0,3,1,-3,-3,16,9,7,5,4,1,1515,1508,7,55000000,58000000,1,1,1,0
2024,1250168,8,Fecha inválida,Athletic Carpi,Pontedera,2,1,7,1,4,2,10,10,0,0,6,7,6,1.4,1.2,1,6,4,1,4,2,0.33,0.0,7,2,1,4,10,11,1,0,6,8,8,1.6,1.6,0,5,4,0,3,3,0.25,0.33,1,1,0,0,1,1,0,1,6,12,-6,4,5,-1,1525,1591,-66,55000000,51000000,2,1,1,1
2024,1250169,8,Fecha inválida,Milan II,Pianese,0,1,6,1,3,3,4,7,0,1,2,1,5,0.2,1.0,1,3,1,1,1,0,0.33,0.0,6,1,3,3,10,11,0,0,5,7,7,1.4,1.4,1,4,3,1,3,2,0.25,0.0,0,1,1,1,1,0,0,-2,6,2,4,4,5,-1,1505,1581,-76,55000000,51000000,1,0,1,1
2024,1250171,8,Fecha inválida,Pineto,Gubbio,1,2,7,1,4,2,6,8,0,0,6,4,5,0.8,1.0,2,4,3,2,2,2,0.33,0.0,9,2,3,2,4,5,2,0,9,3,1,0.6,0.2,4,2,1,4,1,0,0.25,0.33,0,2,2,2,2,0,-2,-1,15,7,8,7,7,0,1514,1566,-52,54000000,56000000,1,2,0,0
2024,1250175,8,Fecha inválida,Torres,Arezzo,0,2,15,4,3,0,11,5,1,0,9,7,3,1.4,0.6,3,4,4,3,2,2,0.33,0.75,12,4,0,3,7,8,1,0,9,4,6,0.8,1.2,4,2,3,3,1,2,0.75,0.33,1,2,1,1,2,1,3,7,15,17,-2,7,7,0,1534,1576,-42,54000000,56000000,0,0,0,0
2024,1250170,8,Fecha inválida,Perugia,Lucchese,4,0,7,1,4,2,8,10,0,0,6,7,6,1.4,1.2,3,3,3,2,2,2,0.33,0.0,10,2,4,1,11,10,0,0,8,7,6,1.4,1.2,1,5,4,1,3,3,0.0,0.67,2,2,0,0,2,2,-3,-3,5,10,-5,5,5,0,1524,1589,-65,54000000,59000000,2,1,0,1
2024,1250176,8,Fecha inválida,Virtus Entella,Legnago Salus,3,1,14,4,2,1,9,5,3,0,11,7,4,1.4,0.8,2,4,2,1,4,2,0.5,0.67,3,1,0,6,4,19,0,6,0,2,10,0.4,2.0,0,2,4,0,1,2,0.25,0.0,1,1,0,0,1,1,11,19,8,13,-5,6,7,-1,1527,1572,-45,57000000,52000000,2,1,1,0
2024,1250167,8,Fecha inválida,Ascoli,Pescara,1,2,8,2,2,3,9,9,0,0,7,7,6,1.4,1.2,2,4,4,2,3,3,0.33,0.25,17,5,2,0,10,5,1,0,11,7,4,1.4,0.8,3,4,4,2,3,3,0.5,1.0,3,3,4,4,3,3,-9,-5,8,6,2,7,5,2,1507,1525,-18,57000000,55000000,0,0,1,1
2024,1250174,8,Fecha inválida,Ternana,Città di Campobasso,0,0,16,5,1,1,18,4,0,1,10,8,3,1.6,0.6,4,3,5,3,2,3,0.67,0.75,10,3,1,3,7,7,0,1,4,2,4,0.4,0.8,2,2,2,2,0,0,0.67,0.25,0,2,0,0,2,0,6,14,17,11,6,8,8,0,1516,1510,6,56000000,50000000,0,0,0,0
2024,1250180,9,Fecha inválida,Lucchese,Sestri Levante,0,0,10,2,4,2,11,14,0,0,8,7,6,1.4,1.2,1,5,5,1,3,3,0.0,0.5,8,2,2,4,8,11,0,1,4,5,8,1.0,1.6,3,4,4,2,2,3,0.0,0.5,1,2,1,1,2,1,2,0,10,16,-6,5,6,-1,1589,1515,74,59000000,55000000,1,1,1,1
2024,1250184,9,Fecha inválida,Pontedera,Torres,2,3,7,2,1,5,11,13,1,0,6,8,8,1.6,1.6,0,6,5,0,3,3,0.25,0.25,15,4,3,1,11,7,1,0,9,7,3,1.4,0.6,3,4,4,3,2,2,0.25,0.75,2,2,2,2,2,2,-8,-6,12,15,-3,7,6,1,1591,1534,57,51000000,54000000,1,0,1,0
2024,1250181,9,Fecha inválida,Perugia,Virtus Entella,0,1,10,2,4,2,12,10,0,0,6,7,6,1.4,1.2,4,3,4,2,2,2,0.5,0.0,17,5,2,1,12,6,3,0,11,7,4,1.4,0.8,2,5,3,1,4,2,0.6,0.67,5,2,3,3,2,5,-7,-4,5,8,-3,6,6,0,1524,1527,-3,54000000,57000000,2,2,0,1
2024,1250178,9,Fecha inválida,Città di Campobasso,Spal,4,0,11,3,2,3,7,7,0,1,4,2,4,0.4,0.8,3,2,2,2,0,0,0.67,0.2,10,3,1,4,11,14,0,0,7,9,10,1.8,2.0,1,5,6,0,4,5,0.25,0.5,1,1,0,0,1,1,1,3,11,14,-3,5,8,-3,1510,1593,-83,50000000,53000000,0,1,0,1
2024,1250179,9,Fecha inválida,Legnago Salus,Gubbio,0,1,3,1,0,7,5,22,0,6,0,2,10,0.4,2.0,0,3,5,0,1,2,0.25,0.0,12,3,3,2,6,6,2,0,9,3,1,0.6,0.2,4,3,2,4,1,0,0.25,0.5,0,2,2,2,2,0,-9,-17,13,7,6,6,7,-1,1572,1566,6,52000000,56000000,1,2,0,0
2024,1250177,9,Fecha inválida,Arezzo,Rimini,1,1,15,5,0,3,9,8,1,0,9,4,6,0.8,1.2,5,2,3,3,1,2,0.75,0.5,11,3,2,3,11,9,0,0,5,6,7,1.2,1.4,2,4,4,1,3,3,0.25,0.5,2,2,0,0,2,2,4,-1,17,10,7,7,8,-1,1576,1509,67,56000000,59000000,0,2,0,1
2024,1250186,9,Fecha inválida,Vis Pesaro,Pineto,1,1,11,3,2,3,9,9,0,1,9,6,5,1.2,1.0,4,2,3,3,0,2,0.5,0.25,7,1,4,3,7,10,0,0,6,4,5,0.8,1.0,2,5,4,2,2,2,0.25,0.0,0,4,0,0,4,0,4,3,9,15,-6,8,7,1,1508,1514,-6,58000000,54000000,1,1,0,0
2024,1250183,9,Fecha inválida,Pianese,Athletic Carpi,1,0,9,2,3,3,11,11,0,0,5,7,7,1.4,1.4,2,4,3,1,3,2,0.25,0.25,10,2,4,2,12,11,0,0,6,7,6,1.4,1.2,1,7,5,1,4,2,0.5,0.0,1,2,0,0,2,1,-1,-1,2,6,-4,8,8,0,1581,1525,56,51000000,55000000,0,2,1,1
2024,1250185,9,Fecha inválida,Ternana,Ascoli,3,1,17,5,2,1,18,4,0,1,10,8,3,1.6,0.6,5,3,5,3,2,3,0.5,0.75,8,2,2,4,10,11,0,0,7,7,6,1.4,1.2,2,5,5,2,3,3,0.25,0.25,3,2,7,7,2,3,9,15,17,8,9,6,7,-1,1516,1507,9,56000000,57000000,0,0,0,1
2024,1250194,10,Fecha inválida,Spal,Pescara,0,1,10,3,1,5,11,18,0,0,7,9,10,1.8,2.0,1,5,7,0,4,5,0.25,0.4,20,6,2,0,12,6,1,0,11,7,4,1.4,0.8,3,5,5,2,3,3,0.5,1.0,3,1,2,2,1,3,-10,-13,14,6,8,5,12,-7,1593,1525,68,53000000,55000000,1,0,1,1
2024,1250193,10,Fecha inválida,Sestri Levante,Arezzo,0,1,9,2,3,4,8,11,0,1,4,5,8,1.0,1.6,4,4,4,2,2,3,0.0,0.4,16,5,1,3,10,9,1,0,9,4,6,0.8,1.2,5,3,3,3,1,2,0.6,0.5,0,2,2,2,2,0,-7,-4,16,17,-1,7,5,2,1515,1576,-61,55000000,56000000,1,0,1,0
2024,1250187,10,Fecha inválida,Ascoli,Perugia,0,1,8,2,2,5,11,14,0,0,7,7,6,1.4,1.2,2,6,6,2,3,3,0.25,0.2,10,2,4,3,12,11,0,0,6,7,6,1.4,1.2,4,3,4,2,2,2,0.4,0.0,2,5,8,8,5,2,-2,-4,8,5,3,5,6,-1,1507,1524,-17,57000000,54000000,0,2,1,0
2024,1250192,10,Fecha inválida,Rimini,Pianese,0,0,12,3,3,3,12,10,0,0,5,6,7,1.2,1.4,2,5,4,1,3,3,0.25,0.4,12,3,3,3,12,11,0,0,5,7,7,1.4,1.4,3,4,3,1,3,2,0.4,0.25,0,2,0,0,2,0,0,1,10,2,8,5,5,0,1509,1581,-72,59000000,51000000,2,0,1,1
2024,1250189,10,Fecha inválida,Gubbio,Pontedera,0,1,15,4,3,2,7,6,2,0,9,3,1,0.6,0.2,5,3,2,4,1,0,0.25,0.6,7,2,1,6,13,16,1,0,6,8,8,1.6,1.6,0,7,6,0,3,3,0.2,0.25,2,5,2,2,5,2,8,4,7,12,-5,7,8,-1,1566,1591,-25,56000000,51000000,2,1,0,1
2024,1250195,10,Fecha inválida,Torres,Ternana,1,1,18,5,3,1,14,9,1,0,9,7,3,1.4,0.6,3,5,5,3,2,2,0.25,0.8,20,6,2,1,21,5,0,1,10,8,3,1.6,0.6,5,4,6,3,2,3,0.6,0.75,0,2,0,0,2,0,-2,-11,15,17,-2,8,6,2,1534,1516,18,54000000,56000000,0,0,0,0
2024,1250196,10,Fecha inválida,Virtus Entella,Vis Pesaro,1,1,20,6,2,1,13,6,3,0,11,7,4,1.4,0.8,3,5,3,1,4,2,0.6,0.75,12,3,3,3,10,10,0,1,9,6,5,1.2,1.0,4,3,3,3,0,2,0.4,0.25,2,4,2,2,4,2,8,7,8,9,-1,8,7,1,1527,1508,19,57000000,58000000,2,1,1,0
2024,1250188,10,Fecha inválida,Athletic Carpi,Lucchese,0,0,10,2,4,3,12,12,0,0,6,7,6,1.4,1.2,1,7,5,1,4,2,0.5,0.0,11,2,5,2,11,14,0,0,8,7,6,1.4,1.2,2,5,5,1,3,3,0.0,0.5,0,2,0,0,2,0,-1,3,6,10,-4,7,8,-1,1525,1589,-64,55000000,59000000,2,1,1,1
2024,1250190,10,Fecha inválida,Milan II,Legnago Salus,1,3,6,1,3,4,4,8,0,1,2,1,5,0.2,1.0,1,3,1,1,1,0,0.25,0.0,3,1,0,8,5,23,0,6,0,2,10,0.4,2.0,0,3,5,0,1,2,0.2,0.0,0,1,1,1,1,0,3,14,6,13,-7,15,7,8,1505,1572,-67,55000000,52000000,1,1,1,0
2024,1250191,10,Fecha inválida,Pineto,Città di Campobasso,0,1,8,1,5,3,8,11,0,0,6,4,5,0.8,1.0,2,6,4,2,2,2,0.25,0.0,14,4,2,3,11,7,0,1,4,2,4,0.4,0.8,4,2,3,2,0,0,0.75,0.2,1,2,1,1,2,1,-6,-7,15,11,4,8,8,0,1514,1510,4,54000000,50000000,1,0,0,0
2024,1250205,11,Fecha inválida,Ternana,Rimini,1,1,21,6,3,1,22,6,0,1,10,8,3,1.6,0.6,5,5,6,3,2,3,0.6,0.6,13,3,4,3,12,10,0,0,5,6,7,1.2,1.4,3,5,4,1,3,3,0.2,0.4,1,3,0,0,3,1,8,14,17,10,7,5,6,-1,1516,1509,7,56000000,59000000,0,2,0,1
2024,1250206,11,Fecha inválida,Vis Pesaro,Athletic Carpi,4,0,13,3,4,3,11,11,0,1,9,6,5,1.2,1.0,4,4,3,3,0,2,0.4,0.2,11,2,5,3,12,12,0,0,6,7,6,1.4,1.2,2,7,5,1,4,2,0.4,0.0,1,1,0,0,1,1,2,0,9,6,3,5,5,0,1508,1525,-17,58000000,55000000,1,2,0,1
2024,1250202,11,Fecha inválida,Pianese,Gubbio,3,1,13,3,4,3,12,11,0,0,5,7,7,1.4,1.4,4,4,3,1,3,2,0.4,0.2,15,4,3,3,7,7,2,0,9,3,1,0.6,0.2,5,3,2,4,1,0,0.2,0.6,1,1,0,0,1,1,-2,1,2,7,-5,6,5,1,1581,1566,15,51000000,56000000,0,2,1,0
2024,1250199,11,Fecha inválida,Legnago Salus,Torres,2,3,6,2,0,8,8,24,0,6,0,2,10,0.4,2.0,0,4,6,0,1,2,0.2,0.2,19,5,4,1,15,10,1,0,9,7,3,1.4,0.6,3,6,5,3,2,2,0.2,0.8,0,1,1,1,1,0,-13,-21,13,15,-2,5,6,-1,1572,1534,38,52000000,54000000,1,0,0,0
2024,1250198,11,Fecha inválida,Città di Campobasso,Sestri Levante,0,0,17,5,2,3,12,7,0,1,4,2,4,0.4,0.8,5,2,3,2,0,0,0.75,0.33,9,2,3,5,8,12,0,1,4,5,8,1.0,1.6,4,4,4,2,2,3,0.0,0.4,0,2,0,0,2,0,8,9,11,16,-5,4,7,-3,1510,1515,-5,50000000,55000000,0,1,0,1
2024,1250197,11,Fecha inválida,Arezzo,Spal,2,1,19,6,1,3,11,9,1,0,9,4,6,0.8,1.2,6,3,3,3,1,2,0.6,0.6,10,3,1,6,11,19,0,0,7,9,10,1.8,2.0,1,5,7,0,4,5,0.2,0.4,2,2,0,0,2,2,9,10,17,14,3,7,7,0,1576,1593,-17,56000000,53000000,0,1,0,1
2024,1250201,11,Fecha inválida,Perugia,Milan II,0,2,13,3,4,3,13,11,0,0,6,7,6,1.4,1.2,5,3,4,2,2,2,0.4,0.2,6,1,3,5,5,11,0,1,2,1,5,0.2,1.0,1,4,2,1,1,0,0.2,0.0,0,1,1,1,1,0,7,8,5,6,-1,7,6,1,1524,1505,19,54000000,55000000,2,1,0,1
2024,1250204,11,Fecha inválida,Pontedera,Virtus Entella,1,1,10,3,1,6,14,16,1,0,6,8,8,1.6,1.6,1,7,6,0,3,3,0.2,0.4,21,6,3,1,14,7,3,0,11,7,4,1.4,0.8,3,6,3,1,4,2,0.5,0.75,3,2,6,6,2,3,-11,-9,12,8,4,7,7,0,1591,1527,64,51000000,57000000,1,2,1,1
2024,1250203,11,Fecha inválida,Pineto,Ascoli,1,0,8,1,5,4,8,12,0,0,6,4,5,0.8,1.0,2,6,4,2,2,2,0.2,0.0,8,2,2,6,11,15,0,0,7,7,6,1.4,1.2,2,6,6,2,3,3,0.2,0.2,1,1,0,0,1,1,0,0,15,8,7,5,8,-3,1514,1507,7,54000000,57000000,1,0,0,1
2024,1250200,11,Fecha inválida,Lucchese,Pescara,1,3,12,2,6,2,11,14,0,0,8,7,6,1.4,1.2,3,5,5,1,3,3,0.0,0.4,23,7,2,0,13,6,1,0,11,7,4,1.4,0.8,4,5,5,2,3,3,0.5,1.0,1,2,3,3,2,1,-11,-10,10,6,4,7,9,-2,1589,1525,64,59000000,55000000,1,0,1,1
2024,1250214,12,Fecha inválida,Spal,Pianese,1,1,9,3,0,7,10,19,0,2,6,8,10,1.6,2.0,1,5,7,0,4,5,0.25,0.33,15,4,3,3,12,9,0,1,5,7,7,1.4,1.4,4,4,3,1,3,2,0.6,0.2,0,2,0,0,2,0,-6,-12,14,2,12,3,3,0,1593,1581,12,53000000,51000000,1,0,1,1
2024,1250213,12,Fecha inválida,Sestri Levante,Ternana,0,1,10,2,4,4,8,11,0,0,4,6,9,1.2,1.8,5,4,4,2,3,4,0.0,0.4,22,6,4,0,22,5,1,0,13,15,1,3.0,0.2,5,5,5,4,1,3,0.6,0.6,0,1,1,1,1,0,-12,-20,16,17,-1,3,3,0,1515,1516,-1,55000000,56000000,1,0,1,0
2024,1250209,12,Fecha inválida,Gubbio,Vis Pesaro,1,3,12,3,3,4,7,10,1,0,6,2,3,0.4,0.6,4,4,3,3,1,0,0.0,0.5,16,4,4,2,15,8,3,0,9,8,5,1.6,1.0,5,4,3,3,1,2,0.5,0.25,8,3,4,4,3,8,-4,-10,7,9,-2,4,4,0,1566,1508,58,56000000,58000000,2,1,0,0
2024,1250212,12,Fecha inválida,Rimini,Legnago Salus,1,0,13,3,4,3,11,9,0,2,7,8,6,1.6,1.2,3,5,3,1,3,3,0.2,0.4,6,2,0,8,8,24,0,5,0,0,15,0.0,3.0,0,4,6,0,0,2,0.2,0.2,1,1,0,0,1,1,7,18,10,13,-3,4,3,1,1509,1572,-63,59000000,52000000,2,1,1,0
2024,1250208,12,Fecha inválida,Athletic Carpi,Arezzo,2,1,10,2,4,4,10,14,0,0,6,7,6,1.4,1.2,2,6,5,1,4,2,0.5,0.0,19,6,1,3,12,10,0,2,9,5,6,1.0,1.2,5,4,4,3,1,2,0.6,0.6,1,1,0,0,1,1,-9,-6,6,17,-11,4,3,1,1525,1576,-51,55000000,56000000,2,0,1,0
2024,1250215,12,Fecha inválida,Torres,Perugia,2,1,19,5,4,1,15,12,0,0,9,6,4,1.2,0.8,2,7,5,2,3,2,0.0,0.83,12,3,3,4,10,10,1,0,5,5,7,1.0,1.4,5,2,3,2,2,2,0.33,0.25,2,2,0,0,2,2,7,3,15,5,10,4,3,1,1534,1524,10,54000000,54000000,0,2,0,0
2024,1250210,12,Fecha inválida,Milan II,Pineto,0,2,9,2,3,5,7,11,0,1,2,1,5,0.2,1.0,2,4,2,1,1,0,0.2,0.2,10,2,4,4,9,12,0,0,6,5,6,1.0,1.2,2,6,4,1,3,2,0.4,0.0,0,1,1,1,1,0,-1,-1,6,15,-9,3,3,0,1505,1514,-9,55000000,54000000,1,1,1,0
2024,1250207,12,Fecha inválida,Ascoli,Città di Campobasso,1,1,7,2,1,7,9,14,1,0,7,7,6,1.4,1.2,2,5,5,2,3,3,0.2,0.2,18,5,3,2,12,6,1,0,7,5,5,1.0,1.0,6,2,3,2,1,1,0.6,0.4,0,3,0,0,3,0,-11,-11,8,11,-3,3,4,-1,1507,1510,-3,57000000,50000000,0,0,1,0
2024,1250211,12,Fecha inválida,Pescara,Pontedera,2,1,26,8,2,0,16,7,1,0,11,7,4,1.4,0.8,4,6,6,2,3,3,0.5,1.0,8,2,2,6,12,15,0,1,4,6,7,1.2,1.4,1,7,5,0,3,2,0.17,0.25,3,3,1,1,3,3,18,12,6,12,-6,3,3,0,1525,1591,-66,55000000,51000000,0,1,1,1
2024,1250216,12,Fecha inválida,Virtus Entella,Lucchese,0,0,19,5,4,1,14,8,2,0,8,6,5,1.2,1.0,2,7,3,0,4,2,0.4,0.6,11,2,5,3,12,17,0,1,8,10,9,2.0,1.8,2,6,6,0,4,4,0.0,0.5,1,8,2,2,8,1,8,11,8,10,-2,3,3,0,1527,1589,-62,57000000,59000000,2,1,1,1
2024,1250224,13,Fecha inválida,Ternana,Spal,4,1,22,6,4,0,21,4,0,0,13,15,1,3.0,0.2,6,4,4,4,1,3,0.6,0.6,10,3,1,6,11,17,0,1,6,8,9,1.6,1.8,1,6,6,0,4,4,0.2,0.4,3,3,2,2,3,3,12,23,17,14,3,3,3,0,1516,1593,-77,56000000,53000000,0,1,0,1
2024,1250225,13,Fecha inválida,Torres,Pianese,3,0,21,6,3,1,15,11,1,0,11,6,3,1.2,0.6,2,7,5,2,3,2,0.2,1.0,16,4,4,2,13,9,1,0,5,7,7,1.4,1.4,4,5,3,1,3,2,0.6,0.2,1,1,0,0,1,1,5,0,15,2,13,2,3,-1,1534,1581,-47,54000000,51000000,0,0,0,1
2024,1250219,13,Fecha inválida,Gubbio,Rimini,1,0,9,2,3,5,7,13,0,0,3,2,5,0.4,1.0,3,5,4,2,2,1,0.0,0.4,16,4,4,2,11,7,0,1,10,8,4,1.6,0.8,4,4,2,2,2,2,0.4,0.4,5,4,3,3,4,5,-7,-10,7,10,-3,3,3,0,1566,1509,57,56000000,59000000,2,2,0,1
2024,1250226,13,Fecha inválida,Vis Pesaro,Pescara,1,0,16,4,4,2,15,9,2,0,7,5,5,1.0,1.0,4,5,3,3,1,1,0.4,0.4,26,8,2,0,16,7,0,0,11,6,3,1.2,0.6,4,6,6,3,2,2,0.6,1.0,2,3,2,2,3,2,-10,-3,9,6,3,4,3,1,1508,1525,-17,58000000,55000000,1,0,0,1
2024,1250220,13,Fecha inválida,Legnago Salus,Perugia,2,2,6,2,0,8,8,23,0,4,3,2,14,0.4,2.8,0,4,6,0,1,3,0.2,0.2,9,2,3,5,8,12,0,1,3,2,7,0.4,1.4,4,3,3,2,2,1,0.2,0.2,0,2,2,2,2,0,-3,-11,13,5,8,4,3,1,1572,1524,48,52000000,54000000,1,2,0,0
2024,1250218,13,Fecha inválida,Città di Campobasso,Lucchese,3,0,16,4,4,2,11,7,0,2,7,5,6,1.0,1.2,5,3,3,1,2,2,0.5,0.33,12,2,6,2,12,16,1,0,9,11,9,2.2,1.8,3,6,6,0,5,4,0.0,0.4,1,1,0,0,1,1,4,8,11,10,1,3,3,0,1510,1589,-79,50000000,59000000,0,1,0,1
2024,1250217,13,Fecha inválida,Arezzo,Ascoli,1,1,19,6,1,3,13,9,0,1,9,6,5,1.2,1.0,5,5,4,3,2,2,0.6,0.6,5,1,2,7,9,15,0,1,4,6,7,1.2,1.4,1,6,5,1,3,3,0.0,0.2,1,2,0,0,2,1,14,10,17,8,9,4,3,1,1576,1507,69,56000000,57000000,0,0,0,1
2024,1250222,13,Fecha inválida,Pontedera,Milan II,1,1,8,2,2,6,12,15,1,0,4,6,7,1.2,1.4,1,7,5,0,3,2,0.2,0.2,9,2,3,5,7,12,0,0,5,3,5,0.6,1.0,2,4,2,1,2,1,0.17,0.25,0,2,0,0,2,0,-1,2,12,6,6,3,3,0,1591,1505,86,51000000,55000000,1,1,1,1
2024,1250221,13,Fecha inválida,Pineto,Athletic Carpi,1,4,12,3,3,4,11,12,1,0,5,6,8,1.2,1.6,2,6,4,0,4,3,0.4,0.2,12,3,3,4,11,14,1,0,5,7,7,1.4,1.4,2,6,6,1,4,3,0.6,0.0,0,1,1,1,1,0,0,2,15,6,9,4,4,0,1514,1525,-11,54000000,55000000,1,2,0,1
2024,1250223,13,Fecha inválida,Sestri Levante,Virtus Entella,0,0,9,2,3,5,8,12,0,2,6,7,9,1.4,1.8,4,4,4,2,3,4,0.0,0.4,17,4,5,1,12,7,1,0,8,6,4,1.2,0.8,3,6,2,1,3,1,0.33,0.5,1,3,0,0,3,1,-8,-9,16,8,8,5,3,2,1515,1527,-12,55000000,57000000,1,2,1,1
2024,1250229,14,Fecha inválida,Lucchese,Legnago Salus,1,1,9,1,6,3,9,17,0,0,6,8,11,1.6,2.2,3,5,6,0,4,4,0.0,0.2,7,2,1,7,10,24,0,3,3,3,16,0.6,3.2,0,5,7,0,2,4,0.2,0.2,1,2,0,0,2,1,2,6,10,13,-3,6,6,0,1589,1572,17,59000000,52000000,1,1,1,0
2024,1250232,14,Fecha inválida,Pescara,Sestri Levante,1,0,25,8,1,1,14,6,2,0,13,6,2,1.2,0.4,4,5,5,3,2,2,0.75,0.83,10,2,4,4,7,8,0,1,7,7,6,1.4,1.2,5,3,3,2,3,3,0.0,0.5,3,1,0,0,1,3,15,9,6,16,-10,6,5,1,1525,1515,10,55000000,55000000,0,1,1,1
2024,1250234,14,Fecha inválida,Rimini,Torres,1,1,16,4,4,2,11,7,0,0,10,8,4,1.6,0.8,4,4,2,2,2,2,0.5,0.33,21,6,3,1,17,11,0,0,8,5,5,1.0,1.0,2,7,6,1,3,2,0.33,1.0,1,4,1,1,4,1,-5,-2,10,15,-5,7,7,0,1509,1534,-25,59000000,54000000,2,0,1,0
2024,1250227,14,Fecha inválida,Ascoli,Pontedera,1,1,6,1,3,6,9,14,1,0,4,6,7,1.2,1.4,1,6,4,1,3,3,0.0,0.2,6,1,3,6,9,15,0,2,1,3,8,0.6,1.6,1,7,4,0,3,2,0.0,0.2,0,2,0,0,2,0,0,1,8,12,-4,6,6,0,1507,1591,-84,57000000,51000000,0,1,1,1
2024,1250231,14,Fecha inválida,Perugia,Ternana,0,0,10,2,4,4,10,12,0,0,6,6,5,1.2,1.0,4,4,4,3,2,2,0.2,0.2,24,7,3,0,25,5,4,0,13,15,1,3.0,0.2,5,5,5,4,1,3,0.67,0.75,2,5,4,4,5,2,-14,-22,5,17,-12,7,8,-1,1524,1516,8,54000000,56000000,2,0,0,0
2024,1250236,14,Fecha inválida,Virtus Entella,Gubbio,2,1,15,3,6,1,10,6,0,0,8,7,4,1.4,0.8,4,5,1,1,3,1,0.2,0.4,11,3,2,5,8,13,0,0,5,4,6,0.8,1.2,3,5,4,1,3,2,0.2,0.4,4,4,2,2,4,4,4,9,8,7,1,6,7,-1,1527,1566,-39,57000000,56000000,2,2,1,0
2024,1250228,14,Fecha inválida,Athletic Carpi,Città di Campobasso,0,0,12,3,3,4,13,15,0,0,5,7,8,1.4,1.6,1,7,7,0,5,4,0.5,0.17,19,5,4,1,14,5,0,1,8,5,4,1.0,0.8,6,3,4,2,2,2,0.6,0.4,0,2,1,1,2,0,-7,-11,6,11,-5,6,7,-1,1525,1510,15,55000000,50000000,2,0,1,0
2024,1250230,14,Fecha inválida,Milan II,Arezzo,2,2,9,2,3,5,7,12,0,1,5,3,5,0.6,1.0,2,4,2,1,2,1,0.2,0.2,20,6,2,2,13,7,3,0,12,7,2,1.4,0.4,5,5,3,4,1,1,0.5,0.75,0,2,0,0,2,0,-11,-11,6,17,-11,6,6,0,1505,1576,-71,55000000,56000000,1,0,1,0
2024,1250235,14,Fecha inválida,Spal,Pineto,2,1,10,3,1,6,10,18,2,0,9,7,6,1.4,1.2,1,6,6,1,3,3,0.25,0.33,9,2,3,5,9,15,0,1,2,4,9,0.8,1.8,2,6,4,0,4,3,0.2,0.2,2,2,0,0,2,2,1,-2,14,15,-1,8,6,2,1593,1514,79,53000000,54000000,1,1,1,0
2024,1250233,14,Fecha inválida,Pianese,Vis Pesaro,2,0,13,3,4,3,11,12,0,1,5,6,7,1.2,1.4,3,5,4,1,3,2,0.5,0.17,16,4,4,2,15,9,1,0,5,5,6,1.0,1.2,4,5,3,2,2,1,0.5,0.25,1,1,0,0,1,1,-3,-7,2,9,-7,8,7,1,1581,1508,73,51000000,58000000,0,1,1,0
2024,1250246,15,Fecha inválida,Vis Pesaro,Ascoli,1,1,13,3,4,3,13,11,0,2,3,4,7,0.8,1.4,3,5,3,1,3,1,0.4,0.2,4,0,4,6,8,15,0,1,1,5,10,1.0,2.0,0,7,4,0,4,4,0.0,0.0,0,2,0,0,2,0,9,9,9,8,1,5,5,0,1508,1507,1,58000000,57000000,1,0,0,1
2024,1250242,15,Fecha inválida,Pontedera,Pianese,1,2,7,1,4,5,10,14,0,1,1,5,9,1.0,1.8,1,8,4,0,4,3,0.0,0.2,16,4,4,2,12,10,0,0,8,6,5,1.2,1.0,4,4,3,2,2,1,0.6,0.2,2,2,1,1,2,2,-9,-6,12,2,10,6,6,0,1591,1581,10,51000000,51000000,1,0,1,1
2024,1250241,15,Fecha inválida,Pineto,Perugia,3,1,9,2,3,5,10,14,0,0,3,5,7,1.0,1.4,2,7,4,0,5,2,0.2,0.2,10,2,4,4,9,11,0,0,5,5,5,1.0,1.0,5,3,4,3,1,2,0.2,0.2,1,3,1,1,3,1,-1,-2,15,5,10,6,6,0,1514,1524,-10,54000000,54000000,1,2,0,0
2024,1250244,15,Fecha inválida,Ternana,Lucchese,5,0,22,6,4,0,22,5,3,0,13,15,2,3.0,0.4,5,5,4,3,2,3,0.6,0.6,9,1,6,3,8,16,1,0,6,6,9,1.2,1.8,3,5,5,1,3,3,0.0,0.2,1,1,0,0,1,1,13,25,17,10,7,7,8,-1,1516,1589,-73,56000000,59000000,0,1,0,1
2024,1250237,15,Fecha inválida,Arezzo,Pescara,0,0,18,5,3,2,14,9,2,0,10,7,3,1.4,0.6,4,6,4,3,2,1,0.4,0.6,25,8,1,1,14,6,1,0,13,7,3,1.4,0.6,4,5,5,2,3,3,0.8,0.8,0,2,2,2,2,0,-7,-3,17,6,11,7,7,0,1576,1525,51,56000000,55000000,0,0,0,1
2024,1250240,15,Fecha inválida,Legnago Salus,Spal,0,3,8,2,2,6,11,24,0,2,3,3,16,0.6,3.2,0,6,7,0,2,4,0.2,0.2,10,3,1,6,9,18,1,0,6,4,9,0.8,1.8,1,6,6,1,2,3,0.4,0.2,0,1,1,1,1,0,-2,-4,13,14,-1,8,6,2,1572,1593,-21,52000000,53000000,1,1,0,1
2024,1250245,15,Fecha inválida,Torres,Virtus Entella,0,1,21,6,3,1,18,12,0,0,10,8,7,1.6,1.4,1,8,6,0,4,3,0.4,0.8,17,4,5,1,11,6,0,0,10,7,3,1.4,0.6,4,5,2,2,2,1,0.4,0.4,1,1,4,4,1,1,4,1,15,8,7,7,7,0,1534,1527,7,54000000,57000000,0,2,0,1
2024,1250243,15,Fecha inválida,Sestri Levante,Rimini,0,3,10,2,4,4,6,6,1,0,8,6,3,1.2,0.6,5,2,2,3,2,2,0.0,0.4,16,4,4,2,10,6,3,0,10,7,3,1.4,0.6,4,4,1,2,2,1,0.4,0.4,1,1,2,2,1,1,-6,-4,16,10,6,7,7,0,1515,1509,6,55000000,59000000,1,2,1,1
2024,1250239,15,Fecha inválida,Gubbio,Athletic Carpi,1,0,10,3,1,6,8,14,0,0,7,4,5,0.8,1.0,3,5,5,2,2,2,0.2,0.4,12,3,3,4,12,14,0,1,4,6,8,1.2,1.6,2,6,7,0,4,4,0.4,0.2,1,1,0,0,1,1,-2,-4,7,6,1,7,7,0,1566,1525,41,56000000,55000000,2,2,0,1
2024,1250182,9,Fecha inválida,Pescara,Milan II,4,1,23,7,2,1,12,5,0,0,13,6,2,1.2,0.4,5,4,4,3,2,2,0.75,0.67,10,2,4,4,9,12,0,0,5,3,4,0.6,0.8,2,5,3,1,2,1,0.2,0.2,1,1,0,0,1,1,13,10,6,6,0,4,11,-7,1525,1505,20,55000000,55000000,0,1,1,1
2024,1250251,16,Fecha inválida,Perugia,Arezzo,2,0,9,2,3,5,10,14,0,1,7,6,5,1.2,1.0,4,4,5,3,1,2,0.2,0.2,16,4,4,2,13,9,1,0,10,7,3,1.4,0.6,4,6,4,3,2,1,0.33,0.5,3,2,2,2,2,3,-7,-8,5,17,-12,6,5,1,1524,1576,-52,54000000,56000000,2,0,0,0
2024,1250254,16,Fecha inválida,Rimini,Vis Pesaro,0,1,16,4,4,2,12,6,2,0,8,6,3,1.2,0.6,4,4,2,2,2,1,0.25,0.5,14,3,5,2,14,10,0,1,4,5,6,1.0,1.2,3,6,3,1,4,1,0.4,0.2,3,6,1,1,6,3,2,2,10,9,1,5,7,-2,1509,1508,1,59000000,58000000,2,1,1,0
2024,1250255,16,Fecha inválida,Spal,Torres,1,0,10,3,1,6,10,17,0,2,3,2,9,0.4,1.8,2,5,6,1,1,2,0.25,0.33,20,6,2,2,17,12,2,0,10,8,7,1.6,1.4,1,7,6,0,4,3,0.4,0.8,1,2,1,1,2,1,-10,-12,14,15,-1,6,6,0,1593,1534,59,53000000,54000000,1,0,1,0
2024,1250256,16,Fecha inválida,Virtus Entella,Città di Campobasso,3,0,19,5,4,1,11,5,0,1,10,7,3,1.4,0.6,5,4,2,2,2,1,0.4,0.6,20,5,5,0,14,4,0,0,11,9,3,1.8,0.6,7,3,4,3,2,3,0.75,0.33,1,1,0,0,1,1,-1,-4,8,11,-3,7,14,-7,1527,1510,17,57000000,50000000,2,0,1,0
2024,1250253,16,Fecha inválida,Pianese,Legnago Salus,1,1,18,5,3,2,13,10,0,0,8,5,4,1.0,0.8,4,4,4,3,1,1,0.75,0.33,8,2,2,6,11,24,0,1,6,6,14,1.2,2.8,0,6,7,0,3,4,0.2,0.2,0,2,0,0,2,0,10,16,2,13,-11,7,7,0,1581,1572,9,51000000,52000000,0,1,1,0
2024,1250250,16,Fecha inválida,Milan II,Sestri Levante,2,2,9,2,3,5,10,16,0,1,4,4,7,0.8,1.4,1,6,4,0,3,2,0.2,0.2,7,1,4,5,3,9,0,1,5,3,4,0.6,0.8,4,2,2,2,2,1,0.0,0.25,0,2,0,0,2,0,2,0,6,16,-10,2,7,-5,1505,1515,-10,55000000,55000000,1,1,1,1
2024,1250247,16,Fecha inválida,Ascoli,Gubbio,1,0,5,0,5,5,8,14,0,0,1,4,9,0.8,1.8,0,7,3,0,3,3,0.0,0.0,12,4,0,6,9,14,0,2,6,4,6,0.8,1.2,3,5,5,1,2,2,0.4,0.4,2,1,1,1,1,2,-7,-1,8,7,1,8,7,1,1507,1566,-59,57000000,56000000,0,2,1,0
2024,1250252,16,Fecha inválida,Pescara,Pineto,0,1,25,8,1,1,16,6,6,0,15,9,3,1.8,0.6,4,5,5,2,3,3,1.0,0.67,11,3,2,5,12,14,0,0,2,4,7,0.8,1.4,2,7,5,0,4,2,0.33,0.25,2,1,3,3,1,2,14,12,6,15,-9,3,9,-6,1525,1514,11,55000000,54000000,0,1,1,0
2024,1250249,16,Fecha inválida,Lucchese,Pontedera,2,1,6,0,6,4,6,20,0,0,4,4,8,0.8,1.6,3,4,5,2,2,2,0.0,0.0,7,1,4,5,11,15,0,0,4,6,8,1.2,1.6,1,9,5,1,4,3,0.0,0.2,7,5,4,4,5,7,-1,-10,10,12,-2,8,9,-1,1589,1591,-2,59000000,51000000,1,1,1,1
2024,1250248,16,Fecha inválida,Athletic Carpi,Ternana,1,2,12,3,3,4,11,13,0,0,5,5,6,1.0,1.2,2,5,6,1,3,3,0.4,0.2,22,6,4,0,25,5,2,0,11,14,3,2.8,0.6,5,5,5,2,3,3,0.67,0.5,0,1,1,1,1,0,-10,-22,6,17,-11,8,8,0,1525,1516,9,55000000,56000000,2,0,1,0
2024,1250261,17,Fecha inválida,Pineto,Pianese,1,0,13,4,1,5,12,13,0,2,4,4,6,0.8,1.2,3,6,5,1,3,2,0.4,0.4,18,5,3,2,11,8,0,1,10,5,2,1.0,0.4,4,4,3,3,1,1,0.6,0.4,1,1,0,0,1,1,-5,-4,15,2,13,4,5,-1,1514,1581,-67,54000000,51000000,1,0,0,1
2024,1250266,17,Fecha inválida,Vis Pesaro,Lucchese,2,1,17,4,5,1,13,7,0,0,7,7,3,1.4,0.6,4,5,2,2,3,1,0.4,0.4,8,1,5,4,5,18,0,0,3,2,8,0.4,1.6,3,4,5,2,2,2,0.2,0.0,4,1,3,3,1,4,9,19,9,10,-1,7,4,3,1508,1589,-81,58000000,59000000,1,1,0,1
2024,1250259,17,Fecha inválida,Gubbio,Pescara,1,2,12,4,0,6,9,13,0,1,6,5,7,1.0,1.4,3,5,5,1,3,3,0.4,0.4,22,7,1,2,15,7,5,0,15,10,4,2.0,0.8,3,5,5,1,4,4,0.8,0.6,2,3,3,3,3,2,-10,-12,7,6,1,5,4,1,1566,1525,41,56000000,55000000,2,0,0,1
2024,1250260,17,Fecha inválida,Legnago Salus,Athletic Carpi,1,3,9,2,3,5,12,17,1,0,6,8,9,1.6,1.8,0,7,6,0,4,4,0.2,0.2,11,3,2,5,10,13,0,1,4,3,8,0.6,1.6,2,5,6,1,2,3,0.4,0.2,0,1,1,1,1,0,-2,-2,13,6,7,6,4,2,1572,1525,47,52000000,55000000,1,2,0,1
2024,1250264,17,Fecha inválida,Ternana,Milan II,3,0,22,6,4,0,19,6,1,0,9,7,4,1.4,0.8,4,6,5,1,4,2,0.6,0.6,10,2,4,4,12,17,1,0,7,6,6,1.2,1.2,1,7,5,1,3,2,0.17,0.25,1,1,0,0,1,1,12,18,17,6,11,5,6,-1,1516,1505,11,56000000,55000000,0,1,0,1
2024,1250265,17,Fecha inválida,Torres,Ascoli,1,2,17,5,2,3,15,12,1,0,10,9,8,1.8,1.6,1,6,5,0,4,3,0.4,0.6,7,1,4,5,7,12,0,5,0,2,8,0.4,1.6,1,6,2,0,2,2,0.17,0.0,0,1,1,1,1,0,10,8,15,8,7,7,6,1,1534,1507,27,54000000,57000000,0,0,0,1
2024,1250263,17,Fecha inválida,Sestri Levante,Perugia,2,2,8,1,5,4,4,9,1,0,6,2,2,0.4,0.4,4,2,2,3,1,0,0.0,0.2,12,3,3,4,11,10,0,0,7,5,3,1.0,0.6,5,3,4,3,0,1,0.4,0.2,1,2,1,1,2,1,-4,-6,16,5,11,6,8,-2,1515,1524,-9,55000000,54000000,1,2,1,0
2024,1250258,17,Fecha inválida,Città di Campobasso,Rimini,1,2,19,5,4,1,14,7,2,0,13,10,3,2.0,0.6,6,3,5,3,2,3,0.75,0.33,13,3,4,3,8,6,1,0,6,3,3,0.6,0.6,4,3,1,2,2,0,0.2,0.4,0,1,1,1,1,0,6,5,11,10,1,7,8,-1,1510,1509,1,50000000,59000000,0,2,0,1
2024,1250257,17,Fecha inválida,Arezzo,Virtus Entella,1,1,13,3,4,3,11,11,0,1,10,7,4,1.4,0.8,3,6,4,2,3,2,0.2,0.4,22,6,4,0,14,4,3,0,11,8,3,1.6,0.6,6,4,3,2,3,1,0.6,0.6,1,4,1,1,4,1,-9,-10,17,8,9,10,8,2,1576,1527,49,56000000,57000000,0,2,0,1
2024,1250262,17,Fecha inválida,Pontedera,Spal,5,1,6,1,3,6,11,16,0,3,4,6,8,1.2,1.6,1,9,6,1,4,3,0.0,0.2,13,4,1,5,10,15,0,1,3,2,9,0.4,1.8,3,4,5,1,1,2,0.4,0.4,3,1,2,2,1,3,-7,0,12,14,-2,7,9,-2,1591,1593,-2,51000000,53000000,1,1,1,1
2024,1250238,15,Fecha inválida,Città di Campobasso,Milan II,1,1,16,4,4,2,12,7,1,0,11,7,1,1.4,0.2,6,3,5,4,1,2,0.5,0.33,7,1,4,5,10,19,0,0,4,4,7,0.8,1.4,1,6,5,1,2,1,0.0,0.2,0,2,0,0,2,0,9,14,11,6,5,4,4,0,1510,1505,5,50000000,55000000,0,1,0,1
2024,1250267,18,Fecha inválida,Ascoli,Sestri Levante,4,1,10,2,4,4,9,12,0,4,1,3,8,0.6,1.6,1,7,3,0,3,2,0.2,0.2,6,0,6,4,5,11,0,0,3,1,3,0.2,0.6,3,3,3,2,1,0,0.0,0.0,1,1,0,0,1,1,4,3,8,16,-8,5,5,0,1507,1515,-8,57000000,55000000,0,1,1,1
2024,1250274,18,Fecha inválida,Rimini,Pontedera,5,1,13,3,4,3,9,7,0,1,6,3,3,0.6,0.6,3,4,2,2,2,0,0.2,0.4,9,2,3,5,15,15,0,2,4,6,8,1.2,1.6,1,9,6,1,4,3,0.2,0.2,2,2,3,3,2,2,4,2,10,12,-2,5,4,1,1509,1591,-82,59000000,51000000,2,1,1,1
2024,1250273,18,Fecha inválida,Pianese,Ternana,1,3,18,5,3,2,11,8,2,0,11,6,2,1.2,0.4,4,4,3,3,2,1,0.75,0.33,22,6,4,0,20,5,0,0,9,6,3,1.2,0.6,5,5,5,2,3,1,0.67,0.5,0,1,1,1,1,0,-4,-12,2,17,-15,7,6,1,1581,1516,65,51000000,56000000,0,0,1,0
2024,1250268,18,Fecha inválida,Athletic Carpi,Torres,1,2,14,4,2,4,12,12,1,0,7,4,7,0.8,1.4,2,5,6,1,2,3,0.4,0.4,14,4,2,4,14,13,0,1,10,9,8,1.8,1.6,1,6,5,0,4,3,0.33,0.5,0,1,1,1,1,0,0,-1,6,15,-9,6,6,0,1525,1534,-9,55000000,54000000,2,0,1,0
2024,1250275,18,Fecha inválida,Spal,Vis Pesaro,0,1,13,4,1,5,11,18,1,0,4,3,8,0.6,1.6,3,5,6,1,2,2,0.5,0.33,19,5,4,1,15,8,0,0,9,10,4,2.0,0.8,3,6,3,1,4,2,0.6,0.4,1,2,1,1,2,1,-6,-14,14,9,5,4,7,-3,1593,1508,85,53000000,58000000,1,1,1,0
2024,1250272,18,Fecha inválida,Pescara,Legnago Salus,0,1,22,7,1,2,15,7,4,0,12,8,4,1.6,0.8,3,5,5,1,3,3,0.75,0.67,6,1,3,6,11,19,0,2,3,6,9,1.2,1.8,0,7,6,0,3,3,0.0,0.2,0,1,1,1,1,0,16,16,6,13,-7,7,7,0,1525,1572,-47,55000000,52000000,0,1,1,0
2024,1250270,18,Fecha inválida,Milan II,Gubbio,1,0,7,1,4,5,10,19,0,2,4,4,7,0.8,1.4,1,6,5,1,2,1,0.0,0.2,12,4,0,6,9,13,2,0,6,5,8,1.0,1.6,3,5,5,1,3,3,0.4,0.4,1,1,0,0,1,1,-5,-5,6,7,-1,2,7,-5,1505,1566,-61,55000000,56000000,1,2,1,0
2024,1250276,18,Fecha inválida,Virtus Entella,Pineto,4,1,20,5,5,0,13,5,2,0,9,6,3,1.2,0.6,5,5,3,2,3,1,0.6,0.4,16,5,1,4,12,11,0,1,7,5,4,1.0,0.8,4,5,4,2,2,1,0.5,0.5,1,3,0,0,3,1,4,7,8,15,-7,5,8,-3,1527,1514,13,57000000,54000000,2,1,1,0
2024,1250271,18,Fecha inválida,Perugia,Città di Campobasso,2,1,12,3,3,4,13,12,1,0,6,6,5,1.2,1.0,4,4,5,2,1,2,0.4,0.2,14,3,5,2,11,7,0,0,9,6,1,1.2,0.2,6,3,4,4,1,1,0.4,0.2,1,1,0,0,1,1,-2,-3,5,11,-6,8,4,4,1524,1510,14,54000000,50000000,2,0,0,0
2024,1250269,18,Fecha inválida,Lucchese,Arezzo,0,1,7,1,4,5,5,19,0,1,3,1,7,0.2,1.4,3,4,6,3,1,2,0.25,0.0,14,3,5,2,11,10,1,0,10,7,4,1.4,0.8,3,6,3,2,3,2,0.2,0.4,2,7,3,3,7,2,-7,-15,10,17,-7,9,7,2,1589,1576,13,59000000,56000000,1,0,1,0
2024,1250281,19,Fecha inválida,Pineto,Rimini,1,1,16,5,1,4,12,13,0,0,7,5,6,1.0,1.2,4,5,4,2,2,1,0.6,0.4,16,4,4,2,14,7,0,0,6,3,3,0.6,0.6,3,5,3,2,2,0,0.4,0.4,1,3,0,0,3,1,0,-8,15,10,5,5,6,-1,1514,1509,5,54000000,59000000,1,2,0,1
2024,1250280,19,Fecha inválida,Legnago Salus,Ascoli,0,1,9,2,3,5,11,16,0,1,4,7,8,1.4,1.6,1,6,5,0,3,3,0.0,0.4,13,3,4,3,12,11,0,3,2,3,7,0.6,1.4,1,7,3,0,3,1,0.4,0.2,0,1,1,1,1,0,-4,-6,13,8,5,6,7,-1,1572,1507,65,52000000,57000000,1,0,0,1
2024,1250283,19,Fecha inválida,Sestri Levante,Athletic Carpi,1,3,5,0,5,5,5,14,0,0,3,0,2,0.0,0.4,3,3,4,3,0,0,0.0,0.0,11,3,2,5,11,13,0,1,7,6,7,1.2,1.4,2,5,6,1,2,3,0.2,0.4,0,1,1,1,1,0,-6,-7,16,6,10,7,7,0,1515,1525,-10,55000000,55000000,1,2,1,1
2024,1250278,19,Fecha inválida,Città di Campobasso,Pescara,2,2,13,3,4,3,12,9,2,0,11,9,1,1.8,0.2,5,4,5,4,1,2,0.4,0.2,19,6,1,3,13,7,3,0,12,7,3,1.4,0.6,3,4,4,2,2,2,0.6,0.6,0,2,0,0,2,0,-6,-3,11,6,5,4,7,-3,1510,1525,-15,50000000,55000000,0,0,0,1
2024,1250284,19,Fecha inválida,Ternana,Virtus Entella,1,1,24,7,3,0,23,6,1,0,11,10,4,2.0,0.8,4,6,6,1,4,2,0.8,0.6,20,5,5,0,14,5,1,0,7,3,2,0.6,0.4,5,5,3,3,2,0,0.6,0.4,1,3,2,2,3,1,4,8,17,8,9,8,7,1,1516,1527,-11,56000000,57000000,0,2,0,1
2024,1250282,19,Fecha inválida,Pontedera,Perugia,2,1,9,2,3,5,15,18,0,1,5,6,7,1.2,1.4,1,9,6,1,4,2,0.2,0.2,12,3,3,4,11,13,0,1,4,4,7,0.8,1.4,3,5,5,1,2,2,0.4,0.2,1,2,1,1,2,1,-3,-1,12,5,7,8,5,3,1591,1524,67,51000000,54000000,1,2,1,0
2024,1250286,19,Fecha inválida,Vis Pesaro,Milan II,2,1,21,6,3,1,15,7,0,0,11,10,3,2.0,0.6,4,5,3,2,3,2,0.6,0.6,10,2,4,4,11,18,0,1,5,6,8,1.2,1.6,2,6,5,1,3,2,0.2,0.2,1,1,0,0,1,1,11,15,9,6,3,7,7,0,1508,1505,3,58000000,55000000,1,1,0,1
2024,1250285,19,Fecha inválida,Torres,Lucchese,0,0,17,5,2,3,16,12,1,0,13,12,6,2.4,1.2,1,7,6,1,4,4,0.4,0.6,7,1,4,5,5,16,0,0,3,1,6,0.2,1.2,3,4,5,3,1,2,0.2,0.0,2,4,0,0,4,2,10,15,15,10,5,8,5,3,1534,1589,-55,54000000,59000000,0,1,0,1
2024,1250279,19,Fecha inválida,Gubbio,Spal,1,1,9,3,0,7,7,13,1,0,6,4,7,0.8,1.4,3,4,4,2,2,2,0.4,0.2,10,3,1,6,10,19,0,3,1,3,12,0.6,2.4,2,5,6,0,3,3,0.4,0.2,0,3,1,1,3,0,-1,3,7,14,-7,7,8,-1,1566,1593,-27,56000000,53000000,2,1,0,1
2024,1250277,19,Fecha inválida,Arezzo,Pianese,4,2,14,3,5,2,10,10,0,0,8,6,5,1.2,1.0,3,6,3,1,4,2,0.2,0.4,15,4,3,3,11,11,1,0,8,5,5,1.0,1.0,3,5,4,2,2,2,0.6,0.2,4,3,1,1,3,4,-1,0,17,2,15,5,8,-3,1576,1581,-5,56000000,51000000,0,0,0,1
2024,1250293,20,Fecha inválida,Ascoli,Spal,1,1,16,4,4,2,12,8,0,2,3,3,5,0.6,1.0,2,6,2,0,3,0,0.4,0.4,11,3,2,5,11,16,0,2,4,5,9,1.0,1.8,2,6,5,0,4,3,0.4,0.2,3,6,1,1,6,3,5,9,8,14,-6,6,5,1,1507,1593,-86,57000000,53000000,0,1,1,1
2024,1250292,20,Fecha inválida,Lucchese,Pineto,3,3,7,1,4,5,5,16,0,0,3,2,7,0.4,1.4,3,4,5,2,2,2,0.25,0.0,16,5,1,4,12,13,0,1,6,5,7,1.0,1.4,4,5,4,2,2,2,0.5,0.5,1,3,0,0,3,1,-9,-10,10,15,-5,5,7,-2,1589,1514,75,59000000,54000000,1,1,1,0
2024,1250290,20,Fecha inválida,Pontedera,Legnago Salus,0,0,12,3,3,4,15,16,1,0,6,5,5,1.0,1.0,1,9,6,1,4,1,0.4,0.2,9,2,3,5,11,16,1,0,5,8,8,1.6,1.6,1,6,5,0,4,3,0.0,0.4,1,1,0,0,1,1,3,4,12,13,-1,5,6,-1,1591,1572,19,51000000,52000000,1,1,1,0
2024,1250289,20,Fecha inválida,Sestri Levante,Gubbio,2,1,4,0,4,6,6,17,0,1,2,0,3,0.0,0.6,2,4,5,2,0,0,0.0,0.0,7,2,1,7,7,14,0,3,3,4,9,0.8,1.8,2,5,4,1,3,3,0.33,0.0,2,0,2,2,0,2,-3,-4,16,7,9,7,6,1,1515,1566,-51,55000000,56000000,1,2,1,0
2024,1250294,20,Fecha inválida,Pescara,Ternana,0,0,17,5,2,3,14,9,2,0,10,6,3,1.2,0.6,2,5,5,2,2,2,0.6,0.4,22,6,4,0,21,6,0,0,9,7,3,1.4,0.6,4,6,5,2,3,1,0.6,0.6,2,2,0,0,2,2,-5,-10,6,17,-11,7,7,0,1525,1516,9,55000000,56000000,0,0,1,0
2024,1250287,20,Fecha inválida,Città di Campobasso,Arezzo,0,1,11,2,5,3,10,11,1,0,9,5,1,1.0,0.2,4,5,5,4,1,1,0.2,0.2,16,4,4,2,13,11,2,0,8,7,6,1.4,1.2,3,6,4,1,4,3,0.4,0.4,0,0,2,2,0,0,-5,-3,11,17,-6,7,6,1,1510,1576,-66,50000000,56000000,0,0,0,0
2024,1250296,20,Fecha inválida,Milan II,Virtus Entella,1,2,10,2,4,4,11,17,1,0,5,6,9,1.2,1.8,2,6,5,1,3,2,0.25,0.17,18,4,6,0,14,6,0,0,7,4,3,0.8,0.6,4,6,3,2,3,1,0.6,0.2,0,0,2,2,0,0,-8,-14,6,8,-2,7,7,0,1505,1527,-22,55000000,57000000,1,2,1,1
2024,1250291,20,Fecha inválida,Perugia,Pianese,1,1,12,3,3,4,12,14,1,0,5,4,6,0.8,1.2,3,6,6,2,2,2,0.5,0.17,12,3,3,4,12,15,0,0,8,6,5,1.2,1.0,2,6,5,2,2,2,0.5,0.17,0,2,0,0,2,0,0,1,5,2,3,7,7,0,1524,1581,-57,54000000,51000000,2,0,0,1
2024,1250295,20,Fecha inválida,Vis Pesaro,Torres,1,3,23,7,2,1,16,7,0,0,10,9,4,1.8,0.8,4,5,4,2,2,2,0.8,0.6,15,4,3,3,13,10,0,0,11,10,5,2.0,1.0,2,6,5,1,4,3,0.33,0.5,1,1,4,4,1,1,8,6,9,15,-6,7,7,0,1508,1534,-26,58000000,54000000,1,0,0,0
2024,1250288,20,Fecha inválida,Rimini,Athletic Carpi,0,0,16,4,4,2,14,7,0,0,6,3,3,0.6,0.6,3,5,3,2,2,0,0.4,0.4,14,4,2,4,14,13,0,0,8,6,6,1.2,1.2,2,6,7,2,2,3,0.2,0.6,1,2,1,1,2,1,2,6,10,6,4,8,8,0,1509,1525,-16,59000000,55000000,2,2,1,1
2024,1250299,21,Fecha inválida,Gubbio,Lucchese,3,1,7,2,1,7,8,15,0,2,6,5,8,1.0,1.6,2,6,5,2,3,3,0.4,0.0,7,1,4,5,8,19,0,1,2,2,12,0.4,2.4,2,5,6,1,2,3,0.2,0.0,6,3,0,0,3,6,0,4,7,10,-3,13,14,-1,1566,1589,-23,56000000,59000000,2,1,0,1
2024,1250305,21,Fecha inválida,Pineto,Sestri Levante,1,0,17,5,2,3,15,15,2,0,9,8,7,1.6,1.4,4,6,5,2,3,3,0.6,0.4,7,1,4,5,8,17,0,0,2,0,5,0.0,1.0,2,5,6,2,0,1,0.17,0.0,3,2,1,1,2,3,10,9,15,16,-1,14,13,1,1514,1515,-1,54000000,55000000,1,1,0,1
2024,1250301,21,Fecha inválida,Spal,Perugia,1,1,12,3,3,4,12,16,0,1,7,8,8,1.6,1.6,2,7,5,1,4,4,0.5,0.17,10,2,4,4,12,15,0,2,2,4,9,0.8,1.8,2,7,6,1,3,3,0.4,0.0,1,4,5,5,4,1,2,-1,14,5,9,15,13,2,1593,1524,69,53000000,54000000,1,2,1,0
2024,1250298,21,Fecha inválida,Legnago Salus,Città di Campobasso,0,0,7,1,4,5,8,15,0,2,2,5,10,1.0,2.0,2,5,4,0,3,3,0.0,0.2,8,1,5,4,9,12,0,0,6,4,4,0.8,0.8,3,5,5,3,1,2,0.17,0.0,0,1,1,1,1,0,-1,-4,13,11,2,15,14,1,1572,1510,62,52000000,50000000,1,0,0,0
2024,1250302,21,Fecha inválida,Torres,Pescara,1,0,17,5,2,3,15,10,3,0,10,9,5,1.8,1.0,2,6,6,1,3,3,0.4,0.6,15,4,3,3,11,8,1,0,10,7,3,1.4,0.6,3,4,4,2,2,2,0.5,0.25,3,1,0,0,1,3,2,2,15,6,9,13,14,-1,1534,1525,9,54000000,55000000,0,0,0,1
2024,1250300,21,Fecha inválida,Athletic Carpi,Milan II,0,0,14,4,2,4,14,13,0,1,7,6,7,1.2,1.4,2,6,7,1,2,3,0.25,0.5,7,1,4,5,10,19,0,1,3,6,11,1.2,2.2,1,7,6,0,4,3,0.2,0.0,0,2,0,0,2,0,7,10,6,6,0,13,14,-1,1525,1505,20,55000000,55000000,2,1,1,1
2024,1250304,21,Fecha inválida,Virtus Entella,Rimini,2,1,20,5,5,0,15,6,0,0,9,4,2,0.8,0.4,4,6,4,3,2,1,0.75,0.33,16,4,4,2,14,7,0,0,8,6,3,1.2,0.6,3,5,3,2,2,1,0.4,0.4,4,0,2,2,0,4,4,2,8,10,-2,15,14,1,1527,1509,18,57000000,59000000,2,2,1,1
2024,1250306,21,Fecha inválida,Arezzo,Vis Pesaro,0,0,16,4,4,2,13,11,1,0,6,6,6,1.2,1.2,3,6,4,1,4,3,0.4,0.4,22,7,1,2,16,9,3,0,10,9,4,1.8,0.8,4,5,5,2,2,2,0.67,0.75,3,2,2,2,2,3,-6,-5,17,9,8,15,14,1,1576,1508,68,56000000,58000000,0,1,0,0
2024,1250297,21,Fecha inválida,Pianese,Ascoli,1,1,12,3,3,4,13,16,1,0,10,8,6,1.6,1.2,1,7,5,1,3,3,0.5,0.17,17,4,5,1,13,8,0,1,4,4,5,0.8,1.0,2,7,2,0,4,0,0.4,0.4,0,1,1,1,1,0,-5,-8,2,8,-6,14,16,-2,1581,1507,74,51000000,57000000,0,0,1,1
2024,1250303,21,Fecha inválida,Ternana,Pontedera,0,0,22,6,4,0,20,5,0,0,11,11,2,2.2,0.4,5,5,5,3,2,2,0.6,0.6,10,2,4,4,14,16,0,0,3,5,7,1.0,1.4,1,9,6,0,5,2,0.33,0.0,3,1,0,0,1,3,12,17,17,12,5,15,16,-1,1516,1591,-75,56000000,51000000,0,1,0,1
2024,1250307,22,Fecha inválida,Perugia,Athletic Carpi,1,0,11,2,5,3,13,14,0,1,5,6,7,1.2,1.4,2,8,6,2,3,3,0.5,0.0,15,4,3,3,14,9,2,0,7,7,5,1.4,1.0,3,6,6,1,3,3,0.2,0.6,1,0,1,1,0,1,-4,-6,5,6,-1,5,5,0,1524,1525,-1,54000000,55000000,2,2,0,1
2024,1250314,22,Fecha inválida,Lucchese,Spal,2,3,7,1,4,5,8,19,0,0,5,3,10,0.6,2.0,2,5,6,1,2,3,0.25,0.0,13,3,4,3,12,15,0,0,10,8,6,1.6,1.2,2,7,4,2,3,3,0.4,0.2,3,1,1,1,1,3,-6,-8,10,14,-4,6,5,1,1589,1593,-4,59000000,53000000,1,1,1,1
2024,1250308,22,Fecha inválida,Ternana,Gubbio,2,1,22,6,4,0,19,4,2,0,13,12,2,2.4,0.4,6,4,5,3,2,3,0.6,0.6,10,3,1,6,10,13,0,1,6,4,6,0.8,1.2,2,6,5,2,2,2,0.5,0.0,2,2,0,0,2,2,12,18,17,7,10,5,7,-2,1516,1566,-50,56000000,56000000,0,2,0,0
2024,1250313,22,Fecha inválida,Pescara,Rimini,0,0,12,3,3,4,9,8,0,1,7,5,3,1.0,0.6,3,3,3,2,1,1,0.4,0.2,15,4,3,3,14,8,1,0,7,5,3,1.0,0.6,3,5,4,2,1,1,0.4,0.4,1,2,2,2,2,1,-3,-5,6,10,-4,6,5,1,1525,1509,16,55000000,59000000,0,2,1,1
2024,1250312,22,Fecha inválida,Sestri Levante,Pontedera,0,1,6,1,3,6,8,18,0,1,2,2,7,0.4,1.4,1,5,6,1,1,2,0.17,0.0,10,2,4,4,13,15,0,1,2,5,8,1.0,1.6,2,8,6,0,5,3,0.4,0.0,0,0,4,4,0,0,-4,-8,16,12,4,7,5,2,1515,1591,-76,55000000,51000000,1,1,1,1
2024,1250315,22,Fecha inválida,Milan II,Torres,1,5,8,1,5,4,10,17,0,0,3,6,12,1.2,2.4,2,7,6,0,4,4,0.25,0.0,17,5,2,3,13,8,2,0,7,6,4,1.2,0.8,3,5,5,1,2,2,0.5,0.5,1,1,1,1,1,1,-9,-12,6,15,-9,6,6,0,1505,1534,-29,55000000,54000000,1,0,1,0
2024,1250316,22,Fecha inválida,Ascoli,Virtus Entella,0,0,18,4,6,0,14,8,0,0,7,5,4,1.0,0.8,2,8,2,1,4,0,0.4,0.4,22,6,4,0,16,6,0,0,11,6,1,1.2,0.2,4,6,5,4,1,2,0.8,0.4,2,7,3,3,7,2,-4,-4,8,8,0,6,6,0,1507,1527,-20,57000000,57000000,0,2,1,1
2024,1250310,22,Fecha inválida,Città di Campobasso,Pianese,0,0,8,1,5,4,9,12,0,0,5,5,6,1.0,1.2,3,5,5,2,2,3,0.2,0.0,10,2,4,4,11,16,0,0,8,6,6,1.2,1.2,1,7,4,1,3,2,0.25,0.17,1,1,1,1,1,1,-2,2,11,2,9,7,6,1,1510,1581,-71,50000000,51000000,0,0,0,1
2024,1250311,22,Fecha inválida,Arezzo,Pineto,0,0,14,3,5,2,11,10,0,1,3,4,7,0.8,1.4,4,5,3,1,3,2,0.2,0.4,17,5,2,3,15,15,1,0,9,8,7,1.6,1.4,4,6,5,2,3,3,0.6,0.4,1,1,4,4,1,1,-3,1,17,15,2,6,8,-2,1576,1514,62,56000000,54000000,0,1,0,0
2024,1250309,22,Fecha inválida,Vis Pesaro,Legnago Salus,0,0,20,6,2,2,12,9,2,0,10,6,4,1.2,0.8,4,5,4,2,2,1,0.6,0.6,8,1,5,4,6,12,0,1,3,4,8,0.8,1.6,3,4,3,0,3,2,0.0,0.2,1,2,1,1,2,1,12,9,9,13,-4,6,7,-1,1508,1572,-64,58000000,52000000,1,1,0,0
2024,1250324,23,Fecha inválida,Pineto,Ternana,0,0,17,5,2,3,15,15,1,0,9,8,7,1.6,1.4,4,6,5,2,3,3,0.6,0.4,22,6,4,0,20,5,1,0,13,14,2,2.8,0.4,5,5,6,3,2,4,0.67,0.5,0,1,1,1,1,0,-5,-15,15,17,-2,13,6,7,1514,1516,-2,54000000,56000000,1,0,0,0
2024,1250323,23,Fecha inválida,Spal,Sestri Levante,0,0,15,4,3,3,14,16,0,1,9,8,10,1.6,2.0,2,7,5,2,3,4,0.5,0.33,6,1,3,6,8,18,0,0,3,4,8,0.8,1.6,1,5,6,1,2,3,0.17,0.0,4,1,0,0,1,4,9,8,14,16,-2,7,6,1,1593,1515,78,53000000,55000000,1,1,1,1
2024,1250317,23,Fecha inválida,Legnago Salus,Arezzo,0,0,8,1,5,4,6,12,0,1,3,4,8,0.8,1.6,3,4,3,0,3,2,0.0,0.2,14,3,5,2,11,10,0,1,3,4,7,0.8,1.4,4,5,3,1,3,2,0.2,0.4,0,3,1,1,3,0,-6,-7,13,17,-4,13,12,1,1572,1576,-4,52000000,56000000,1,0,0,0
2024,1250319,23,Fecha inválida,Rimini,Lucchese,0,0,13,3,4,3,13,8,0,1,7,6,4,1.2,0.8,3,5,4,1,2,2,0.25,0.33,6,1,3,6,10,22,0,1,4,4,12,0.8,2.4,1,6,7,0,3,4,0.2,0.0,1,3,2,2,3,1,7,17,10,10,0,7,7,0,1509,1589,-80,59000000,59000000,2,1,1,1
2024,1250320,23,Fecha inválida,Ascoli,Milan II,0,0,18,4,6,0,13,7,0,0,9,6,4,1.2,0.8,3,7,2,1,4,1,0.4,0.4,7,1,4,5,10,21,0,0,3,6,12,1.2,2.4,2,7,7,0,4,4,0.2,0.0,1,1,0,0,1,1,11,17,8,6,2,6,7,-1,1507,1505,2,57000000,55000000,0,1,1,1
2024,1250322,23,Fecha inválida,Pianese,Pescara,0,0,10,2,4,4,10,15,0,1,7,5,6,1.0,1.2,2,6,4,1,2,2,0.25,0.17,13,3,4,3,9,7,1,0,10,7,3,1.4,0.6,4,3,3,2,2,2,0.33,0.25,0,1,1,1,1,0,-3,-7,2,6,-4,7,7,0,1581,1525,56,51000000,55000000,0,0,1,1
2024,1250318,23,Fecha inválida,Torres,Città di Campobasso,0,0,17,5,2,3,16,8,1,0,4,5,5,1.0,1.0,3,5,5,1,2,2,0.4,0.6,8,1,5,4,8,11,1,0,5,5,6,1.0,1.2,4,4,5,2,2,3,0.17,0.0,1,1,0,0,1,1,9,11,15,11,4,7,7,0,1534,1510,24,54000000,50000000,0,0,0,0
2024,1250326,23,Fecha inválida,Pontedera,Vis Pesaro,0,0,13,3,4,3,13,13,0,0,5,9,7,1.8,1.4,3,7,5,0,5,3,0.4,0.2,20,6,2,2,12,9,2,0,10,6,4,1.2,0.8,4,5,4,2,2,1,0.6,0.6,1,6,1,1,6,1,-7,-3,12,9,3,8,13,-5,1591,1508,83,51000000,58000000,1,1,1,0
2024,1250325,23,Fecha inválida,Athletic Carpi,Virtus Entella,0,0,12,3,3,4,12,9,1,0,7,8,5,1.6,1.0,3,5,5,1,3,3,0.0,0.5,22,6,4,0,16,6,0,0,11,7,2,1.4,0.4,4,6,5,3,2,2,1.0,0.33,0,2,0,0,2,0,-10,-7,6,8,-2,8,7,1,1525,1527,-2,55000000,57000000,2,2,1,1
2024,1250321,23,Fecha inválida,Gubbio,Perugia,0,0,10,3,1,6,10,12,1,0,6,4,5,0.8,1.0,2,6,5,2,2,2,0.6,0.0,14,3,5,2,13,12,0,0,6,7,7,1.4,1.4,3,7,5,2,3,3,0.6,0.0,1,3,3,3,3,1,-4,-3,7,5,2,9,10,-1,1566,1524,42,56000000,54000000,2,2,0,0
2024,1250327,24,Fecha inválida,Lucchese,Ascoli,0,0,6,1,3,6,10,22,0,1,4,4,12,0.8,2.4,1,6,7,0,3,4,0.2,0.0,18,4,6,0,13,7,0,0,9,6,4,1.2,0.8,3,7,2,1,4,1,0.4,0.4,1,1,0,0,1,1,-12,-18,10,8,2,14,12,2,1589,1507,82,59000000,57000000,1,0,1,1
2024,1250329,24,Fecha inválida,Sestri Levante,Legnago Salus,0,0,6,1,3,6,8,18,0,0,3,4,8,0.8,1.6,1,5,6,1,2,3,0.17,0.0,8,1,5,4,6,12,0,1,3,4,8,0.8,1.6,3,4,3,0,3,2,0.0,0.2,2,1,0,0,1,2,-2,-4,16,13,3,13,19,-6,1515,1572,-57,55000000,52000000,1,1,1,0
2024,1250335,24,Fecha inválida,Pineto,Torres,0,0,17,5,2,3,15,15,1,0,9,8,7,1.6,1.4,4,6,5,2,3,3,0.6,0.4,17,5,2,3,16,8,1,0,4,5,5,1.0,1.0,3,5,5,1,2,2,0.4,0.6,0,3,1,1,3,0,0,-8,15,15,0,21,13,8,1514,1534,-20,54000000,54000000,1,0,0,0
2024,1250334,24,Fecha inválida,Athletic Carpi,Spal,0,0,12,3,3,4,12,9,1,0,7,8,5,1.6,1.0,3,5,5,1,3,3,0.0,0.5,15,4,3,3,14,16,0,1,9,8,10,1.6,2.0,2,7,5,2,3,4,0.5,0.33,0,1,1,1,1,0,-3,5,6,14,-8,14,14,0,1525,1593,-68,55000000,53000000,2,1,1,1
2024,1250331,24,Fecha inválida,Virtus Entella,Pianese,0,0,22,6,4,0,16,6,0,0,11,7,2,1.4,0.4,4,6,5,3,2,2,1.0,0.33,10,2,4,4,10,15,0,1,7,5,6,1.0,1.2,2,6,4,1,2,2,0.25,0.17,0,2,0,0,2,0,12,15,8,2,6,13,13,0,1527,1581,-54,57000000,51000000,2,0,1,1
2024,1250328,24,Fecha inválida,Città di Campobasso,Gubbio,0,0,8,1,5,4,8,11,1,0,5,5,6,1.0,1.2,4,4,5,2,2,3,0.17,0.0,10,3,1,6,10,12,1,0,6,4,5,0.8,1.0,2,6,5,2,2,2,0.6,0.0,0,2,0,0,2,0,-2,-1,11,7,4,13,14,-1,1510,1566,-56,50000000,56000000,0,2,0,0
2024,1250330,24,Fecha inválida,Perugia,Pescara,0,0,14,3,5,2,13,12,0,0,6,7,7,1.4,1.4,3,7,5,2,3,3,0.6,0.0,13,3,4,3,9,7,1,0,10,7,3,1.4,0.6,4,3,3,2,2,2,0.33,0.25,5,5,2,2,5,5,1,-1,5,6,-1,15,14,1,1524,1525,-1,54000000,55000000,2,0,0,1
2024,1250333,24,Fecha inválida,Milan II,Rimini,0,0,7,1,4,5,10,21,0,0,3,6,12,1.2,2.4,2,7,7,0,4,4,0.2,0.0,13,3,4,3,13,8,0,1,7,6,4,1.2,0.8,3,5,4,1,2,2,0.25,0.33,0,1,1,1,1,0,-6,-16,6,10,-4,14,14,0,1505,1509,-4,55000000,59000000,1,2,1,1
2024,1250336,24,Fecha inválida,Ternana,Vis Pesaro,0,0,22,6,4,0,20,5,1,0,13,14,2,2.8,0.4,5,5,6,3,2,4,0.67,0.5,20,6,2,2,12,9,2,0,10,6,4,1.2,0.8,4,5,4,2,2,1,0.6,0.6,1,2,1,1,2,1,2,12,17,9,8,15,20,-5,1516,1508,8,56000000,58000000,0,1,0,0
2024,1250332,24,Fecha inválida,Arezzo,Pontedera,0,0,14,3,5,2,11,10,0,1,3,4,7,0.8,1.4,4,5,3,1,3,2,0.2,0.4,13,3,4,3,13,13,0,0,5,9,7,1.8,1.4,3,7,5,0,5,3,0.4,0.2,4,7,2,2,7,4,1,1,17,12,5,21,16,5,1576,1591,-15,56000000,51000000,0,1,0,1
2024,1250339,25,Fecha inválida,Ascoli,Athletic Carpi,0,0,18,4,6,0,13,7,0,0,9,6,4,1.2,0.8,3,7,2,1,4,1,0.4,0.4,12,3,3,4,12,9,1,0,7,8,5,1.6,1.0,3,5,5,1,3,3,0.0,0.5,0,2,0,0,2,0,6,3,8,6,2,19,21,-2,1507,1525,-18,57000000,55000000,0,2,1,1
2024,1250338,25,Fecha inválida,Vis Pesaro,Città di Campobasso,0,0,20,6,2,2,12,9,2,0,10,6,4,1.2,0.8,4,5,4,2,2,1,0.6,0.6,8,1,5,4,8,11,1,0,5,5,6,1.0,1.2,4,4,5,2,2,3,0.17,0.0,0,1,1,1,1,0,12,6,9,11,-2,25,19,6,1508,1510,-2,58000000,50000000,1,0,0,0
2024,1250341,25,Fecha inválida,Spal,Milan II,0,0,15,4,3,3,14,16,0,1,9,8,10,1.6,2.0,2,7,5,2,3,4,0.5,0.33,7,1,4,5,10,21,0,0,3,6,12,1.2,2.4,2,7,7,0,4,4,0.2,0.0,0,1,1,1,1,0,8,9,14,6,8,21,20,1,1593,1505,88,53000000,55000000,1,1,1,1
2024,1250342,25,Fecha inválida,Rimini,Perugia,0,0,13,3,4,3,13,8,0,1,7,6,4,1.2,0.8,3,5,4,1,2,2,0.25,0.33,14,3,5,2,13,12,0,0,6,7,7,1.4,1.4,3,7,5,2,3,3,0.6,0.0,2,4,1,1,4,2,-1,4,10,5,5,21,22,-1,1509,1524,-15,59000000,54000000,2,2,1,0
2024,1250337,25,Fecha inválida,Gubbio,Arezzo,0,0,10,3,1,6,10,12,1,0,6,4,5,0.8,1.0,2,6,5,2,2,2,0.6,0.0,14,3,5,2,11,10,0,1,3,4,7,0.8,1.4,4,5,3,1,3,2,0.2,0.4,2,2,2,2,2,2,-4,-3,7,17,-10,21,26,-5,1566,1576,-10,56000000,56000000,2,0,0,0
2024,1250345,25,Fecha inválida,Legnago Salus,Ternana,0,0,8,1,5,4,6,12,0,1,3,4,8,0.8,1.6,3,4,3,0,3,2,0.0,0.2,22,6,4,0,20,5,1,0,13,14,2,2.8,0.4,5,5,6,3,2,4,0.67,0.5,0,1,1,1,1,0,-14,-21,13,17,-4,28,21,7,1572,1516,56,52000000,56000000,1,0,0,0
2024,1250344,25,Fecha inválida,Torres,Sestri Levante,0,0,17,5,2,3,16,8,1,0,4,5,5,1.0,1.0,3,5,5,1,2,2,0.4,0.6,6,1,3,6,8,18,0,0,3,4,8,0.8,1.6,1,5,6,1,2,3,0.17,0.0,2,1,1,1,1,2,11,18,15,16,-1,21,21,0,1534,1515,19,54000000,55000000,0,1,0,1
2024,1250343,25,Fecha inválida,Pontedera,Pineto,0,0,13,3,4,3,13,13,0,0,5,9,7,1.8,1.4,3,7,5,0,5,3,0.4,0.2,17,5,2,3,15,15,1,0,9,8,7,1.6,1.4,4,6,5,2,3,3,0.6,0.4,0,2,2,2,2,0,-4,0,12,15,-3,22,29,-7,1591,1514,77,51000000,54000000,1,1,1,0
2024,1250340,25,Fecha inválida,Pianese,Lucchese,0,0,10,2,4,4,10,15,0,1,7,5,6,1.0,1.2,2,6,4,1,2,2,0.25,0.17,6,1,3,6,10,22,0,1,4,4,12,0.8,2.4,1,6,7,0,3,4,0.2,0.0,0,2,0,0,2,0,4,7,2,10,-8,21,22,-1,1581,1589,-8,51000000,59000000,0,1,1,1
2024,1250346,25,Fecha inválida,Pescara,Virtus Entella,0,0,13,3,4,3,9,7,1,0,10,7,3,1.4,0.6,4,3,3,2,2,2,0.33,0.25,22,6,4,0,16,6,0,0,11,7,2,1.4,0.4,4,6,5,3,2,2,1.0,0.33,4,8,2,2,8,4,-9,-8,6,8,-2,22,21,1,1525,1527,-2,55000000,57000000,0,2,1,1
2024,1250356,26,Fecha inválida,Perugia,Vis Pesaro,0,0,14,3,5,2,13,12,0,0,6,7,7,1.4,1.4,3,7,5,2,3,3,0.6,0.0,20,6,2,2,12,9,2,0,10,6,4,1.2,0.8,4,5,4,2,2,1,0.6,0.6,2,3,1,1,3,2,-6,-2,5,9,-4,28,32,-4,1524,1508,16,54000000,58000000,2,1,0,0
2024,1250348,26,Fecha inválida,Rimini,Ascoli,0,0,13,3,4,3,13,8,0,1,7,6,4,1.2,0.8,3,5,4,1,2,2,0.25,0.33,18,4,6,0,13,7,0,0,9,6,4,1.2,0.8,3,7,2,1,4,1,0.4,0.4,1,1,0,0,1,1,-5,-1,10,8,2,28,27,1,1509,1507,2,59000000,57000000,2,0,1,1
2024,1250351,26,Fecha inválida,Milan II,Lucchese,0,0,7,1,4,5,10,21,0,0,3,6,12,1.2,2.4,2,7,7,0,4,4,0.2,0.0,6,1,3,6,10,22,0,1,4,4,12,0.8,2.4,1,6,7,0,3,4,0.2,0.0,0,2,0,0,2,0,1,1,6,10,-4,27,29,-2,1505,1589,-84,55000000,59000000,1,1,1,1
2024,1250355,26,Fecha inválida,Virtus Entella,Spal,0,0,22,6,4,0,16,6,0,0,11,7,2,1.4,0.4,4,6,5,3,2,2,1.0,0.33,15,4,3,3,14,16,0,1,9,8,10,1.6,2.0,2,7,5,2,3,4,0.5,0.33,1,4,3,3,4,1,7,12,8,14,-6,28,29,-1,1527,1593,-66,57000000,53000000,2,1,1,1
2024,1250349,26,Fecha inválida,Torres,Gubbio,0,0,17,5,2,3,16,8,1,0,4,5,5,1.0,1.0,3,5,5,1,2,2,0.4,0.6,10,3,1,6,10,12,1,0,6,4,5,0.8,1.0,2,6,5,2,2,2,0.6,0.0,2,3,1,1,3,2,7,10,15,7,8,28,28,0,1534,1566,-32,54000000,56000000,0,2,0,0
2024,1250354,26,Fecha inválida,Città di Campobasso,Pontedera,0,0,8,1,5,4,8,11,1,0,5,5,6,1.0,1.2,4,4,5,2,2,3,0.17,0.0,13,3,4,3,13,13,0,0,5,9,7,1.8,1.4,3,7,5,0,5,3,0.4,0.2,1,1,0,0,1,1,-5,-3,11,12,-1,28,29,-1,1510,1591,-81,50000000,51000000,0,1,0,1
2024,1250350,26,Fecha inválida,Pineto,Legnago Salus,0,0,17,5,2,3,15,15,1,0,9,8,7,1.6,1.4,4,6,5,2,3,3,0.6,0.4,8,1,5,4,6,12,0,1,3,4,8,0.8,1.6,3,4,3,0,3,2,0.0,0.2,0,1,1,1,1,0,9,6,15,13,2,36,35,1,1514,1572,-58,54000000,52000000,1,1,0,0
2024,1250353,26,Fecha inválida,Sestri Levante,Pianese,0,0,6,1,3,6,8,18,0,0,3,4,8,0.8,1.6,1,5,6,1,2,3,0.17,0.0,10,2,4,4,10,15,0,1,7,5,6,1.0,1.2,2,6,4,1,2,2,0.25,0.17,1,1,0,0,1,1,-4,-5,16,2,14,29,28,1,1515,1581,-66,55000000,51000000,1,0,1,1
2024,1250352,26,Fecha inválida,Athletic Carpi,Pescara,0,0,12,3,3,4,12,9,1,0,7,8,5,1.6,1.0,3,5,5,1,3,3,0.0,0.5,13,3,4,3,9,7,1,0,10,7,3,1.4,0.6,4,3,3,2,2,2,0.33,0.25,0,1,1,1,1,0,-1,1,6,6,0,29,29,0,1525,1525,0,55000000,55000000,2,0,1,1
2024,1250347,26,Fecha inválida,Ternana,Arezzo,0,0,22,6,4,0,20,5,1,0,13,14,2,2.8,0.4,5,5,6,3,2,4,0.67,0.5,14,3,5,2,11,10,0,1,3,4,7,0.8,1.4,4,5,3,1,3,2,0.2,0.4,1,1,0,0,1,1,8,14,17,17,0,30,35,-5,1516,1576,-60,56000000,56000000,0,0,0,0
2024,1250361,27,Fecha inválida,Gubbio,Pineto,0,0,10,3,1,6,10,12,1,0,6,4,5,0.8,1.0,2,6,5,2,2,2,0.6,0.0,17,5,2,3,15,15,1,0,9,8,7,1.6,1.4,4,6,5,2,3,3,0.6,0.4,2,2,0,0,2,2,-7,-2,7,15,-8,34,41,-7,1566,1514,52,56000000,54000000,2,1,0,0
2024,1250358,27,Fecha inválida,Pontedera,Athletic Carpi,0,0,13,3,4,3,13,13,0,0,5,9,7,1.8,1.4,3,7,5,0,5,3,0.4,0.2,12,3,3,4,12,9,1,0,7,8,5,1.6,1.0,3,5,5,1,3,3,0.0,0.5,0,1,1,1,1,0,1,-3,12,6,6,35,36,-1,1591,1525,66,51000000,55000000,1,2,1,1
2024,1250363,27,Fecha inválida,Vis Pesaro,Sestri Levante,0,0,20,6,2,2,12,9,2,0,10,6,4,1.2,0.8,4,5,4,2,2,1,0.6,0.6,6,1,3,6,8,18,0,0,3,4,8,0.8,1.6,1,5,6,1,2,3,0.17,0.0,0,3,1,1,3,0,14,13,9,16,-7,40,35,5,1508,1515,-7,58000000,55000000,1,1,0,1
2024,1250359,27,Fecha inválida,Pianese,Milan II,0,0,10,2,4,4,10,15,0,1,7,5,6,1.0,1.2,2,6,4,1,2,2,0.25,0.17,7,1,4,5,10,21,0,0,3,6,12,1.2,2.4,2,7,7,0,4,4,0.2,0.0,1,1,0,0,1,1,3,6,2,6,-4,34,34,0,1581,1505,76,51000000,55000000,0,1,1,1
2024,1250365,27,Fecha inválida,Arezzo,Torres,0,0,14,3,5,2,11,10,0,1,3,4,7,0.8,1.4,4,5,3,1,3,2,0.2,0.4,17,5,2,3,16,8,1,0,4,5,5,1.0,1.0,3,5,5,1,2,2,0.4,0.6,1,2,1,1,2,1,-3,-7,17,15,2,41,35,6,1576,1534,42,56000000,54000000,0,0,0,0
2024,1250366,27,Fecha inválida,Legnago Salus,Virtus Entella,0,0,8,1,5,4,6,12,0,1,3,4,8,0.8,1.6,3,4,3,0,3,2,0.0,0.2,22,6,4,0,16,6,0,0,11,7,2,1.4,0.4,4,6,5,3,2,2,1.0,0.33,0,1,1,1,1,0,-14,-16,13,8,5,42,35,7,1572,1527,45,52000000,57000000,1,2,0,1
2024,1250362,27,Fecha inválida,Spal,Rimini,0,0,15,4,3,3,14,16,0,1,9,8,10,1.6,2.0,2,7,5,2,3,4,0.5,0.33,13,3,4,3,13,8,0,1,7,6,4,1.2,0.8,3,5,4,1,2,2,0.25,0.33,3,1,1,1,1,3,2,-7,14,10,4,36,36,0,1593,1509,84,53000000,59000000,1,2,1,1
2024,1250364,27,Fecha inválida,Città di Campobasso,Ternana,0,0,8,1,5,4,8,11,1,0,5,5,6,1.0,1.2,4,4,5,2,2,3,0.17,0.0,22,6,4,0,20,5,1,0,13,14,2,2.8,0.4,5,5,6,3,2,4,0.67,0.5,0,2,0,0,2,0,-14,-18,11,17,-6,35,36,-1,1510,1516,-6,50000000,56000000,0,0,0,0
2024,1250357,27,Fecha inválida,Pescara,Ascoli,0,0,13,3,4,3,9,7,1,0,10,7,3,1.4,0.6,4,3,3,2,2,2,0.33,0.25,18,4,6,0,13,7,0,0,9,6,4,1.2,0.8,3,7,2,1,4,1,0.4,0.4,4,3,3,3,3,4,-5,-4,6,8,-2,37,36,1,1525,1507,18,55000000,57000000,0,0,1,1
2024,1250360,27,Fecha inválida,Lucchese,Perugia,0,0,6,1,3,6,10,22,0,1,4,4,12,0.8,2.4,1,6,7,0,3,4,0.2,0.0,14,3,5,2,13,12,0,0,6,7,7,1.4,1.4,3,7,5,2,3,3,0.6,0.0,0,2,2,2,2,0,-8,-13,10,5,5,38,38,0,1589,1524,65,59000000,54000000,1,2,1,0
2024,1250376,28,Fecha inválida,Pineto,Vis Pesaro,0,0,17,5,2,3,15,15,1,0,9,8,7,1.6,1.4,4,6,5,2,3,3,0.6,0.4,20,6,2,2,12,9,2,0,10,6,4,1.2,0.8,4,5,4,2,2,1,0.6,0.6,0,4,0,0,4,0,-3,-3,15,9,6,48,46,2,1514,1508,6,54000000,58000000,1,1,0,0
2024,1250368,28,Fecha inválida,Spal,Città di Campobasso,0,0,15,4,3,3,14,16,0,1,9,8,10,1.6,2.0,2,7,5,2,3,4,0.5,0.33,8,1,5,4,8,11,1,0,5,5,6,1.0,1.2,4,4,5,2,2,3,0.17,0.0,0,1,1,1,1,0,7,1,14,11,3,42,41,1,1593,1510,83,53000000,50000000,1,0,1,0
2024,1250369,28,Fecha inválida,Gubbio,Legnago Salus,0,0,10,3,1,6,10,12,1,0,6,4,5,0.8,1.0,2,6,5,2,2,2,0.6,0.0,8,1,5,4,6,12,0,1,3,4,8,0.8,1.6,3,4,3,0,3,2,0.0,0.2,2,2,0,0,2,2,2,4,7,13,-6,42,48,-6,1566,1572,-6,56000000,52000000,2,1,0,0
2024,1250373,28,Fecha inválida,Athletic Carpi,Pianese,0,0,12,3,3,4,12,9,1,0,7,8,5,1.6,1.0,3,5,5,1,3,3,0.0,0.5,10,2,4,4,10,15,0,1,7,5,6,1.0,1.2,2,6,4,1,2,2,0.25,0.17,0,2,1,1,2,0,2,8,6,2,4,43,41,2,1525,1581,-56,55000000,51000000,2,0,1,1
2024,1250372,28,Fecha inválida,Milan II,Pescara,0,0,7,1,4,5,10,21,0,0,3,6,12,1.2,2.4,2,7,7,0,4,4,0.2,0.0,13,3,4,3,9,7,1,0,10,7,3,1.4,0.6,4,3,3,2,2,2,0.33,0.25,0,1,1,1,1,0,-6,-13,6,6,0,42,42,0,1505,1525,-20,55000000,55000000,1,0,1,1
2024,1250375,28,Fecha inválida,Ascoli,Ternana,0,0,18,4,6,0,13,7,0,0,9,6,4,1.2,0.8,3,7,2,1,4,1,0.4,0.4,22,6,4,0,20,5,1,0,13,14,2,2.8,0.4,5,5,6,3,2,4,0.67,0.5,7,2,3,3,2,7,-4,-9,8,17,-9,42,42,0,1507,1516,-9,57000000,56000000,0,0,1,0
2024,1250374,28,Fecha inválida,Torres,Pontedera,0,0,17,5,2,3,16,8,1,0,4,5,5,1.0,1.0,3,5,5,1,2,2,0.4,0.6,13,3,4,3,13,13,0,0,5,9,7,1.8,1.4,3,7,5,0,5,3,0.4,0.2,2,2,2,2,2,2,4,8,15,12,3,42,42,0,1534,1591,-57,54000000,51000000,0,1,0,1
2024,1250371,28,Fecha inválida,Virtus Entella,Perugia,0,0,22,6,4,0,16,6,0,0,11,7,2,1.4,0.4,4,6,5,3,2,2,1.0,0.33,14,3,5,2,13,12,0,0,6,7,7,1.4,1.4,3,7,5,2,3,3,0.6,0.0,3,2,5,5,2,3,8,9,8,5,3,42,43,-1,1527,1524,3,57000000,54000000,2,2,1,0
2024,1250370,28,Fecha inválida,Sestri Levante,Lucchese,0,0,6,1,3,6,8,18,0,0,3,4,8,0.8,1.6,1,5,6,1,2,3,0.17,0.0,6,1,3,6,10,22,0,1,4,4,12,0.8,2.4,1,6,7,0,3,4,0.2,0.0,1,2,1,1,2,1,0,2,16,10,6,43,43,0,1515,1589,-74,55000000,59000000,1,1,1,1
2024,1250367,28,Fecha inválida,Rimini,Arezzo,0,0,13,3,4,3,13,8,0,1,7,6,4,1.2,0.8,3,5,4,1,2,2,0.25,0.33,14,3,5,2,11,10,0,1,3,4,7,0.8,1.4,4,5,3,1,3,2,0.2,0.4,0,2,2,2,2,0,-1,4,10,17,-7,44,49,-5,1509,1576,-67,59000000,56000000,2,0,1,0
2024,1250384,29,Fecha inválida,Pescara,Spal,0,0,13,3,4,3,9,7,1,0,10,7,3,1.4,0.6,4,3,3,2,2,2,0.33,0.25,15,4,3,3,14,16,0,1,9,8,10,1.6,2.0,2,7,5,2,3,4,0.5,0.33,2,1,3,3,1,2,-2,4,6,14,-8,49,50,-1,1525,1593,-68,55000000,53000000,0,1,1,1
2024,1250383,29,Fecha inválida,Arezzo,Sestri Levante,0,0,14,3,5,2,11,10,0,1,3,4,7,0.8,1.4,4,5,3,1,3,2,0.2,0.4,6,1,3,6,8,18,0,0,3,4,8,0.8,1.6,1,5,6,1,2,3,0.17,0.0,2,2,0,0,2,2,8,11,17,16,1,54,49,5,1576,1515,61,56000000,55000000,0,1,0,1
2024,1250378,29,Fecha inválida,Lucchese,Athletic Carpi,0,0,6,1,3,6,10,22,0,1,4,4,12,0.8,2.4,1,6,7,0,3,4,0.2,0.0,12,3,3,4,12,9,1,0,7,8,5,1.6,1.0,3,5,5,1,3,3,0.0,0.5,0,2,0,0,2,0,-6,-15,10,6,4,50,50,0,1589,1525,64,59000000,55000000,1,2,1,1
2024,1250379,29,Fecha inválida,Pontedera,Gubbio,0,0,13,3,4,3,13,13,0,0,5,9,7,1.8,1.4,3,7,5,0,5,3,0.4,0.2,10,3,1,6,10,12,1,0,6,4,5,0.8,1.0,2,6,5,2,2,2,0.6,0.0,2,5,2,2,5,2,3,2,12,7,5,49,49,0,1591,1566,25,51000000,56000000,1,2,1,0
2024,1250386,29,Fecha inválida,Vis Pesaro,Virtus Entella,0,0,20,6,2,2,12,9,2,0,10,6,4,1.2,0.8,4,5,4,2,2,1,0.6,0.6,22,6,4,0,16,6,0,0,11,7,2,1.4,0.4,4,6,5,3,2,2,1.0,0.33,2,4,2,2,4,2,-2,-7,9,8,1,54,48,6,1508,1527,-19,58000000,57000000,1,2,0,1
2024,1250385,29,Fecha inválida,Ternana,Torres,0,0,22,6,4,0,20,5,1,0,13,14,2,2.8,0.4,5,5,6,3,2,4,0.67,0.5,17,5,2,3,16,8,1,0,4,5,5,1.0,1.0,3,5,5,1,2,2,0.4,0.6,0,2,0,0,2,0,5,7,17,15,2,49,49,0,1516,1534,-18,56000000,54000000,0,0,0,0
2024,1250382,29,Fecha inválida,Pianese,Rimini,0,0,10,2,4,4,10,15,0,1,7,5,6,1.0,1.2,2,6,4,1,2,2,0.25,0.17,13,3,4,3,13,8,0,1,7,6,4,1.2,0.8,3,5,4,1,2,2,0.25,0.33,0,2,0,0,2,0,-3,-10,2,10,-8,49,49,0,1581,1509,72,51000000,59000000,0,2,1,1
2024,1250380,29,Fecha inválida,Legnago Salus,Milan II,0,0,8,1,5,4,6,12,0,1,3,4,8,0.8,1.6,3,4,3,0,3,2,0.0,0.2,7,1,4,5,10,21,0,0,3,6,12,1.2,2.4,2,7,7,0,4,4,0.2,0.0,1,1,0,0,1,1,1,5,13,6,7,56,49,7,1572,1505,67,52000000,55000000,1,1,0,1
2024,1250381,29,Fecha inválida,Città di Campobasso,Pineto,0,0,8,1,5,4,8,11,1,0,5,5,6,1.0,1.2,4,4,5,2,2,3,0.17,0.0,17,5,2,3,15,15,1,0,9,8,7,1.6,1.4,4,6,5,2,3,3,0.6,0.4,1,2,1,1,2,1,-9,-3,11,15,-4,49,57,-8,1510,1514,-4,50000000,54000000,0,1,0,0
2024,1250377,29,Fecha inválida,Perugia,Ascoli,0,0,14,3,5,2,13,12,0,0,6,7,7,1.4,1.4,3,7,5,2,3,3,0.6,0.0,18,4,6,0,13,7,0,0,9,6,4,1.2,0.8,3,7,2,1,4,1,0.4,0.4,8,5,2,2,5,8,-4,-5,5,8,-3,52,50,2,1524,1507,17,54000000,57000000,2,0,0,1
2024,1250387,30,Fecha inválida,Spal,Arezzo,0,0,15,4,3,3,14,16,0,1,9,8,10,1.6,2.0,2,7,5,2,3,4,0.5,0.33,14,3,5,2,11,10,0,1,3,4,7,0.8,1.4,4,5,3,1,3,2,0.2,0.4,0,2,2,2,2,0,1,-3,14,17,-3,56,60,-4,1593,1576,17,53000000,56000000,1,0,1,0
2024,1250390,30,Fecha inválida,Pescara,Lucchese,0,0,13,3,4,3,9,7,1,0,10,7,3,1.4,0.6,4,3,3,2,2,2,0.33,0.25,6,1,3,6,10,22,0,1,4,4,12,0.8,2.4,1,6,7,0,3,4,0.2,0.0,3,2,1,1,2,3,7,14,6,10,-4,55,56,-1,1525,1589,-64,55000000,59000000,0,1,1,1
2024,1250394,30,Fecha inválida,Virtus Entella,Pontedera,0,0,22,6,4,0,16,6,0,0,11,7,2,1.4,0.4,4,6,5,3,2,2,1.0,0.33,13,3,4,3,13,13,0,0,5,9,7,1.8,1.4,3,7,5,0,5,3,0.4,0.2,6,2,3,3,2,6,9,10,8,12,-4,54,55,-1,1527,1591,-64,57000000,51000000,2,1,1,1
2024,1250392,30,Fecha inválida,Gubbio,Pianese,0,0,10,3,1,6,10,12,1,0,6,4,5,0.8,1.0,2,6,5,2,2,2,0.6,0.0,10,2,4,4,10,15,0,1,7,5,6,1.0,1.2,2,6,4,1,2,2,0.25,0.17,0,1,1,1,1,0,0,3,7,2,5,55,54,1,1566,1581,-15,56000000,51000000,2,0,0,1
2024,1250396,30,Fecha inválida,Athletic Carpi,Vis Pesaro,0,0,12,3,3,4,12,9,1,0,7,8,5,1.6,1.0,3,5,5,1,3,3,0.0,0.5,20,6,2,2,12,9,2,0,10,6,4,1.2,0.8,4,5,4,2,2,1,0.6,0.6,0,1,1,1,1,0,-8,0,6,9,-3,56,60,-4,1525,1508,17,55000000,58000000,2,1,1,0
2024,1250393,30,Fecha inválida,Ascoli,Pineto,0,0,18,4,6,0,13,7,0,0,9,6,4,1.2,0.8,3,7,2,1,4,1,0.4,0.4,17,5,2,3,15,15,1,0,9,8,7,1.6,1.4,4,6,5,2,3,3,0.6,0.4,0,1,1,1,1,0,1,6,8,15,-7,55,63,-8,1507,1514,-7,57000000,54000000,0,1,1,0
2024,1250395,30,Fecha inválida,Rimini,Ternana,0,0,13,3,4,3,13,8,0,1,7,6,4,1.2,0.8,3,5,4,1,2,2,0.25,0.33,22,6,4,0,20,5,1,0,13,14,2,2.8,0.4,5,5,6,3,2,4,0.67,0.5,0,3,1,1,3,0,-9,-10,10,17,-7,56,56,0,1509,1516,-7,59000000,56000000,2,0,1,0
2024,1250389,30,Fecha inválida,Torres,Legnago Salus,0,0,17,5,2,3,16,8,1,0,4,5,5,1.0,1.0,3,5,5,1,2,2,0.4,0.6,8,1,5,4,6,12,0,1,3,4,8,0.8,1.6,3,4,3,0,3,2,0.0,0.2,1,1,0,0,1,1,9,14,15,13,2,55,62,-7,1534,1572,-38,54000000,52000000,0,1,0,0
2024,1250388,30,Fecha inválida,Sestri Levante,Città di Campobasso,0,0,6,1,3,6,8,18,0,0,3,4,8,0.8,1.6,1,5,6,1,2,3,0.17,0.0,8,1,5,4,8,11,1,0,5,5,6,1.0,1.2,4,4,5,2,2,3,0.17,0.0,0,2,0,0,2,0,-2,-7,16,11,5,56,55,1,1515,1510,5,55000000,50000000,1,0,1,0
2024,1250391,30,Fecha inválida,Milan II,Perugia,0,0,7,1,4,5,10,21,0,0,3,6,12,1.2,2.4,2,7,7,0,4,4,0.2,0.0,14,3,5,2,13,12,0,0,6,7,7,1.4,1.4,3,7,5,2,3,3,0.6,0.0,1,1,0,0,1,1,-7,-12,6,5,1,55,57,-2,1505,1524,-19,55000000,54000000,1,2,1,0
2024,1250406,31,Fecha inválida,Lucchese,Virtus Entella,0,0,6,1,3,6,10,22,0,1,4,4,12,0.8,2.4,1,6,7,0,3,4,0.2,0.0,22,6,4,0,16,6,0,0,11,7,2,1.4,0.4,4,6,5,3,2,2,1.0,0.33,2,8,1,1,8,2,-16,-22,10,8,2,60,58,2,1589,1527,62,59000000,57000000,1,2,1,1
2024,1250403,31,Fecha inválida,Ternana,Sestri Levante,0,0,22,6,4,0,20,5,1,0,13,14,2,2.8,0.4,5,5,6,3,2,4,0.67,0.5,6,1,3,6,8,18,0,0,3,4,8,0.8,1.6,1,5,6,1,2,3,0.17,0.0,1,1,0,0,1,1,16,25,17,16,1,59,59,0,1516,1515,1,56000000,55000000,0,1,0,1
2024,1250405,31,Fecha inválida,Perugia,Torres,0,0,14,3,5,2,13,12,0,0,6,7,7,1.4,1.4,3,7,5,2,3,3,0.6,0.0,17,5,2,3,16,8,1,0,4,5,5,1.0,1.0,3,5,5,1,2,2,0.4,0.6,0,2,2,2,2,0,-3,-7,5,15,-10,60,58,2,1524,1534,-10,54000000,54000000,2,0,0,0
2024,1250398,31,Fecha inválida,Arezzo,Athletic Carpi,0,0,14,3,5,2,11,10,0,1,3,4,7,0.8,1.4,4,5,3,1,3,2,0.2,0.4,12,3,3,4,12,9,1,0,7,8,5,1.6,1.0,3,5,5,1,3,3,0.0,0.5,0,1,1,1,1,0,2,-2,17,6,11,64,60,4,1576,1525,51,56000000,55000000,0,2,0,1
2024,1250401,31,Fecha inválida,Pontedera,Pescara,0,0,13,3,4,3,13,13,0,0,5,9,7,1.8,1.4,3,7,5,0,5,3,0.4,0.2,13,3,4,3,9,7,1,0,10,7,3,1.4,0.6,4,3,3,2,2,2,0.33,0.25,1,3,3,3,3,1,0,-2,12,6,6,59,59,0,1591,1525,66,51000000,55000000,1,0,1,1
2024,1250399,31,Fecha inválida,Vis Pesaro,Gubbio,0,0,20,6,2,2,12,9,2,0,10,6,4,1.2,0.8,4,5,4,2,2,1,0.6,0.6,10,3,1,6,10,12,1,0,6,4,5,0.8,1.0,2,6,5,2,2,2,0.6,0.0,4,3,8,8,3,4,10,5,9,7,2,64,59,5,1508,1566,-58,58000000,56000000,1,2,0,0
2024,1250404,31,Fecha inválida,Pianese,Spal,0,0,10,2,4,4,10,15,0,1,7,5,6,1.0,1.2,2,6,4,1,2,2,0.25,0.17,15,4,3,3,14,16,0,1,9,8,10,1.6,2.0,2,7,5,2,3,4,0.5,0.33,0,2,0,0,2,0,-5,-3,2,14,-12,58,60,-2,1581,1593,-12,51000000,53000000,0,1,1,1
2024,1250402,31,Fecha inválida,Legnago Salus,Rimini,0,0,8,1,5,4,6,12,0,1,3,4,8,0.8,1.6,3,4,3,0,3,2,0.0,0.2,13,3,4,3,13,8,0,1,7,6,4,1.2,0.8,3,5,4,1,2,2,0.25,0.33,0,1,1,1,1,0,-5,-11,13,10,3,65,59,6,1572,1509,63,52000000,59000000,1,2,0,1
2024,1250397,31,Fecha inválida,Città di Campobasso,Ascoli,0,0,8,1,5,4,8,11,1,0,5,5,6,1.0,1.2,4,4,5,2,2,3,0.17,0.0,18,4,6,0,13,7,0,0,9,6,4,1.2,0.8,3,7,2,1,4,1,0.4,0.4,0,3,0,0,3,0,-10,-9,11,8,3,58,58,0,1510,1507,3,50000000,57000000,0,0,0,1
2024,1250400,31,Fecha inválida,Pineto,Milan II,0,0,17,5,2,3,15,15,1,0,9,8,7,1.6,1.4,4,6,5,2,3,3,0.6,0.4,7,1,4,5,10,21,0,0,3,6,12,1.2,2.4,2,7,7,0,4,4,0.2,0.0,1,1,0,0,1,1,10,11,15,6,9,66,58,8,1514,1505,9,54000000,55000000,1,1,0,1
2024,1250407,32,Fecha inválida,Ascoli,Arezzo,0,0,18,4,6,0,13,7,0,0,9,6,4,1.2,0.8,3,7,2,1,4,1,0.4,0.4,14,3,5,2,11,10,0,1,3,4,7,0.8,1.4,4,5,3,1,3,2,0.2,0.4,0,2,1,1,2,0,4,5,8,17,-9,62,68,-6,1507,1576,-69,57000000,56000000,0,0,1,0
2024,1250410,32,Fecha inválida,Perugia,Legnago Salus,0,0,14,3,5,2,13,12,0,0,6,7,7,1.4,1.4,3,7,5,2,3,3,0.6,0.0,8,1,5,4,6,12,0,1,3,4,8,0.8,1.6,3,4,3,0,3,2,0.0,0.2,2,2,0,0,2,2,6,7,5,13,-8,64,69,-5,1524,1572,-48,54000000,52000000,2,1,0,0
2024,1250416,32,Fecha inválida,Pescara,Vis Pesaro,0,0,13,3,4,3,9,7,1,0,10,7,3,1.4,0.6,4,3,3,2,2,2,0.33,0.25,20,6,2,2,12,9,2,0,10,6,4,1.2,0.8,4,5,4,2,2,1,0.6,0.6,2,3,2,2,3,2,-7,-1,6,9,-3,63,68,-5,1525,1508,17,55000000,58000000,0,1,1,0
2024,1250408,32,Fecha inválida,Lucchese,Città di Campobasso,0,0,6,1,3,6,10,22,0,1,4,4,12,0.8,2.4,1,6,7,0,3,4,0.2,0.0,8,1,5,4,8,11,1,0,5,5,6,1.0,1.2,4,4,5,2,2,3,0.17,0.0,0,1,1,1,1,0,-2,-9,10,11,-1,64,62,2,1589,1510,79,59000000,50000000,1,0,1,0
2024,1250411,32,Fecha inválida,Athletic Carpi,Pineto,0,0,12,3,3,4,12,9,1,0,7,8,5,1.6,1.0,3,5,5,1,3,3,0.0,0.5,17,5,2,3,15,15,1,0,9,8,7,1.6,1.4,4,6,5,2,3,3,0.6,0.4,1,1,0,0,1,1,-5,3,6,15,-9,64,70,-6,1525,1514,11,55000000,54000000,2,1,1,0
2024,1250412,32,Fecha inválida,Milan II,Pontedera,0,0,7,1,4,5,10,21,0,0,3,6,12,1.2,2.4,2,7,7,0,4,4,0.2,0.0,13,3,4,3,13,13,0,0,5,9,7,1.8,1.4,3,7,5,0,5,3,0.4,0.2,0,2,0,0,2,0,-6,-11,6,12,-6,62,63,-1,1505,1591,-86,55000000,51000000,1,1,1,1
2024,1250409,32,Fecha inválida,Rimini,Gubbio,0,0,13,3,4,3,13,8,0,1,7,6,4,1.2,0.8,3,5,4,1,2,2,0.25,0.33,10,3,1,6,10,12,1,0,6,4,5,0.8,1.0,2,6,5,2,2,2,0.6,0.0,3,4,5,5,4,3,3,7,10,7,3,63,63,0,1509,1566,-57,59000000,56000000,2,2,1,0
2024,1250415,32,Fecha inválida,Pianese,Torres,0,0,10,2,4,4,10,15,0,1,7,5,6,1.0,1.2,2,6,4,1,2,2,0.25,0.17,17,5,2,3,16,8,1,0,4,5,5,1.0,1.0,3,5,5,1,2,2,0.4,0.6,0,1,1,1,1,0,-7,-13,2,15,-13,63,63,0,1581,1534,47,51000000,54000000,0,0,1,0
2024,1250414,32,Fecha inválida,Spal,Ternana,0,0,15,4,3,3,14,16,0,1,9,8,10,1.6,2.0,2,7,5,2,3,4,0.5,0.33,22,6,4,0,20,5,1,0,13,14,2,2.8,0.4,5,5,6,3,2,4,0.67,0.5,2,3,3,3,3,2,-7,-17,14,17,-3,66,65,1,1593,1516,77,53000000,56000000,1,0,1,0
2024,1250413,32,Fecha inválida,Virtus Entella,Sestri Levante,0,0,22,6,4,0,16,6,0,0,11,7,2,1.4,0.4,4,6,5,3,2,2,1.0,0.33,6,1,3,6,8,18,0,0,3,4,8,0.8,1.6,1,5,6,1,2,3,0.17,0.0,0,3,1,1,3,0,16,20,8,16,-8,64,65,-1,1527,1515,12,57000000,55000000,2,1,1,1
2024,1250421,33,Fecha inválida,Ternana,Perugia,0,0,22,6,4,0,20,5,1,0,13,14,2,2.8,0.4,5,5,6,3,2,4,0.67,0.5,14,3,5,2,13,12,0,0,6,7,7,1.4,1.4,3,7,5,2,3,3,0.6,0.0,4,5,2,2,5,4,8,14,17,5,12,70,71,-1,1516,1524,-8,56000000,54000000,0,2,0,0
2024,1250426,33,Fecha inválida,Gubbio,Virtus Entella,0,0,10,3,1,6,10,12,1,0,6,4,5,0.8,1.0,2,6,5,2,2,2,0.6,0.0,22,6,4,0,16,6,0,0,11,7,2,1.4,0.4,4,6,5,3,2,2,1.0,0.33,2,4,4,4,4,2,-12,-12,7,8,-1,70,69,1,1566,1527,39,56000000,57000000,2,2,0,1
2024,1250420,33,Fecha inválida,Arezzo,Milan II,0,0,14,3,5,2,11,10,0,1,3,4,7,0.8,1.4,4,5,3,1,3,2,0.2,0.4,7,1,4,5,10,21,0,0,3,6,12,1.2,2.4,2,7,7,0,4,4,0.2,0.0,0,2,0,0,2,0,7,12,17,6,11,75,69,6,1576,1505,71,56000000,55000000,0,1,0,1
2024,1250417,33,Fecha inválida,Pontedera,Ascoli,0,0,13,3,4,3,13,13,0,0,5,9,7,1.8,1.4,3,7,5,0,5,3,0.4,0.2,18,4,6,0,13,7,0,0,9,6,4,1.2,0.8,3,7,2,1,4,1,0.4,0.4,0,2,0,0,2,0,-5,-6,12,8,4,70,69,1,1591,1507,84,51000000,57000000,1,0,1,1
2024,1250423,33,Fecha inválida,Vis Pesaro,Pianese,0,0,20,6,2,2,12,9,2,0,10,6,4,1.2,0.8,4,5,4,2,2,1,0.6,0.6,10,2,4,4,10,15,0,1,7,5,6,1.0,1.2,2,6,4,1,2,2,0.25,0.17,0,1,1,1,1,0,10,8,9,2,7,75,69,6,1508,1581,-73,58000000,51000000,1,0,0,1
2024,1250419,33,Fecha inválida,Legnago Salus,Lucchese,0,0,8,1,5,4,6,12,0,1,3,4,8,0.8,1.6,3,4,3,0,3,2,0.0,0.2,6,1,3,6,10,22,0,1,4,4,12,0.8,2.4,1,6,7,0,3,4,0.2,0.0,0,2,1,1,2,0,2,6,13,10,3,76,71,5,1572,1589,-17,52000000,59000000,1,1,0,1
2024,1250418,33,Fecha inválida,Città di Campobasso,Athletic Carpi,0,0,8,1,5,4,8,11,1,0,5,5,6,1.0,1.2,4,4,5,2,2,3,0.17,0.0,12,3,3,4,12,9,1,0,7,8,5,1.6,1.0,3,5,5,1,3,3,0.0,0.5,1,2,0,0,2,1,-4,-6,11,6,5,69,71,-2,1510,1525,-15,50000000,55000000,0,2,0,1
2024,1250425,33,Fecha inválida,Pineto,Spal,0,0,17,5,2,3,15,15,1,0,9,8,7,1.6,1.4,4,6,5,2,3,3,0.6,0.4,15,4,3,3,14,16,0,1,9,8,10,1.6,2.0,2,7,5,2,3,4,0.5,0.33,0,2,2,2,2,0,2,2,15,14,1,77,71,6,1514,1593,-79,54000000,53000000,1,1,0,1
2024,1250424,33,Fecha inválida,Torres,Rimini,0,0,17,5,2,3,16,8,1,0,4,5,5,1.0,1.0,3,5,5,1,2,2,0.4,0.6,13,3,4,3,13,8,0,1,7,6,4,1.2,0.8,3,5,4,1,2,2,0.25,0.33,1,4,1,1,4,1,4,3,15,10,5,69,70,-1,1534,1509,25,54000000,59000000,0,2,0,1
2024,1250422,33,Fecha inválida,Sestri Levante,Pescara,0,0,6,1,3,6,8,18,0,0,3,4,8,0.8,1.6,1,5,6,1,2,3,0.17,0.0,13,3,4,3,9,7,1,0,10,7,3,1.4,0.6,4,3,3,2,2,2,0.33,0.25,0,1,3,3,1,0,-7,-12,16,6,10,70,70,0,1515,1525,-10,55000000,55000000,1,0,1,1
2024,1250430,34,Fecha inválida,Spal,Legnago Salus,0,0,15,4,3,3,14,16,0,1,9,8,10,1.6,2.0,2,7,5,2,3,4,0.5,0.33,8,1,5,4,6,12,0,1,3,4,8,0.8,1.6,3,4,3,0,3,2,0.0,0.2,1,1,0,0,1,1,7,4,14,13,1,78,83,-5,1593,1572,21,53000000,52000000,1,1,1,0
2024,1250436,34,Fecha inválida,Ascoli,Vis Pesaro,0,0,18,4,6,0,13,7,0,0,9,6,4,1.2,0.8,3,7,2,1,4,1,0.4,0.4,20,6,2,2,12,9,2,0,10,6,4,1.2,0.8,4,5,4,2,2,1,0.6,0.6,0,2,0,0,2,0,-2,3,8,9,-1,76,82,-6,1507,1508,-1,57000000,58000000,0,1,1,0
2024,1250431,34,Fecha inválida,Perugia,Pineto,0,0,14,3,5,2,13,12,0,0,6,7,7,1.4,1.4,3,7,5,2,3,3,0.6,0.0,17,5,2,3,15,15,1,0,9,8,7,1.6,1.4,4,6,5,2,3,3,0.6,0.4,1,3,1,1,3,1,-3,1,5,15,-10,78,84,-6,1524,1514,10,54000000,54000000,2,1,0,0
2024,1250427,34,Fecha inválida,Pescara,Arezzo,0,0,13,3,4,3,9,7,1,0,10,7,3,1.4,0.6,4,3,3,2,2,2,0.33,0.25,14,3,5,2,11,10,0,1,3,4,7,0.8,1.4,4,5,3,1,3,2,0.2,0.4,2,2,0,0,2,2,-1,1,6,17,-11,77,82,-5,1525,1576,-51,55000000,56000000,0,0,1,0
2024,1250435,34,Fecha inválida,Virtus Entella,Torres,0,0,22,6,4,0,16,6,0,0,11,7,2,1.4,0.4,4,6,5,3,2,2,1.0,0.33,17,5,2,3,16,8,1,0,4,5,5,1.0,1.0,3,5,5,1,2,2,0.4,0.6,4,1,1,1,1,4,5,2,8,15,-7,76,76,0,1527,1534,-7,57000000,54000000,2,0,1,0
2024,1250434,34,Fecha inválida,Lucchese,Ternana,0,0,6,1,3,6,10,22,0,1,4,4,12,0.8,2.4,1,6,7,0,3,4,0.2,0.0,22,6,4,0,20,5,1,0,13,14,2,2.8,0.4,5,5,6,3,2,4,0.67,0.5,0,1,1,1,1,0,-16,-27,10,17,-7,78,77,1,1589,1516,73,59000000,56000000,1,0,1,0
2024,1250433,34,Fecha inválida,Rimini,Sestri Levante,0,0,13,3,4,3,13,8,0,1,7,6,4,1.2,0.8,3,5,4,1,2,2,0.25,0.33,6,1,3,6,8,18,0,0,3,4,8,0.8,1.6,1,5,6,1,2,3,0.17,0.0,2,1,1,1,1,2,7,15,10,16,-6,77,77,0,1509,1515,-6,59000000,55000000,2,1,1,1
2024,1250432,34,Fecha inválida,Pianese,Pontedera,0,0,10,2,4,4,10,15,0,1,7,5,6,1.0,1.2,2,6,4,1,2,2,0.25,0.17,13,3,4,3,13,13,0,0,5,9,7,1.8,1.4,3,7,5,0,5,3,0.4,0.2,1,2,2,2,2,1,-3,-5,2,12,-10,76,77,-1,1581,1591,-10,51000000,51000000,0,1,1,1
2024,1250429,34,Fecha inválida,Athletic Carpi,Gubbio,0,0,12,3,3,4,12,9,1,0,7,8,5,1.6,1.0,3,5,5,1,3,3,0.0,0.5,10,3,1,6,10,12,1,0,6,4,5,0.8,1.0,2,6,5,2,2,2,0.6,0.0,0,1,1,1,1,0,2,5,6,7,-1,78,77,1,1525,1566,-41,55000000,56000000,2,2,1,0
2024,1250428,34,Fecha inválida,Milan II,Città di Campobasso,0,0,7,1,4,5,10,21,0,0,3,6,12,1.2,2.4,2,7,7,0,4,4,0.2,0.0,8,1,5,4,8,11,1,0,5,5,6,1.0,1.2,4,4,5,2,2,3,0.17,0.0,0,2,0,0,2,0,-1,-8,6,11,-5,76,76,0,1505,1510,-5,55000000,50000000,1,0,1,0
2024,1250438,35,Fecha inválida,Ternana,Athletic Carpi,0,0,22,6,4,0,20,5,1,0,13,14,2,2.8,0.4,5,5,6,3,2,4,0.67,0.5,12,3,3,4,12,9,1,0,7,8,5,1.6,1.0,3,5,5,1,3,3,0.0,0.5,1,1,0,0,1,1,10,12,17,6,11,84,85,-1,1516,1525,-9,56000000,55000000,0,2,0,1
2024,1250437,35,Fecha inválida,Gubbio,Ascoli,0,0,10,3,1,6,10,12,1,0,6,4,5,0.8,1.0,2,6,5,2,2,2,0.6,0.0,18,4,6,0,13,7,0,0,9,6,4,1.2,0.8,3,7,2,1,4,1,0.4,0.4,1,1,2,2,1,1,-8,-8,7,8,-1,84,83,1,1566,1507,59,56000000,57000000,2,0,0,1
2024,1250441,35,Fecha inválida,Arezzo,Perugia,0,0,14,3,5,2,11,10,0,1,3,4,7,0.8,1.4,4,5,3,1,3,2,0.2,0.4,14,3,5,2,13,12,0,0,6,7,7,1.4,1.4,3,7,5,2,3,3,0.6,0.0,2,2,3,3,2,2,0,0,17,5,12,89,85,4,1576,1524,52,56000000,54000000,0,2,0,0
2024,1250439,35,Fecha inválida,Pontedera,Lucchese,0,0,13,3,4,3,13,13,0,0,5,9,7,1.8,1.4,3,7,5,0,5,3,0.4,0.2,6,1,3,6,10,22,0,1,4,4,12,0.8,2.4,1,6,7,0,3,4,0.2,0.0,4,5,7,7,5,4,7,12,12,10,2,84,85,-1,1591,1589,2,51000000,59000000,1,1,1,1
2024,1250444,35,Fecha inválida,Vis Pesaro,Rimini,0,0,20,6,2,2,12,9,2,0,10,6,4,1.2,0.8,4,5,4,2,2,1,0.6,0.6,13,3,4,3,13,8,0,1,7,6,4,1.2,0.8,3,5,4,1,2,2,0.25,0.33,1,6,3,3,6,1,7,-2,9,10,-1,89,84,5,1508,1509,-1,58000000,59000000,1,2,0,1
2024,1250443,35,Fecha inválida,Legnago Salus,Pianese,0,0,8,1,5,4,6,12,0,1,3,4,8,0.8,1.6,3,4,3,0,3,2,0.0,0.2,10,2,4,4,10,15,0,1,7,5,6,1.0,1.2,2,6,4,1,2,2,0.25,0.17,0,2,0,0,2,0,-2,-1,13,2,11,90,83,7,1572,1581,-9,52000000,51000000,1,0,0,1
2024,1250446,35,Fecha inválida,Città di Campobasso,Virtus Entella,0,0,8,1,5,4,8,11,1,0,5,5,6,1.0,1.2,4,4,5,2,2,3,0.17,0.0,22,6,4,0,16,6,0,0,11,7,2,1.4,0.4,4,6,5,3,2,2,1.0,0.33,0,1,1,1,1,0,-14,-13,11,8,3,83,83,0,1510,1527,-17,50000000,57000000,0,2,0,1
2024,1250442,35,Fecha inválida,Pineto,Pescara,0,0,17,5,2,3,15,15,1,0,9,8,7,1.6,1.4,4,6,5,2,3,3,0.6,0.4,13,3,4,3,9,7,1,0,10,7,3,1.4,0.6,4,3,3,2,2,2,0.33,0.25,3,1,2,2,1,3,4,-2,15,6,9,91,84,7,1514,1525,-11,54000000,55000000,1,0,0,1
2024,1250445,35,Fecha inválida,Torres,Spal,0,0,17,5,2,3,16,8,1,0,4,5,5,1.0,1.0,3,5,5,1,2,2,0.4,0.6,15,4,3,3,14,16,0,1,9,8,10,1.6,2.0,2,7,5,2,3,4,0.5,0.33,1,2,1,1,2,1,2,10,15,14,1,83,85,-2,1534,1593,-59,54000000,53000000,0,1,0,1
2024,1250440,35,Fecha inválida,Sestri Levante,Milan II,0,0,6,1,3,6,8,18,0,0,3,4,8,0.8,1.6,1,5,6,1,2,3,0.17,0.0,7,1,4,5,10,21,0,0,3,6,12,1.2,2.4,2,7,7,0,4,4,0.2,0.0,0,2,0,0,2,0,-1,1,16,6,10,84,83,1,1515,1505,10,55000000,55000000,1,1,1,1
2024,1250452,36,Fecha inválida,Spal,Pontedera,0,0,15,4,3,3,14,16,0,1,9,8,10,1.6,2.0,2,7,5,2,3,4,0.5,0.33,13,3,4,3,13,13,0,0,5,9,7,1.8,1.4,3,7,5,0,5,3,0.4,0.2,2,1,3,3,1,2,2,-2,14,12,2,92,91,1,1593,1591,2,53000000,51000000,1,1,1,1
2024,1250455,36,Fecha inválida,Ascoli,Torres,0,0,18,4,6,0,13,7,0,0,9,6,4,1.2,0.8,3,7,2,1,4,1,0.4,0.4,17,5,2,3,16,8,1,0,4,5,5,1.0,1.0,3,5,5,1,2,2,0.4,0.6,1,1,0,0,1,1,1,-2,8,15,-7,90,90,0,1507,1534,-27,57000000,54000000,0,0,1,0
2024,1250453,36,Fecha inválida,Perugia,Sestri Levante,0,0,14,3,5,2,13,12,0,0,6,7,7,1.4,1.4,3,7,5,2,3,3,0.6,0.0,6,1,3,6,8,18,0,0,3,4,8,0.8,1.6,1,5,6,1,2,3,0.17,0.0,1,2,1,1,2,1,8,11,5,16,-11,92,91,1,1524,1515,9,54000000,55000000,2,1,0,1
2024,1250449,36,Fecha inválida,Pescara,Gubbio,0,0,13,3,4,3,9,7,1,0,10,7,3,1.4,0.6,4,3,3,2,2,2,0.33,0.25,10,3,1,6,10,12,1,0,6,4,5,0.8,1.0,2,6,5,2,2,2,0.6,0.0,3,3,2,2,3,3,3,4,6,7,-1,91,91,0,1525,1566,-41,55000000,56000000,0,2,1,0
2024,1250447,36,Fecha inválida,Virtus Entella,Arezzo,0,0,22,6,4,0,16,6,0,0,11,7,2,1.4,0.4,4,6,5,3,2,2,1.0,0.33,14,3,5,2,11,10,0,1,3,4,7,0.8,1.4,4,5,3,1,3,2,0.2,0.4,1,4,1,1,4,1,8,9,8,17,-9,90,96,-6,1527,1576,-49,57000000,56000000,2,0,1,0
2024,1250456,36,Fecha inválida,Lucchese,Vis Pesaro,0,0,6,1,3,6,10,22,0,1,4,4,12,0.8,2.4,1,6,7,0,3,4,0.2,0.0,20,6,2,2,12,9,2,0,10,6,4,1.2,0.8,4,5,4,2,2,1,0.6,0.6,3,1,4,4,1,3,-14,-15,10,9,1,92,96,-4,1589,1508,81,59000000,58000000,1,1,1,0
2024,1250448,36,Fecha inválida,Rimini,Città di Campobasso,0,0,13,3,4,3,13,8,0,1,7,6,4,1.2,0.8,3,5,4,1,2,2,0.25,0.33,8,1,5,4,8,11,1,0,5,5,6,1.0,1.2,4,4,5,2,2,3,0.17,0.0,1,1,0,0,1,1,5,8,10,11,-1,91,90,1,1509,1510,-1,59000000,50000000,2,0,1,0
2024,1250451,36,Fecha inválida,Pianese,Pineto,0,0,10,2,4,4,10,15,0,1,7,5,6,1.0,1.2,2,6,4,1,2,2,0.25,0.17,17,5,2,3,15,15,1,0,9,8,7,1.6,1.4,4,6,5,2,3,3,0.6,0.4,0,1,1,1,1,0,-7,-5,2,15,-13,90,98,-8,1581,1514,67,51000000,54000000,0,1,1,0
2024,1250450,36,Fecha inválida,Athletic Carpi,Legnago Salus,0,0,12,3,3,4,12,9,1,0,7,8,5,1.6,1.0,3,5,5,1,3,3,0.0,0.5,8,1,5,4,6,12,0,1,3,4,8,0.8,1.6,3,4,3,0,3,2,0.0,0.2,1,1,0,0,1,1,4,9,6,13,-7,92,97,-5,1525,1572,-47,55000000,52000000,2,1,1,0
2024,1250454,36,Fecha inválida,Milan II,Ternana,0,0,7,1,4,5,10,21,0,0,3,6,12,1.2,2.4,2,7,7,0,4,4,0.2,0.0,22,6,4,0,20,5,1,0,13,14,2,2.8,0.4,5,5,6,3,2,4,0.67,0.5,0,1,1,1,1,0,-15,-26,6,17,-11,90,91,-1,1505,1516,-11,55000000,56000000,1,0,1,0
2024,1250463,37,Fecha inválida,Ternana,Pianese,0,0,22,6,4,0,20,5,1,0,13,14,2,2.8,0.4,5,5,6,3,2,4,0.67,0.5,10,2,4,4,10,15,0,1,7,5,6,1.0,1.2,2,6,4,1,2,2,0.25,0.17,1,1,0,0,1,1,12,20,17,2,15,97,96,1,1516,1581,-65,56000000,51000000,0,0,0,1
2024,1250460,37,Fecha inválida,Gubbio,Milan II,0,0,10,3,1,6,10,12,1,0,6,4,5,0.8,1.0,2,6,5,2,2,2,0.6,0.0,7,1,4,5,10,21,0,0,3,6,12,1.2,2.4,2,7,7,0,4,4,0.2,0.0,0,1,1,1,1,0,3,9,7,6,1,97,96,1,1566,1505,61,56000000,55000000,2,1,0,1
2024,1250459,37,Fecha inválida,Arezzo,Lucchese,0,0,14,3,5,2,11,10,0,1,3,4,7,0.8,1.4,4,5,3,1,3,2,0.2,0.4,6,1,3,6,10,22,0,1,4,4,12,0.8,2.4,1,6,7,0,3,4,0.2,0.0,3,7,2,2,7,3,8,13,17,10,7,102,98,4,1576,1589,-13,56000000,59000000,0,1,0,1
2024,1250464,37,Fecha inválida,Pontedera,Rimini,0,0,13,3,4,3,13,13,0,0,5,9,7,1.8,1.4,3,7,5,0,5,3,0.4,0.2,13,3,4,3,13,8,0,1,7,6,4,1.2,0.8,3,5,4,1,2,2,0.25,0.33,3,2,2,2,2,3,0,-5,12,10,2,97,97,0,1591,1509,82,51000000,59000000,1,2,1,1
2024,1250465,37,Fecha inválida,Vis Pesaro,Spal,0,0,20,6,2,2,12,9,2,0,10,6,4,1.2,0.8,4,5,4,2,2,1,0.6,0.6,15,4,3,3,14,16,0,1,9,8,10,1.6,2.0,2,7,5,2,3,4,0.5,0.33,1,2,1,1,2,1,5,5,9,14,-5,102,98,4,1508,1593,-85,58000000,53000000,1,1,0,1
2024,1250462,37,Fecha inválida,Legnago Salus,Pescara,0,0,8,1,5,4,6,12,0,1,3,4,8,0.8,1.6,3,4,3,0,3,2,0.0,0.2,13,3,4,3,9,7,1,0,10,7,3,1.4,0.6,4,3,3,2,2,2,0.33,0.25,1,1,0,0,1,1,-5,-8,13,6,7,103,97,6,1572,1525,47,52000000,55000000,1,0,0,1
2024,1250461,37,Fecha inválida,Città di Campobasso,Perugia,0,0,8,1,5,4,8,11,1,0,5,5,6,1.0,1.2,4,4,5,2,2,3,0.17,0.0,14,3,5,2,13,12,0,0,6,7,7,1.4,1.4,3,7,5,2,3,3,0.6,0.0,0,1,1,1,1,0,-6,-4,11,5,6,96,98,-2,1510,1524,-14,50000000,54000000,0,2,0,0
2024,1250466,37,Fecha inválida,Pineto,Virtus Entella,0,0,17,5,2,3,15,15,1,0,9,8,7,1.6,1.4,4,6,5,2,3,3,0.6,0.4,22,6,4,0,16,6,0,0,11,7,2,1.4,0.4,4,6,5,3,2,2,1.0,0.33,0,3,1,1,3,0,-5,-10,15,8,7,104,96,8,1514,1527,-13,54000000,57000000,1,2,0,1
2024,1250458,37,Fecha inválida,Torres,Athletic Carpi,0,0,17,5,2,3,16,8,1,0,4,5,5,1.0,1.0,3,5,5,1,2,2,0.4,0.6,12,3,3,4,12,9,1,0,7,8,5,1.6,1.0,3,5,5,1,3,3,0.0,0.5,1,1,0,0,1,1,5,5,15,6,9,96,98,-2,1534,1525,9,54000000,55000000,0,2,0,1
2024,1250457,37,Fecha inválida,Sestri Levante,Ascoli,0,0,6,1,3,6,8,18,0,0,3,4,8,0.8,1.6,1,5,6,1,2,3,0.17,0.0,18,4,6,0,13,7,0,0,9,6,4,1.2,0.8,3,7,2,1,4,1,0.4,0.4,0,1,1,1,1,0,-12,-16,16,8,8,97,96,1,1515,1507,8,55000000,57000000,1,0,1,1
2024,1250469,38,Fecha inválida,Spal,Gubbio,0,0,15,4,3,3,14,16,0,1,9,8,10,1.6,2.0,2,7,5,2,3,4,0.5,0.33,10,3,1,6,10,12,1,0,6,4,5,0.8,1.0,2,6,5,2,2,2,0.6,0.0,1,3,0,0,3,1,5,0,14,7,7,106,105,1,1593,1566,27,53000000,56000000,1,2,1,0
2024,1250470,38,Fecha inválida,Ascoli,Legnago Salus,0,0,18,4,6,0,13,7,0,0,9,6,4,1.2,0.8,3,7,2,1,4,1,0.4,0.4,8,1,5,4,6,12,0,1,3,4,8,0.8,1.6,3,4,3,0,3,2,0.0,0.2,1,1,0,0,1,1,10,12,8,13,-5,104,111,-7,1507,1572,-65,57000000,52000000,0,1,1,0
2024,1250472,38,Fecha inválida,Perugia,Pontedera,0,0,14,3,5,2,13,12,0,0,6,7,7,1.4,1.4,3,7,5,2,3,3,0.6,0.0,13,3,4,3,13,13,0,0,5,9,7,1.8,1.4,3,7,5,0,5,3,0.4,0.2,1,2,1,1,2,1,1,1,5,12,-7,106,105,1,1524,1591,-67,54000000,51000000,2,1,0,1
2024,1250468,38,Fecha inválida,Pescara,Città di Campobasso,0,0,13,3,4,3,9,7,1,0,10,7,3,1.4,0.6,4,3,3,2,2,2,0.33,0.25,8,1,5,4,8,11,1,0,5,5,6,1.0,1.2,4,4,5,2,2,3,0.17,0.0,0,2,0,0,2,0,5,5,6,11,-5,105,104,1,1525,1510,15,55000000,50000000,0,0,1,0
2024,1250474,38,Fecha inválida,Virtus Entella,Ternana,0,0,22,6,4,0,16,6,0,0,11,7,2,1.4,0.4,4,6,5,3,2,2,1.0,0.33,22,6,4,0,20,5,1,0,13,14,2,2.8,0.4,5,5,6,3,2,4,0.67,0.5,2,3,1,1,3,2,0,-5,8,17,-9,104,105,-1,1527,1516,11,57000000,56000000,2,0,1,0
2024,1250475,38,Fecha inválida,Lucchese,Torres,0,0,6,1,3,6,10,22,0,1,4,4,12,0.8,2.4,1,6,7,0,3,4,0.2,0.0,17,5,2,3,16,8,1,0,4,5,5,1.0,1.0,3,5,5,1,2,2,0.4,0.6,0,4,2,2,4,0,-11,-20,10,15,-5,106,104,2,1589,1534,55,59000000,54000000,1,0,1,0
2024,1250471,38,Fecha inválida,Rimini,Pineto,0,0,13,3,4,3,13,8,0,1,7,6,4,1.2,0.8,3,5,4,1,2,2,0.25,0.33,17,5,2,3,15,15,1,0,9,8,7,1.6,1.4,4,6,5,2,3,3,0.6,0.4,0,3,1,1,3,0,-4,5,10,15,-5,105,112,-7,1509,1514,-5,59000000,54000000,2,1,1,0
2024,1250467,38,Fecha inválida,Pianese,Arezzo,0,0,10,2,4,4,10,15,0,1,7,5,6,1.0,1.2,2,6,4,1,2,2,0.25,0.17,14,3,5,2,11,10,0,1,3,4,7,0.8,1.4,4,5,3,1,3,2,0.2,0.4,1,3,4,4,3,1,-4,-6,2,17,-15,104,110,-6,1581,1576,5,51000000,56000000,0,0,1,0
2024,1250473,38,Fecha inválida,Athletic Carpi,Sestri Levante,0,0,12,3,3,4,12,9,1,0,7,8,5,1.6,1.0,3,5,5,1,3,3,0.0,0.5,6,1,3,6,8,18,0,0,3,4,8,0.8,1.6,1,5,6,1,2,3,0.17,0.0,1,1,0,0,1,1,6,13,6,16,-10,106,105,1,1525,1515,10,55000000,55000000,2,1,1,1
2024,1250476,38,Fecha inválida,Milan II,Vis Pesaro,0,0,7,1,4,5,10,21,0,0,3,6,12,1.2,2.4,2,7,7,0,4,4,0.2,0.0,20,6,2,2,12,9,2,0,10,6,4,1.2,0.8,4,5,4,2,2,1,0.6,0.6,0,1,1,1,1,0,-13,-14,6,9,-3,104,110,-6,1505,1508,-3,55000000,58000000,1,1,1,0
