temporada,id_partido,fecha,fecha_partido,nombre_equipo_local,nombre_equipo_visitante,goles_equipo_local,goles_equipo_visitante,puntos_acumulados_local,wins_last10_local,draws_last10_local,losses_last10_local,goles_favor_last10_local,goles_contra_last10_local,current_win_streak_local,current_loss_streak_local,puntos_ultimos5_local,goles_favor_ultimos5_local,goles_contra_ultimos5_local,prom_goles_favor_ultimos5_local,prom_goles_contra_ultimos5_local,clean_sheets_last10_local,btts_last10_local,over25_last10_local,clean_sheets_last5_local,btts_last5_local,over25_last5_local,home_win_rate_local,away_win_rate_local,puntos_acumulados_visitante,wins_last10_visitante,draws_last10_visitante,losses_last10_visitante,goles_favor_last10_visitante,goles_contra_last10_visitante,current_win_streak_visitante,current_loss_streak_visitante,puntos_ultimos5_visitante,goles_favor_ultimos5_visitante,goles_contra_ultimos5_visitante,prom_goles_favor_ultimos5_visitante,prom_goles_contra_ultimos5_visitante,clean_sheets_last10_visitante,btts_last10_visitante,over25_last10_visitante,clean_sheets_last5_visitante,btts_last5_visitante,over25_last5_visitante,home_win_rate_visitante,away_win_rate_visitante,head2head_local_wins,head2head_local_draws,head2head_local_losses,head2head_visitante_wins,head2head_visitante_draws,head2head_visitante_losses,puntos_balance,goles_balance,posicion_tabla_local,posicion_tabla_visitante,diff_posicion_tabla,dias_descanso_local,dias_descanso_visitante,diff_dias_descanso,elo_rating_local,elo_rating_visitante,diff_elo_rating,valor_mercado_local,valor_mercado_visitante,jugadores_lesionados_local,jugadores_lesionados_visitante,titulares_sancionados_local,titulares_sancionados_visitante
2024,1249339,1,Fecha inválida,Feralpisalo,Novara,0,0,0,0,0,0,0,0,0,0,0,0,0,0.0,0.0,0,0,0,0,0,0,0.0,0.0,0,0,0,0,0,0,0,0,0,0,0,0.0,0.0,0,0,0,0,0,0,0.0,0.0,2,1,1,1,1,2,0,0,5,14,-9,0,0,0,1584,1513,71,54000000,53000000,2,0,0,1
2024,1249345,1,Fecha inválida,Triestina,Arzignano Valchiampo,3,0,0,0,0,0,0,0,0,0,0,0,0,0.0,0.0,0,0,0,0,0,0,0.0,0.0,0,0,0,0,0,0,0,0,0,0,0,0.0,0.0,0,0,0,0,0,0,0.0,0.0,4,2,3,3,2,4,0,0,18,19,-1,0,0,0,1577,1578,-1,57000000,58000000,1,0,1,0
2024,1249337,1,Fecha inválida,Albinoleffe,Caldiero Terme,2,3,0,0,0,0,0,0,0,0,0,0,0,0.0,0.0,0,0,0,0,0,0,0.0,0.0,0,0,0,0,0,0,0,0,0,0,0,0.0,0.0,0,0,0,0,0,0,0.0,0.0,1,0,1,1,0,1,0,0,20,6,14,0,0,0,1579,1565,14,59000000,55000000,0,0,1,1
2024,1249338,1,Fecha inválida,Atalanta II,Alcione,1,2,0,0,0,0,0,0,0,0,0,0,0,0.0,0.0,0,0,0,0,0,0,0.0,0.0,0,0,0,0,0,0,0,0,0,0,0,0.0,0.0,0,0,0,0,0,0,0.0,0.0,1,0,1,1,0,1,0,0,5,5,0,0,0,0,1504,1524,-20,54000000,54000000,0,1,0,0
2024,1249343,1,Fecha inválida,Pro Patria,Renate,0,1,0,0,0,0,0,0,0,0,0,0,0,0.0,0.0,0,0,0,0,0,0,0.0,0.0,0,0,0,0,0,0,0,0,0,0,0,0.0,0.0,0,0,0,0,0,0,0.0,0.0,4,5,5,5,5,4,0,0,7,16,-9,0,0,0,1506,1575,-69,56000000,55000000,2,2,0,1
2024,1249346,1,Fecha inválida,Virtus Verona,Lumezzane,0,1,0,0,0,0,0,0,0,0,0,0,0,0.0,0.0,0,0,0,0,0,0,0.0,0.0,0,0,0,0,0,0,0,0,0,0,0,0.0,0.0,0,0,0,0,0,0,0.0,0.0,1,0,3,3,0,1,0,0,8,10,-2,0,0,0,1507,1589,-82,57000000,59000000,0,0,1,1
2024,1249341,1,Fecha inválida,Lecco,Clodiense,1,0,0,0,0,0,0,0,0,0,0,0,0,0.0,0.0,0,0,0,0,0,0,0.0,0.0,0,0,0,0,0,0,0,0,0,0,0,0.0,0.0,0,0,0,0,0,0,0.0,0.0,1,1,0,0,1,1,0,0,20,10,10,0,0,0,1579,1569,10,59000000,59000000,1,1,1,1
2024,1249340,1,Fecha inválida,Vicenza Virtus,Giana Erminio,2,2,0,0,0,0,0,0,0,0,0,0,0,0.0,0.0,0,0,0,0,0,0,0.0,0.0,0,0,0,0,0,0,0,0,0,0,0,0.0,0.0,0,0,0,0,0,0,0.0,0.0,3,3,0,0,3,3,0,0,5,6,-1,0,0,0,1584,1565,19,54000000,55000000,0,1,0,1
2024,1249344,1,Fecha inválida,PRO Vercelli,Pergolettese,1,0,0,0,0,0,0,0,0,0,0,0,0,0.0,0.0,0,0,0,0,0,0,0.0,0.0,0,0,0,0,0,0,0,0,0,0,0,0.0,0.0,0,0,0,0,0,0,0.0,0.0,5,4,5,5,4,5,0,0,7,1,6,0,0,0,1526,1580,-54,56000000,50000000,1,2,0,0
2024,1249342,1,Fecha inválida,Padova,Trento,3,0,0,0,0,0,0,0,0,0,0,0,0,0.0,0.0,0,0,0,0,0,0,0.0,0.0,0,0,0,0,0,0,0,0,0,0,0,0.0,0.0,0,0,0,0,0,0,0.0,0.0,6,2,0,0,2,6,0,0,11,8,3,0,0,0,1570,1547,23,50000000,57000000,0,2,0,1
2024,1249347,2,Fecha inválida,Alcione,Virtus Verona,0,0,3,1,0,0,2,1,1,0,3,2,1,2.0,1.0,0,1,1,0,1,1,0.0,1.0,0,0,0,1,0,1,0,1,0,0,1,0.0,1.0,0,0,0,0,0,0,0.0,0.0,0,1,1,1,1,0,3,2,5,8,-3,6,5,1,1524,1507,17,54000000,57000000,1,0,0,1
2024,1249350,2,Fecha inválida,Giana Erminio,Pro Patria,1,1,1,0,1,0,2,2,0,0,1,2,2,2.0,2.0,0,1,1,0,1,1,0.0,0.0,0,0,0,1,0,1,0,1,0,0,1,0.0,1.0,0,0,0,0,0,0,0.0,0.0,2,4,4,4,4,2,1,1,6,7,-1,5,6,-1,1565,1506,59,55000000,56000000,1,2,1,0
2024,1249354,2,Fecha inválida,Renate,Feralpisalo,1,0,3,1,0,0,1,0,1,0,3,1,0,1.0,0.0,1,0,0,1,0,0,0.0,1.0,1,0,1,0,0,0,0,0,1,0,0,0.0,0.0,1,0,0,1,0,0,0.0,0.0,5,2,3,3,2,5,2,1,16,5,11,6,7,-1,1575,1584,-9,55000000,54000000,2,2,1,0
2024,1249356,2,Fecha inválida,Clodiense,Triestina,1,0,0,0,0,1,0,1,0,1,0,0,1,0.0,1.0,0,0,0,0,0,0,0.0,0.0,3,1,0,0,3,0,1,0,3,3,0,3.0,0.0,1,0,1,1,0,1,1.0,0.0,1,0,1,1,0,1,-3,-4,10,18,-8,6,7,-1,1569,1577,-8,59000000,57000000,1,1,1,1
2024,1249352,2,Fecha inválida,Novara,Atalanta II,0,3,1,0,1,0,0,0,0,0,1,0,0,0.0,0.0,1,0,0,1,0,0,0.0,0.0,0,0,0,1,1,2,0,1,0,1,2,1.0,2.0,0,1,1,0,1,1,0.0,0.0,0,2,2,2,2,0,1,1,14,5,9,8,8,0,1513,1504,9,53000000,54000000,0,0,1,0
2024,1249351,2,Fecha inválida,Lumezzane,PRO Vercelli,0,2,3,1,0,0,1,0,1,0,3,1,0,1.0,0.0,1,0,0,1,0,0,0.0,1.0,3,1,0,0,1,0,1,0,3,1,0,1.0,0.0,1,0,0,1,0,0,1.0,0.0,0,1,3,3,1,0,0,0,10,7,3,7,5,2,1589,1526,63,59000000,56000000,0,1,1,0
2024,1249353,2,Fecha inválida,Pergolettese,Vicenza Virtus,0,1,0,0,0,1,0,1,0,1,0,0,1,0.0,1.0,0,0,0,0,0,0,0.0,0.0,1,0,1,0,2,2,0,0,1,2,2,2.0,2.0,0,1,1,0,1,1,0.0,0.0,0,1,5,5,1,0,-1,-1,1,5,-4,5,6,-1,1580,1584,-4,50000000,54000000,2,0,0,0
2024,1249349,2,Fecha inválida,Caldiero Terme,Padova,0,2,3,1,0,0,3,2,1,0,3,3,2,3.0,2.0,0,1,1,0,1,1,0.0,1.0,3,1,0,0,3,0,1,0,3,3,0,3.0,0.0,1,0,1,1,0,1,1.0,0.0,1,0,2,2,0,1,0,-2,6,11,-5,8,5,3,1565,1570,-5,55000000,50000000,0,0,1,0
2024,1249355,2,Fecha inválida,Trento,Lecco,1,1,0,0,0,1,0,3,0,1,0,0,3,0.0,3.0,0,0,1,0,0,1,0.0,0.0,3,1,0,0,1,0,1,0,3,1,0,1.0,0.0,1,0,0,1,0,0,1.0,0.0,4,1,1,1,1,4,-3,-4,8,20,-12,5,7,-2,1547,1579,-32,57000000,59000000,2,1,1,1
2024,1249348,2,Fecha inválida,Arzignano Valchiampo,Albinoleffe,1,1,0,0,0,1,0,3,0,1,0,0,3,0.0,3.0,0,0,1,0,0,1,0.0,0.0,0,0,0,1,2,3,0,1,0,2,3,2.0,3.0,0,1,1,0,1,1,0.0,0.0,2,3,1,1,3,2,0,-2,19,20,-1,9,9,0,1578,1579,-1,58000000,59000000,0,0,0,1
2024,1249363,3,Fecha inválida,Pro Patria,Feralpisalo,0,0,1,0,1,1,1,2,0,1,1,1,2,0.5,1.0,0,1,0,0,1,0,0.0,0.0,1,0,1,1,0,1,0,0,1,0,1,0.0,0.5,1,0,0,1,0,0,0.0,0.0,2,3,2,2,3,2,0,0,7,5,2,6,6,0,1506,1584,-78,56000000,54000000,2,2,0,0
2024,1249366,3,Fecha inválida,Virtus Verona,Novara,1,0,1,0,1,1,0,1,0,1,1,0,1,0.0,0.5,1,0,0,1,0,0,0.0,0.0,1,0,1,1,0,3,0,0,1,0,3,0.0,1.5,1,0,1,1,0,1,0.0,0.0,2,2,3,3,2,2,0,2,8,14,-6,7,6,1,1507,1513,-6,57000000,53000000,0,0,1,1
2024,1249361,3,Fecha inválida,Lecco,Lumezzane,1,1,4,1,1,0,2,1,1,0,4,2,1,1.0,0.5,1,1,0,1,1,0,1.0,0.0,3,1,0,1,1,2,1,0,3,1,2,0.5,1.0,1,0,0,1,0,0,0.0,1.0,0,1,1,1,1,0,1,2,20,10,10,6,6,0,1579,1589,-10,59000000,59000000,1,0,1,1
2024,1249362,3,Fecha inválida,Pergolettese,Clodiense,2,2,0,0,0,2,0,2,0,2,0,0,2,0.0,1.0,0,0,0,0,0,0,0.0,0.0,3,1,0,1,1,1,0,1,3,1,1,0.5,0.5,1,0,0,1,0,0,1.0,0.0,0,2,0,0,2,0,-3,-2,1,10,-9,6,6,0,1580,1569,11,50000000,59000000,2,1,0,1
2024,1249358,3,Fecha inválida,Alcione,Renate,0,1,4,1,1,0,2,1,1,0,4,2,1,1.0,0.5,1,1,1,1,1,1,0.0,1.0,6,2,0,0,2,0,2,0,6,2,0,1.0,0.0,2,0,0,2,0,0,1.0,1.0,1,0,1,1,0,1,-2,-1,5,16,-11,7,7,0,1524,1575,-51,54000000,55000000,1,2,0,1
2024,1249360,3,Fecha inválida,Atalanta II,Trento,1,1,3,1,0,1,4,2,0,1,3,4,2,2.0,1.0,1,1,2,1,1,2,0.0,1.0,1,0,1,1,1,4,0,1,1,1,4,0.5,2.0,0,1,1,0,1,1,0.0,0.0,2,3,0,0,3,2,2,5,5,8,-3,6,6,0,1504,1547,-43,54000000,57000000,0,2,0,1
2024,1249357,3,Fecha inválida,Albinoleffe,Vicenza Virtus,1,1,1,0,1,1,3,4,0,1,1,3,4,1.5,2.0,0,2,1,0,2,1,0.0,0.0,4,1,1,0,3,2,0,0,4,3,2,1.5,1.0,1,1,1,1,1,1,0.0,1.0,0,8,2,2,8,0,-3,-2,20,5,15,5,6,-1,1579,1584,-5,59000000,54000000,0,0,1,0
2024,1249364,3,Fecha inválida,PRO Vercelli,Giana Erminio,0,1,6,2,0,0,3,0,2,0,6,3,0,1.5,0.0,2,0,0,2,0,0,1.0,1.0,2,0,2,0,3,3,0,0,2,3,3,1.5,1.5,0,2,1,0,2,1,0.0,0.0,5,3,4,4,3,5,4,3,7,6,1,7,8,-1,1526,1565,-39,56000000,55000000,1,1,0,1
2024,1249365,3,Fecha inválida,Triestina,Caldiero Terme,0,1,3,1,0,1,3,1,1,0,3,3,1,1.5,0.5,1,0,1,1,0,1,1.0,0.0,3,1,0,1,3,4,1,0,3,3,4,1.5,2.0,0,1,1,0,1,1,0.0,1.0,1,0,1,1,0,1,0,3,18,6,12,7,7,0,1577,1565,12,57000000,55000000,1,0,1,1
2024,1249359,3,Fecha inválida,Arzignano Valchiampo,Padova,1,4,1,0,1,1,1,4,0,1,1,1,4,0.5,2.0,0,1,1,0,1,1,0.0,0.0,6,2,0,0,5,0,2,0,6,5,0,2.5,0.0,2,0,1,2,0,1,1.0,1.0,0,3,5,5,3,0,-5,-8,19,11,8,6,7,-1,1578,1570,8,58000000,50000000,0,0,0,0
2024,1249373,4,Fecha inválida,Renate,Giana Erminio,1,0,9,3,0,0,3,0,3,0,9,3,0,1.0,0.0,3,0,0,3,0,0,1.0,1.0,5,1,2,0,4,3,0,0,5,4,3,1.33,1.0,1,2,1,1,2,1,0.0,0.5,7,3,5,5,3,7,4,2,16,6,10,6,5,1,1575,1565,10,55000000,55000000,2,1,1,1
2024,1249367,4,Fecha inválida,Albinoleffe,Pergolettese,3,0,2,0,2,1,4,5,0,1,2,4,5,1.33,1.67,0,3,1,0,3,1,0.0,0.0,1,0,1,2,2,4,0,2,1,2,4,0.67,1.33,0,1,1,0,1,1,0.0,0.0,4,4,4,4,4,4,1,1,20,1,19,6,6,0,1579,1580,-1,59000000,50000000,0,2,1,0
2024,1249369,4,Fecha inválida,Feralpisalo,Virtus Verona,1,0,2,0,2,1,0,1,0,0,2,0,1,0.0,0.33,2,0,0,2,0,0,0.0,0.0,4,1,1,1,1,1,0,1,4,1,1,0.33,0.33,2,0,0,2,0,0,0.5,0.0,5,4,4,4,4,5,-2,-1,5,8,-3,6,6,0,1584,1507,77,54000000,57000000,2,0,0,1
2024,1249372,4,Fecha inválida,Padova,Alcione,1,0,9,3,0,0,9,1,3,0,9,9,1,3.0,0.33,2,1,2,2,1,2,1.0,1.0,4,1,1,1,2,2,1,0,4,2,2,0.67,0.67,1,1,1,1,1,1,0.0,1.0,1,1,0,0,1,1,5,8,11,5,6,6,7,-1,1570,1524,46,50000000,54000000,0,1,0,0
2024,1249370,4,Fecha inválida,Vicenza Virtus,Pro Patria,2,0,5,1,2,0,4,3,0,0,5,4,3,1.33,1.0,1,2,1,1,2,1,0.0,0.5,2,0,2,1,1,2,0,1,2,1,2,0.33,0.67,1,1,0,1,1,0,0.0,0.0,5,2,1,1,2,5,3,2,5,7,-2,7,8,-1,1584,1506,78,54000000,56000000,0,2,0,0
2024,1249368,4,Fecha inválida,Caldiero Terme,PRO Vercelli,4,1,6,2,0,1,4,4,1,0,6,4,4,1.33,1.33,1,1,1,1,1,1,0.0,1.0,6,2,0,1,3,1,2,0,6,3,1,1.0,0.33,2,0,0,2,0,0,0.5,1.0,1,1,0,0,1,1,0,-2,6,7,-1,7,7,0,1565,1526,39,55000000,56000000,0,1,1,0
2024,1249376,4,Fecha inválida,Clodiense,Lumezzane,1,1,4,1,1,1,3,3,0,1,4,3,3,1.0,1.0,1,1,1,1,1,1,1.0,0.0,4,1,1,1,2,3,1,0,4,2,3,0.67,1.0,1,1,0,1,1,0,0.0,0.5,0,2,1,1,2,0,0,1,10,10,0,8,8,0,1569,1589,-20,59000000,59000000,1,0,1,1
2024,1249374,4,Fecha inválida,Trento,Arzignano Valchiampo,3,2,2,0,2,1,2,5,0,1,2,2,5,0.67,1.67,0,2,1,0,2,1,0.0,0.0,1,0,1,2,2,8,0,1,1,2,8,0.67,2.67,0,2,2,0,2,2,0.0,0.0,2,4,1,1,4,2,1,3,8,19,-11,8,6,2,1547,1578,-31,57000000,58000000,2,0,1,0
2024,1249375,4,Fecha inválida,Triestina,Atalanta II,1,5,3,1,0,2,3,2,1,0,3,3,2,1.0,0.67,1,0,1,1,0,1,0.5,0.0,4,1,1,1,5,3,0,1,4,5,3,1.67,1.0,1,2,2,1,2,2,0.0,1.0,0,2,2,2,2,0,-1,-1,18,5,13,7,8,-1,1577,1504,73,57000000,54000000,1,0,1,0
2024,1249371,4,Fecha inválida,Novara,Lecco,0,0,1,0,1,2,0,4,0,0,1,0,4,0.0,1.33,1,0,1,1,0,1,0.0,0.0,5,1,2,0,3,2,1,0,5,3,2,1.0,0.67,1,2,0,1,2,0,0.5,0.0,2,2,4,4,2,2,-4,-5,14,20,-6,9,9,0,1513,1579,-66,53000000,59000000,0,1,1,1
2024,1249384,5,Fecha inválida,PRO Vercelli,Padova,1,3,6,2,0,2,4,5,2,0,6,4,5,1.0,1.25,2,1,1,2,1,1,0.5,0.5,12,4,0,0,10,1,4,0,12,10,1,2.5,0.25,3,1,2,3,1,2,1.0,1.0,2,1,5,5,1,2,-6,-10,7,11,-4,5,6,-1,1526,1570,-44,56000000,50000000,1,0,0,0
2024,1249379,5,Fecha inválida,Giana Erminio,Albinoleffe,0,2,5,1,2,1,4,4,0,0,5,4,4,1.0,1.0,1,2,1,1,2,1,0.0,0.33,5,1,2,1,7,5,0,1,5,7,5,1.75,1.25,1,3,2,1,3,2,0.33,0.0,2,5,7,7,5,2,0,-2,6,20,-14,7,7,0,1565,1579,-14,55000000,59000000,1,0,1,1
2024,1249386,5,Fecha inválida,Virtus Verona,Renate,1,2,4,1,1,2,1,2,0,1,4,1,2,0.25,0.5,2,0,0,2,0,0,0.5,0.0,12,4,0,0,4,0,4,0,12,4,0,1.0,0.0,4,0,0,4,0,0,1.0,1.0,2,5,3,3,5,2,-8,-5,8,16,-8,7,7,0,1507,1575,-68,57000000,55000000,0,2,1,1
2024,1249378,5,Fecha inválida,Arzignano Valchiampo,Clodiense,1,0,1,0,1,3,4,11,0,1,1,4,11,1.0,2.75,0,3,3,0,3,3,0.0,0.0,5,1,2,1,4,4,0,1,5,4,4,1.0,1.0,1,2,1,1,2,1,0.5,0.0,1,3,0,0,3,1,-4,-7,19,10,9,6,6,0,1578,1569,9,58000000,59000000,0,1,0,1
2024,1249380,5,Fecha inválida,Lecco,Triestina,2,1,6,1,3,0,3,2,1,0,6,3,2,0.75,0.5,2,2,0,2,2,0,0.5,0.0,3,1,0,3,4,7,1,0,3,4,7,1.0,1.75,1,1,2,1,1,2,0.33,0.0,3,2,1,1,2,3,3,4,20,18,2,4,5,-1,1579,1577,2,59000000,57000000,1,1,1,1
2024,1249382,5,Fecha inválida,Pergolettese,Feralpisalo,2,2,1,0,1,3,2,7,0,2,1,2,7,0.5,1.75,0,1,2,0,1,2,0.0,0.0,5,1,2,1,1,1,0,0,5,1,1,0.25,0.25,3,0,0,3,0,0,0.5,0.0,0,3,4,4,3,0,-4,-5,1,5,-4,7,7,0,1580,1584,-4,50000000,54000000,2,2,0,0
2024,1249377,5,Fecha inválida,Alcione,Vicenza Virtus,1,2,4,1,1,2,2,3,1,0,4,2,3,0.5,0.75,1,1,1,1,1,1,0.0,0.5,8,2,2,0,6,3,0,0,8,6,3,1.5,0.75,2,2,1,2,2,1,0.5,0.5,0,1,1,1,1,0,-4,-4,5,5,0,6,6,0,1524,1584,-60,54000000,54000000,1,0,0,0
2024,1249381,5,Fecha inválida,Lumezzane,Atalanta II,2,1,5,1,2,1,3,4,1,0,5,3,4,0.75,1.0,1,2,0,1,2,0,0.0,0.33,7,2,1,1,10,4,0,1,7,10,4,2.5,1.0,1,3,3,1,3,3,0.0,1.0,1,2,2,2,2,1,-2,-7,10,5,5,7,6,1,1589,1504,85,59000000,54000000,0,0,1,0
2024,1249385,5,Fecha inválida,Trento,Caldiero Terme,1,0,5,1,2,1,5,7,0,1,5,5,7,1.25,1.75,0,3,2,0,3,2,0.5,0.0,9,3,0,1,8,5,1,0,9,8,5,2.0,1.25,1,2,2,1,2,2,0.5,1.0,1,1,1,1,1,1,-4,-5,8,6,2,7,7,0,1547,1565,-18,57000000,55000000,2,0,1,1
2024,1249387,6,Fecha inválida,Albinoleffe,Pro Patria,0,0,8,2,2,1,9,5,0,1,8,9,5,1.8,1.0,2,3,2,2,3,2,0.33,0.5,2,0,2,2,1,4,0,1,2,1,4,0.25,1.0,1,1,0,1,1,0,0.0,0.0,5,7,2,2,7,5,6,7,20,7,13,3,9,-6,1579,1506,73,59000000,56000000,0,2,1,0
2024,1249393,6,Fecha inválida,Novara,PRO Vercelli,1,0,2,0,2,2,0,4,0,0,2,0,4,0.0,1.0,2,0,1,2,0,1,0.0,0.0,6,2,0,3,5,8,2,0,6,5,8,1.0,1.6,2,2,2,2,2,2,0.33,0.5,3,7,6,6,7,3,-4,-1,14,7,7,8,4,4,1513,1526,-13,53000000,56000000,0,1,1,0
2024,1249394,6,Fecha inválida,Padova,Virtus Verona,4,1,15,5,0,0,13,2,5,0,15,13,2,2.6,0.4,3,2,3,3,2,3,1.0,1.0,4,1,1,3,2,4,0,1,4,2,4,0.4,0.8,2,1,1,2,1,1,0.33,0.0,6,5,2,2,5,6,11,13,11,8,3,4,4,0,1570,1507,63,50000000,57000000,0,0,0,1
2024,1249391,6,Fecha inválida,Vicenza Virtus,Renate,1,0,11,3,2,0,8,4,0,0,11,8,4,1.6,0.8,2,3,2,2,3,2,0.5,0.67,15,5,0,0,6,1,5,0,15,6,1,1.2,0.2,4,1,1,4,1,1,1.0,1.0,3,4,3,3,4,3,-4,-1,5,16,-11,3,4,-1,1584,1575,9,54000000,55000000,0,2,0,1
2024,1249392,6,Fecha inválida,Lecco,Arzignano Valchiampo,3,2,9,2,3,0,5,3,1,0,9,5,3,1.0,0.6,2,3,1,2,3,1,0.67,0.0,4,1,1,3,5,11,0,1,4,5,11,1.0,2.2,1,3,3,1,3,3,0.33,0.0,3,1,0,0,1,3,5,8,20,19,1,4,4,0,1579,1578,1,59000000,58000000,1,0,1,0
2024,1249389,6,Fecha inválida,Caldiero Terme,Alcione,0,2,9,3,0,2,8,6,1,0,9,8,6,1.6,1.2,1,2,2,1,2,2,0.5,0.67,4,1,1,3,3,5,1,0,4,3,5,0.6,1.0,1,2,2,1,2,2,0.0,0.5,1,1,1,1,1,1,5,4,6,5,1,3,4,-1,1565,1524,41,55000000,54000000,0,1,1,0
2024,1249388,6,Fecha inválida,Atalanta II,Pergolettese,5,1,7,2,1,2,11,6,0,1,7,11,6,2.2,1.2,1,4,4,1,4,4,0.0,0.67,2,0,2,3,4,9,0,2,2,4,9,0.8,1.8,0,2,3,0,2,3,0.0,0.0,2,1,1,1,1,2,5,10,5,1,4,3,4,-1,1504,1580,-76,54000000,50000000,0,2,0,0
2024,1249390,6,Fecha inválida,Feralpisalo,Giana Erminio,2,0,6,1,3,1,3,3,0,0,6,3,3,0.6,0.6,3,1,1,3,1,1,0.5,0.0,5,1,2,2,4,6,0,0,5,4,6,0.8,1.2,1,2,1,1,2,1,0.0,0.33,3,2,1,1,2,3,1,2,5,6,-1,4,4,0,1584,1565,19,54000000,55000000,2,1,0,1
2024,1249396,6,Fecha inválida,Clodiense,Trento,2,2,5,1,2,2,4,5,0,1,5,4,5,0.8,1.0,1,2,1,1,2,1,0.5,0.0,8,2,2,1,6,7,0,1,8,6,7,1.2,1.4,1,3,2,1,3,2,0.67,0.0,0,2,0,0,2,0,-3,0,10,8,2,5,4,1,1569,1547,22,59000000,57000000,1,2,1,1
2024,1249395,6,Fecha inválida,Triestina,Lumezzane,2,3,3,1,0,4,5,9,1,0,3,5,9,1.0,1.8,1,2,3,1,2,3,0.33,0.0,8,2,2,1,5,5,1,0,8,5,5,1.0,1.0,1,3,1,1,3,1,0.5,0.33,1,1,2,2,1,1,-5,-4,18,10,8,5,4,1,1577,1589,-12,57000000,59000000,1,0,1,1
2024,1249402,7,Fecha inválida,Pro Patria,Padova,1,1,3,0,3,2,1,4,0,1,3,1,4,0.2,0.8,2,1,0,2,1,0,0.0,0.0,18,6,0,0,17,3,6,0,15,13,2,2.6,0.4,3,3,4,3,2,3,1.0,1.0,0,3,5,5,3,0,-15,-17,7,11,-4,4,3,1,1506,1570,-64,56000000,50000000,2,0,0,0
2024,1249403,7,Fecha inválida,PRO Vercelli,Lecco,3,2,6,2,0,4,5,9,2,0,6,5,8,1.0,1.6,2,2,2,2,2,2,0.33,0.33,12,3,3,0,8,5,1,0,9,5,3,1.0,0.6,2,4,2,2,3,1,0.75,0.0,2,5,4,4,5,2,-6,-7,7,20,-13,4,3,1,1526,1579,-53,56000000,59000000,1,1,0,1
2024,1249404,7,Fecha inválida,Renate,Albinoleffe,0,2,15,5,0,1,6,2,5,0,15,6,1,1.2,0.2,4,1,1,4,1,1,1.0,0.75,9,2,3,1,9,5,0,1,8,9,5,1.8,1.0,3,3,2,2,3,2,0.25,0.5,4,4,9,9,4,4,6,0,16,20,-4,4,4,0,1575,1579,-4,55000000,59000000,2,0,1,1
2024,1249399,7,Fecha inválida,Vicenza Virtus,Feralpisalo,1,0,14,4,2,0,9,4,0,0,11,8,4,1.6,0.8,3,3,2,2,3,2,0.67,0.67,9,2,3,1,5,3,0,0,6,3,3,0.6,0.6,4,1,1,3,1,1,0.67,0.0,5,3,4,4,3,5,5,3,5,5,0,4,3,1,1584,1584,0,54000000,54000000,0,2,0,0
2024,1249397,7,Fecha inválida,Alcione,Novara,2,1,7,2,1,3,5,5,1,0,4,3,5,0.6,1.0,2,2,2,1,2,2,0.0,0.67,5,1,2,2,1,4,0,0,5,1,4,0.2,0.8,3,0,1,3,0,1,0.33,0.0,1,1,0,0,1,1,2,3,5,14,-9,3,4,-1,1524,1513,11,54000000,53000000,1,0,0,1
2024,1249405,7,Fecha inválida,Trento,Triestina,1,1,9,2,3,1,8,9,0,1,8,6,7,1.2,1.4,1,4,3,1,3,2,0.67,0.0,3,1,0,5,7,12,1,0,3,5,9,1.0,1.8,1,3,4,1,2,3,0.25,0.0,5,4,1,1,4,5,6,4,8,18,-10,2,2,0,1547,1577,-30,57000000,57000000,2,1,1,1
2024,1249398,7,Fecha inválida,Giana Erminio,Clodiense,2,1,5,1,2,3,4,8,0,0,5,4,6,0.8,1.2,1,2,1,1,2,1,0.0,0.25,6,1,3,2,6,7,0,1,5,4,5,0.8,1.0,1,3,2,1,2,1,0.33,0.0,1,1,0,0,1,1,-1,-3,6,10,-4,4,3,1,1565,1569,-4,55000000,59000000,1,1,1,1
2024,1249406,7,Fecha inválida,Virtus Verona,Atalanta II,1,2,4,1,1,4,3,8,0,1,4,2,4,0.4,0.8,2,2,2,2,1,1,0.33,0.0,10,3,1,2,16,7,0,1,7,11,6,2.2,1.2,1,5,5,1,4,4,0.33,0.67,1,1,2,2,1,1,-6,-14,8,5,3,5,4,1,1507,1504,3,57000000,54000000,0,0,1,0
2024,1249400,7,Fecha inválida,Lumezzane,Arzignano Valchiampo,1,0,11,3,2,1,8,7,1,0,8,5,5,1.0,1.0,1,4,2,1,3,1,0.5,0.5,4,1,1,4,7,14,0,1,4,5,11,1.0,2.2,1,4,4,1,3,3,0.33,0.0,2,2,1,1,2,2,7,8,10,19,-9,4,5,-1,1589,1578,11,59000000,58000000,0,0,1,0
2024,1249401,7,Fecha inválida,Pergolettese,Caldiero Terme,3,2,2,0,2,4,5,14,0,2,2,4,9,0.8,1.8,0,3,4,0,2,3,0.0,0.0,9,3,0,3,8,8,1,0,9,8,6,1.6,1.2,1,2,2,1,2,2,0.33,0.67,1,1,0,0,1,1,-7,-9,1,6,-5,5,5,0,1580,1565,15,50000000,55000000,2,0,0,1
2024,1249383,5,Fecha inválida,Pro Patria,Novara,1,1,4,0,4,2,2,5,0,1,3,1,4,0.2,0.8,2,2,0,2,1,0,0.0,0.0,5,1,2,3,2,6,0,0,5,1,4,0.2,0.8,3,1,2,3,0,1,0.33,0.0,4,5,3,3,5,4,-1,1,7,14,-7,3,2,1,1506,1513,-7,56000000,53000000,2,0,0,1
2024,1249411,8,Fecha inválida,Lecco,Renate,0,2,12,3,3,1,10,8,1,0,9,5,3,1.0,0.6,2,5,3,2,3,1,0.75,0.0,15,5,0,2,6,4,5,0,15,6,1,1.2,0.2,4,1,1,4,1,1,0.67,0.75,4,2,4,4,2,4,-3,0,20,16,4,5,5,0,1579,1575,4,59000000,55000000,1,2,1,1
2024,1249408,8,Fecha inválida,Atalanta II,Giana Erminio,1,3,13,4,1,2,18,8,0,1,7,11,6,2.2,1.2,1,6,6,1,4,4,0.33,0.75,8,2,2,3,6,9,0,0,5,4,6,0.8,1.2,1,3,2,1,2,1,0.33,0.25,1,2,1,1,2,1,5,13,5,6,-1,4,4,0,1504,1565,-61,54000000,55000000,0,1,0,1
2024,1249413,8,Fecha inválida,Novara,Pergolettese,3,1,6,1,3,3,3,7,0,0,5,1,4,0.2,0.8,3,2,2,3,0,1,0.33,0.0,5,1,2,4,8,16,0,2,2,4,9,0.8,1.8,0,4,5,0,2,3,0.25,0.0,2,5,3,3,5,2,1,4,14,1,13,3,4,-1,1513,1580,-67,53000000,50000000,0,2,1,0
2024,1249415,8,Fecha inválida,Triestina,PRO Vercelli,1,1,4,1,1,5,8,13,1,0,3,5,9,1.0,1.8,1,4,4,1,2,3,0.25,0.0,9,3,0,4,8,11,2,0,6,5,8,1.0,1.6,2,3,3,2,2,2,0.5,0.33,4,3,1,1,3,4,-5,-2,18,7,11,6,6,0,1577,1526,51,57000000,56000000,1,1,1,0
2024,1249412,8,Fecha inválida,Lumezzane,Trento,0,2,14,4,2,1,9,7,1,0,8,5,5,1.0,1.0,2,4,2,1,3,1,0.67,0.5,10,2,4,1,9,10,0,1,8,6,7,1.2,1.4,1,5,3,1,3,2,0.5,0.0,0,2,2,2,2,0,4,3,10,8,2,4,6,-2,1589,1547,42,59000000,57000000,0,2,1,1
2024,1249407,8,Fecha inválida,Arzignano Valchiampo,Alcione,0,2,4,1,1,5,7,15,0,1,4,5,11,1.0,2.2,1,4,4,1,3,3,0.33,0.0,10,3,1,3,7,6,1,0,4,3,5,0.6,1.0,2,3,3,1,2,2,0.25,0.67,0,1,1,1,1,0,-6,-9,19,5,14,4,6,-2,1578,1524,54,58000000,54000000,0,1,0,0
2024,1249414,8,Fecha inválida,Padova,Vicenza Virtus,1,0,19,6,1,0,18,4,6,0,15,13,2,2.6,0.4,3,4,4,3,2,3,1.0,0.75,17,5,2,0,10,4,0,0,11,8,4,1.6,0.8,4,3,2,2,3,2,0.75,0.67,4,6,2,2,6,4,2,8,11,5,6,7,7,0,1570,1584,-14,50000000,54000000,0,0,0,0
2024,1249409,8,Fecha inválida,Caldiero Terme,Virtus Verona,0,3,9,3,0,4,10,11,1,0,9,8,6,1.6,1.2,1,3,3,1,2,2,0.33,0.5,4,1,1,5,4,10,0,1,4,2,4,0.4,0.8,2,3,3,2,1,1,0.25,0.0,0,2,1,1,2,0,5,5,6,8,-2,5,6,-1,1565,1507,58,55000000,57000000,0,0,1,1
2024,1249416,8,Fecha inválida,Clodiense,Pro Patria,1,2,6,1,3,3,7,9,0,1,5,4,5,0.8,1.0,1,4,3,1,2,1,0.33,0.0,5,0,5,2,3,6,0,1,3,1,4,0.2,0.8,2,3,0,2,1,0,0.0,0.0,0,1,1,1,1,0,1,1,10,7,3,6,4,2,1569,1506,63,59000000,56000000,1,2,1,0
2024,1249410,8,Fecha inválida,Feralpisalo,Albinoleffe,1,0,9,2,3,2,5,4,0,0,6,3,3,0.6,0.6,4,1,1,3,1,1,0.67,0.0,12,3,3,1,11,5,0,1,8,9,5,1.8,1.0,4,3,2,2,3,2,0.25,0.67,7,3,2,2,3,7,-3,-5,5,20,-15,8,8,0,1584,1579,5,54000000,59000000,2,0,0,1
2024,1249425,9,Fecha inválida,Renate,Novara,0,1,18,6,0,2,8,4,5,0,15,6,1,1.2,0.2,5,1,1,4,1,1,0.67,0.8,9,2,3,3,6,8,0,0,5,1,4,0.2,0.8,3,3,3,3,0,1,0.5,0.0,3,6,3,3,6,3,9,6,16,14,2,7,6,1,1575,1513,62,55000000,53000000,2,0,1,1
2024,1249426,9,Fecha inválida,Virtus Verona,Arzignano Valchiampo,2,1,7,2,1,5,7,10,0,1,4,2,4,0.4,0.8,3,3,4,2,1,1,0.25,0.25,4,1,1,6,7,17,0,1,4,5,11,1.0,2.2,1,4,4,1,3,3,0.25,0.0,3,5,0,0,5,3,3,7,8,19,-11,5,6,-1,1507,1578,-71,57000000,58000000,0,0,1,0
2024,1249418,9,Fecha inválida,Alcione,Triestina,1,0,13,4,1,3,9,6,1,0,4,3,5,0.6,1.0,3,3,3,1,2,2,0.25,0.75,5,1,2,5,9,14,1,0,3,5,9,1.0,1.8,1,5,4,1,2,3,0.2,0.0,1,1,0,0,1,1,8,8,5,18,-13,6,7,-1,1524,1577,-53,54000000,57000000,1,1,0,1
2024,1249420,9,Fecha inválida,Giana Erminio,Padova,0,1,11,3,2,3,9,10,0,0,5,4,6,0.8,1.2,1,4,3,1,2,1,0.33,0.4,22,7,1,0,19,4,6,0,15,13,2,2.6,0.4,4,4,4,3,2,3,1.0,0.75,1,2,4,4,2,1,-11,-16,6,11,-5,7,6,1,1565,1570,-5,55000000,50000000,1,0,1,0
2024,1249417,9,Fecha inválida,Albinoleffe,Atalanta II,2,2,12,3,3,2,11,6,0,1,8,9,5,1.8,1.0,4,3,2,2,3,2,0.25,0.5,13,4,1,3,19,11,0,1,7,11,6,2.2,1.2,1,7,7,1,4,4,0.25,0.75,0,3,1,1,3,0,-1,-3,20,5,15,4,7,-3,1579,1504,75,59000000,54000000,0,0,1,0
2024,1249423,9,Fecha inválida,Pro Patria,Lecco,2,1,8,1,5,2,5,7,0,1,3,1,4,0.2,0.8,2,4,1,2,1,0,0.0,0.25,12,3,3,2,10,10,1,0,9,5,3,1.0,0.6,2,5,3,2,3,1,0.6,0.0,6,3,2,2,3,6,-4,-2,7,20,-13,6,7,-1,1506,1579,-73,56000000,59000000,2,1,0,1
2024,1249424,9,Fecha inválida,PRO Vercelli,Clodiense,1,1,10,3,1,4,9,12,2,0,6,5,8,1.0,1.6,2,4,3,2,2,2,0.5,0.25,6,1,3,4,8,11,0,1,5,4,5,0.8,1.0,1,5,4,1,2,1,0.25,0.0,0,2,0,0,2,0,4,0,7,10,-3,8,6,2,1526,1569,-43,56000000,59000000,1,1,0,1
2024,1249419,9,Fecha inválida,Feralpisalo,Caldiero Terme,2,0,12,3,3,2,6,4,0,0,6,3,3,0.6,0.6,5,1,1,3,1,1,0.75,0.0,9,3,0,5,10,14,1,0,9,8,6,1.6,1.2,1,3,4,1,2,2,0.25,0.5,1,1,0,0,1,1,3,6,5,6,-1,5,6,-1,1584,1565,19,54000000,55000000,2,0,0,1
2024,1249421,9,Fecha inválida,Vicenza Virtus,Lumezzane,1,1,17,5,2,1,10,5,0,0,11,8,4,1.6,0.8,4,3,2,2,3,2,0.75,0.5,14,4,2,2,9,9,1,0,8,5,5,1.0,1.0,2,4,2,1,3,1,0.5,0.5,1,2,1,1,2,1,3,5,5,10,-5,7,7,0,1584,1589,-5,54000000,59000000,0,0,0,1
2024,1249422,9,Fecha inválida,Pergolettese,Trento,0,0,5,1,2,5,9,19,0,2,2,4,9,0.8,1.8,0,5,6,0,2,3,0.25,0.0,13,3,4,1,11,10,0,1,8,6,7,1.2,1.4,2,5,3,1,3,2,0.5,0.25,5,3,0,0,3,5,-8,-11,1,8,-7,8,7,1,1580,1547,33,50000000,57000000,2,2,0,1
2024,1249429,10,Fecha inválida,Caldiero Terme,Pro Patria,1,1,9,3,0,6,10,16,1,0,9,8,6,1.6,1.2,1,3,4,1,2,2,0.25,0.4,11,2,5,2,7,8,0,1,3,1,4,0.2,0.8,2,5,2,2,1,0,0.2,0.25,0,2,0,0,2,0,-2,-5,6,7,-1,5,6,-1,1565,1506,59,55000000,56000000,0,2,1,0
2024,1249431,10,Fecha inválida,Lumezzane,Giana Erminio,3,2,15,4,3,2,10,10,1,0,8,5,5,1.0,1.0,2,5,2,1,3,1,0.5,0.4,11,3,2,4,9,11,0,0,5,4,6,0.8,1.2,1,4,3,1,2,1,0.25,0.4,1,1,2,2,1,1,4,2,10,6,4,6,6,0,1589,1565,24,59000000,55000000,0,1,1,1
2024,1249427,10,Fecha inválida,Arzignano Valchiampo,Vicenza Virtus,1,2,4,1,1,7,8,19,0,1,4,5,11,1.0,2.2,1,5,5,1,3,3,0.25,0.0,18,5,3,1,11,6,0,0,11,8,4,1.6,0.8,4,4,2,2,3,2,0.6,0.5,1,3,7,7,3,1,-14,-16,19,5,14,7,6,1,1578,1584,-6,58000000,54000000,0,0,0,0
2024,1249432,10,Fecha inválida,Novara,Albinoleffe,2,0,12,3,3,3,7,8,0,0,5,1,4,0.2,0.8,4,3,3,3,0,1,0.5,0.2,13,3,4,2,13,8,0,1,8,9,5,1.8,1.0,4,4,3,2,3,2,0.2,0.5,2,5,4,4,5,2,-1,-6,14,20,-6,7,7,0,1513,1579,-66,53000000,59000000,0,0,1,1
2024,1249435,10,Fecha inválida,Triestina,Virtus Verona,0,2,5,1,2,6,9,15,1,0,3,5,9,1.0,1.8,1,5,4,1,2,3,0.2,0.0,10,3,1,5,9,11,0,1,4,2,4,0.4,0.8,3,4,5,2,1,1,0.4,0.25,6,6,4,4,6,6,-5,-4,18,8,10,7,7,0,1577,1507,70,57000000,57000000,1,0,1,1
2024,1249436,10,Fecha inválida,Clodiense,Alcione,1,3,7,1,4,4,9,12,0,1,5,4,5,0.8,1.0,1,6,4,1,2,1,0.25,0.0,16,5,1,3,10,6,1,0,4,3,5,0.6,1.0,4,3,3,1,2,2,0.4,0.75,1,1,1,1,1,1,-9,-7,10,5,5,6,7,-1,1569,1524,45,59000000,54000000,1,1,1,0
2024,1249428,10,Fecha inválida,Atalanta II,Renate,4,0,14,4,2,3,21,13,0,1,7,11,6,2.2,1.2,1,8,8,1,4,4,0.25,0.6,18,6,0,3,8,5,5,0,15,6,1,1.2,0.2,5,1,1,4,1,1,0.5,0.8,1,2,1,1,2,1,-4,5,5,16,-11,7,7,0,1504,1575,-71,54000000,55000000,0,2,0,1
2024,1249430,10,Fecha inválida,Lecco,Pergolettese,1,0,12,3,3,3,11,12,1,0,9,5,3,1.0,0.6,2,6,4,2,3,1,0.6,0.0,6,1,3,5,9,19,0,2,2,4,9,0.8,1.8,1,5,6,0,2,3,0.2,0.0,6,2,2,2,2,6,6,9,20,1,19,7,6,1,1579,1580,-1,59000000,50000000,1,2,1,0
2024,1249434,10,Fecha inválida,Trento,PRO Vercelli,1,0,14,3,5,1,11,10,0,1,8,6,7,1.2,1.4,3,5,3,1,3,2,0.5,0.2,11,3,2,4,10,13,2,0,6,5,8,1.0,1.6,2,5,3,2,2,2,0.4,0.25,4,3,1,1,3,4,3,4,8,7,1,7,7,0,1547,1526,21,57000000,56000000,2,1,1,0
2024,1249433,10,Fecha inválida,Padova,Feralpisalo,0,0,25,8,1,0,20,4,6,0,15,13,2,2.6,0.4,5,4,4,3,2,3,1.0,0.8,15,4,3,2,8,4,0,0,6,3,3,0.6,0.6,6,1,1,3,1,1,0.8,0.0,5,7,4,4,7,5,10,12,11,5,6,8,7,1,1570,1584,-14,50000000,54000000,0,2,0,0
2024,1249444,11,Fecha inválida,PRO Vercelli,Arzignano Valchiampo,0,3,11,3,2,5,10,14,2,0,6,5,8,1.0,1.6,2,5,3,2,2,2,0.4,0.2,4,1,1,8,9,21,0,1,4,5,11,1.0,2.2,1,6,6,1,3,3,0.2,0.0,2,2,2,2,2,2,7,8,7,19,-12,5,6,-1,1526,1578,-52,56000000,58000000,1,0,0,0
2024,1249440,11,Fecha inválida,Giana Erminio,Novara,2,2,11,3,2,5,11,14,0,0,5,4,6,0.8,1.2,1,5,4,1,2,1,0.25,0.33,15,4,3,3,9,8,0,0,5,1,4,0.2,0.8,5,3,3,3,0,1,0.6,0.2,1,5,3,3,5,1,-4,-4,6,14,-8,6,6,0,1565,1513,52,55000000,53000000,1,0,1,1
2024,1249443,11,Fecha inválida,Pro Patria,Trento,1,1,12,2,6,2,8,9,0,1,3,1,4,0.2,0.8,2,6,2,2,1,0,0.2,0.2,17,4,5,1,12,10,0,1,8,6,7,1.2,1.4,4,5,3,1,3,2,0.6,0.2,0,5,3,3,5,0,-5,-3,7,8,-1,7,5,2,1506,1547,-41,56000000,57000000,2,2,0,1
2024,1249441,11,Fecha inválida,Vicenza Virtus,Atalanta II,3,0,21,6,3,1,13,7,0,0,11,8,4,1.6,0.8,4,5,3,2,3,2,0.6,0.6,17,5,2,3,25,13,0,1,7,11,6,2.2,1.2,2,8,9,1,4,4,0.4,0.6,4,1,0,0,1,4,4,-6,5,5,0,7,6,1,1584,1504,80,54000000,54000000,0,0,0,0
2024,1249442,11,Fecha inválida,Pergolettese,Triestina,1,0,6,1,3,6,9,20,0,2,2,4,9,0.8,1.8,1,5,6,0,2,3,0.2,0.0,5,1,2,7,9,17,1,0,3,5,9,1.0,1.8,1,5,4,1,2,3,0.17,0.0,3,2,3,3,2,3,1,-3,1,18,-17,6,6,0,1580,1577,3,50000000,57000000,2,1,0,1
2024,1249445,11,Fecha inválida,Renate,Caldiero Terme,0,0,18,6,0,4,8,9,5,0,15,6,1,1.2,0.2,5,1,2,4,1,1,0.5,0.67,10,3,1,6,11,17,1,0,9,8,6,1.6,1.2,1,4,4,1,2,2,0.2,0.4,0,2,0,0,2,0,8,5,16,6,10,7,7,0,1575,1565,10,55000000,55000000,2,0,1,1
2024,1249446,11,Fecha inválida,Virtus Verona,Clodiense,4,1,13,4,1,5,11,11,0,1,4,2,4,0.4,0.8,4,4,5,2,1,1,0.4,0.4,7,1,4,5,10,15,0,1,5,4,5,0.8,1.0,1,7,5,1,2,1,0.2,0.0,1,1,0,0,1,1,6,5,8,10,-2,7,7,0,1507,1569,-62,57000000,59000000,0,1,1,1
2024,1249438,11,Fecha inválida,Alcione,Lumezzane,1,0,19,6,1,3,13,7,1,0,4,3,5,0.6,1.0,4,4,4,1,2,2,0.4,0.8,18,5,3,2,13,12,1,0,8,5,5,1.0,1.0,2,6,3,1,3,1,0.6,0.4,2,1,1,1,1,2,1,5,5,10,-5,7,7,0,1524,1589,-65,54000000,59000000,1,0,0,1
2024,1249437,11,Fecha inválida,Albinoleffe,Padova,0,2,13,3,4,3,13,10,0,1,8,9,5,1.8,1.0,4,4,3,2,3,2,0.2,0.4,26,8,2,0,20,4,6,0,15,13,2,2.6,0.4,6,4,4,3,2,3,0.8,0.8,0,5,7,7,5,0,-13,-13,20,11,9,7,6,1,1579,1570,9,59000000,50000000,0,0,1,0
2024,1249439,11,Fecha inválida,Feralpisalo,Lecco,2,1,16,4,4,2,8,4,0,0,6,3,3,0.6,0.6,7,1,1,3,1,1,0.8,0.0,15,4,3,3,12,12,1,0,9,5,3,1.0,0.6,3,6,4,2,3,1,0.67,0.0,4,3,1,1,3,4,1,4,5,20,-15,7,7,0,1584,1579,5,54000000,59000000,2,1,0,1
2024,1249447,12,Fecha inválida,Arzignano Valchiampo,Pro Patria,1,0,7,2,1,7,12,18,0,0,4,7,11,1.4,2.2,2,6,6,1,4,3,0.2,0.2,13,2,7,1,9,9,0,0,4,2,4,0.4,0.8,2,7,2,2,2,0,0.2,0.2,1,4,1,1,4,1,-6,-6,19,7,12,3,3,0,1578,1506,72,58000000,56000000,0,2,0,0
2024,1249449,12,Fecha inválida,Caldiero Terme,Giana Erminio,1,0,8,2,2,6,8,15,0,1,6,5,6,1.0,1.2,2,3,3,1,1,1,0.2,0.2,11,3,2,5,11,14,0,0,4,2,6,0.4,1.2,1,5,4,1,1,0,0.2,0.4,1,3,0,0,3,1,-3,-4,6,6,0,3,3,0,1565,1565,0,55000000,55000000,0,1,1,1
2024,1249454,12,Fecha inválida,Trento,Virtus Verona,1,1,18,4,6,0,13,8,0,0,9,8,6,1.6,1.2,4,6,2,1,4,2,0.6,0.2,16,5,1,4,15,11,0,0,4,3,7,0.6,1.4,4,5,6,2,2,2,0.6,0.4,2,3,3,3,3,2,2,1,8,8,0,3,3,0,1547,1507,40,57000000,57000000,2,0,1,1
2024,1249448,12,Fecha inválida,Atalanta II,PRO Vercelli,2,0,17,5,2,3,24,14,1,0,10,15,5,3.0,1.0,2,7,9,1,4,4,0.5,0.5,8,2,2,6,9,17,1,0,3,4,9,0.8,1.8,1,5,4,1,2,2,0.2,0.2,2,2,0,0,2,2,9,18,5,7,-2,3,3,0,1504,1526,-22,54000000,56000000,0,1,0,0
2024,1249452,12,Fecha inválida,Novara,Vicenza Virtus,0,0,15,4,3,3,11,10,0,2,4,2,6,0.4,1.2,4,4,4,2,1,2,0.6,0.2,23,7,2,1,14,5,1,0,13,7,2,1.4,0.4,5,4,3,3,2,1,0.8,0.6,3,3,2,2,3,3,-8,-8,14,5,9,4,3,1,1513,1584,-71,53000000,54000000,0,0,1,0
2024,1249451,12,Fecha inválida,Lumezzane,Pergolettese,0,2,15,4,3,3,12,13,0,1,8,7,7,1.4,1.4,1,6,3,0,4,2,0.6,0.2,9,2,3,5,10,19,0,1,2,5,13,1.0,2.6,2,5,6,0,3,4,0.33,0.0,2,1,1,1,1,2,6,8,10,1,9,3,3,0,1589,1580,9,59000000,50000000,0,2,1,0
2024,1249455,12,Fecha inválida,Triestina,Albinoleffe,1,1,2,0,2,8,6,18,0,5,0,4,12,0.8,2.4,0,5,3,0,3,3,0.0,0.0,13,3,4,3,11,9,0,0,9,7,2,1.4,0.4,4,3,2,3,2,1,0.2,0.4,4,6,3,3,6,4,-11,-14,18,20,-2,4,3,1,1577,1579,-2,57000000,59000000,1,0,1,1
2024,1249450,12,Fecha inválida,Lecco,Alcione,1,0,12,3,3,4,12,14,0,0,9,7,5,1.4,1.0,2,7,5,1,4,2,0.6,0.0,19,6,1,3,12,6,0,0,4,3,4,0.6,0.8,5,3,3,2,1,1,0.5,0.75,1,1,0,0,1,1,-7,-8,20,5,15,3,4,-1,1579,1524,55,59000000,54000000,1,1,1,0
2024,1249456,12,Fecha inválida,Clodiense,Feralpisalo,0,1,7,1,4,5,11,18,1,0,6,6,6,1.2,1.2,1,8,6,1,3,2,0.2,0.0,18,5,3,2,10,5,0,1,8,5,3,1.0,0.6,6,2,2,3,1,1,1.0,0.0,0,1,1,1,1,0,-11,-12,10,5,5,4,3,1,1569,1584,-15,59000000,54000000,1,2,1,0
2024,1249453,12,Fecha inválida,Padova,Renate,1,0,26,8,2,0,19,4,5,0,15,14,3,2.8,0.6,6,4,3,2,3,3,0.75,0.83,16,5,1,4,7,9,4,0,12,5,2,1.0,0.4,5,1,2,3,1,1,0.4,0.6,6,2,4,4,2,6,10,17,11,16,-5,3,4,-1,1570,1575,-5,50000000,55000000,0,2,0,1
2024,1249462,13,Fecha inválida,Novara,Caldiero Terme,3,1,16,4,4,2,11,7,0,1,5,3,4,0.6,0.8,5,4,3,2,2,1,0.6,0.2,11,3,2,5,9,13,2,0,6,7,7,1.4,1.4,3,3,3,1,2,2,0.4,0.2,1,1,0,0,1,1,5,8,14,6,8,3,3,0,1513,1565,-52,53000000,55000000,0,0,1,1
2024,1249460,13,Fecha inválida,Giana Erminio,Arzignano Valchiampo,0,1,10,3,1,6,10,14,1,0,6,3,6,0.6,1.2,1,4,4,1,1,1,0.25,0.33,9,3,0,7,12,17,0,2,3,6,11,1.2,2.2,3,5,6,1,3,3,0.4,0.2,0,1,3,3,1,0,1,1,6,19,-13,3,3,0,1565,1578,-13,55000000,58000000,1,0,1,0
2024,1249465,13,Fecha inválida,Renate,Lumezzane,1,2,13,4,1,5,6,10,3,0,9,4,4,0.8,0.8,4,1,2,2,1,1,0.25,0.5,15,4,3,3,12,13,0,0,11,8,5,1.6,1.0,1,6,3,1,4,2,0.6,0.2,1,1,2,2,1,1,-2,-3,16,10,6,2,3,-1,1575,1589,-14,55000000,59000000,2,0,1,1
2024,1249466,13,Fecha inválida,Virtus Verona,PRO Vercelli,0,0,16,5,1,4,16,12,1,0,3,4,9,0.8,1.8,3,6,6,1,3,3,0.6,0.4,5,1,2,7,7,19,0,4,3,5,11,1.0,2.2,0,5,4,0,3,3,0.2,0.0,1,4,3,3,4,1,11,16,8,7,1,3,3,0,1507,1526,-19,57000000,56000000,0,1,1,0
2024,1249458,13,Fecha inválida,Alcione,Trento,0,1,18,6,0,4,12,7,0,3,6,5,5,1.0,1.0,4,3,3,1,2,2,0.6,0.6,18,4,6,0,13,8,0,0,9,8,6,1.6,1.2,4,6,2,1,4,2,0.6,0.2,0,1,1,1,1,0,0,0,5,8,-3,2,3,-1,1524,1547,-23,54000000,57000000,1,2,0,1
2024,1249457,13,Fecha inválida,Albinoleffe,Clodiense,1,0,13,3,4,3,11,9,0,0,11,8,1,1.6,0.2,4,3,2,4,1,1,0.2,0.4,4,0,4,6,10,19,0,0,3,6,8,1.2,1.6,0,8,6,0,4,3,0.0,0.0,1,1,0,0,1,1,9,11,20,10,10,3,3,0,1579,1569,10,59000000,59000000,0,1,1,1
2024,1249464,13,Fecha inválida,Pro Patria,Triestina,0,0,12,2,6,2,8,9,0,0,4,2,4,0.4,0.8,2,6,2,2,2,0,0.2,0.2,3,0,3,7,7,18,0,4,1,5,12,1.0,2.4,0,6,3,0,4,3,0.0,0.0,2,4,3,3,4,2,9,10,7,18,-11,4,3,1,1506,1577,-71,56000000,57000000,2,1,0,1
2024,1249463,13,Fecha inválida,Pergolettese,Padova,1,2,12,3,3,4,12,18,0,0,5,8,14,1.6,2.8,3,5,6,0,4,5,0.4,0.2,26,8,2,0,18,4,4,0,13,13,4,2.6,0.8,6,4,3,1,4,3,0.8,0.8,2,2,5,5,2,2,-14,-20,1,11,-10,4,3,1,1580,1570,10,50000000,50000000,2,0,0,0
2024,1249459,13,Fecha inválida,Feralpisalo,Atalanta II,3,1,21,6,3,1,11,4,0,0,8,5,3,1.0,0.6,7,2,2,3,1,1,1.0,0.2,17,5,2,3,23,14,0,0,10,14,6,2.8,1.2,2,7,8,0,5,4,0.6,0.4,1,1,0,0,1,1,4,-2,5,5,0,4,5,-1,1584,1504,80,54000000,54000000,2,0,0,0
2024,1249461,13,Fecha inválida,Vicenza Virtus,Lecco,1,0,21,6,3,1,13,5,0,0,13,7,2,1.4,0.4,5,4,3,3,2,1,0.8,0.4,14,4,2,4,12,13,0,0,8,8,7,1.6,1.4,3,6,5,1,4,3,0.67,0.0,2,1,1,1,1,2,7,9,5,20,-15,5,5,0,1584,1579,5,54000000,59000000,0,1,0,1
2024,1249473,14,Fecha inválida,PRO Vercelli,Alcione,1,0,6,1,3,6,7,18,0,3,4,6,11,1.2,2.2,1,5,4,0,4,3,0.25,0.0,18,6,0,4,12,7,0,2,9,7,4,1.4,0.8,4,3,3,2,2,2,0.6,0.6,1,1,0,0,1,1,-12,-16,7,5,2,6,6,0,1526,1524,2,56000000,54000000,1,1,0,0
2024,1249475,14,Fecha inválida,Triestina,Giana Erminio,0,1,4,0,4,6,7,17,0,3,2,6,12,1.2,2.4,1,6,3,0,5,3,0.0,0.0,7,2,1,7,9,15,0,3,6,5,7,1.0,1.4,0,4,4,0,2,2,0.2,0.2,4,4,1,1,4,4,-3,-4,18,6,12,5,6,-1,1577,1565,12,57000000,55000000,1,1,1,1
2024,1249474,14,Fecha inválida,Trento,Feralpisalo,3,2,20,5,5,0,13,7,2,0,11,9,5,1.8,1.0,5,5,2,2,3,2,0.6,0.4,23,7,2,1,14,5,1,0,10,6,3,1.2,0.6,6,3,3,3,1,1,1.0,0.25,1,2,3,3,2,1,-3,-3,8,5,3,6,5,1,1547,1584,-37,57000000,54000000,2,2,1,0
2024,1249467,14,Fecha inválida,Arzignano Valchiampo,Pergolettese,1,1,12,4,0,6,12,13,0,1,3,5,9,1.0,1.8,4,4,5,1,2,2,0.5,0.33,11,3,2,5,11,18,0,1,4,7,15,1.4,3.0,3,5,6,0,4,5,0.4,0.2,1,5,0,0,5,1,1,6,19,1,18,7,5,2,1578,1580,-2,58000000,50000000,0,2,0,0
2024,1249469,14,Fecha inválida,Caldiero Terme,Vicenza Virtus,0,2,8,2,2,6,9,16,1,0,3,6,10,1.2,2.0,2,4,4,0,2,3,0.4,0.0,23,7,2,1,13,4,4,0,12,6,2,1.2,0.4,6,3,3,3,1,1,0.83,0.5,0,1,1,1,1,0,-15,-16,6,5,1,7,4,3,1565,1584,-19,55000000,54000000,0,0,1,0
2024,1249468,14,Fecha inválida,Atalanta II,Pro Patria,2,1,16,5,1,4,23,16,1,0,9,14,8,2.8,1.6,2,7,9,0,5,5,0.75,0.33,12,2,6,2,8,9,0,1,6,4,5,0.8,1.0,2,6,2,1,3,1,0.2,0.2,2,1,1,1,1,2,4,8,5,7,-2,5,5,0,1504,1506,-2,54000000,56000000,0,2,0,0
2024,1249470,14,Fecha inválida,Lecco,Virtus Verona,1,1,13,4,1,5,11,13,0,0,7,7,8,1.4,1.6,3,5,5,1,3,3,0.8,0.0,14,4,2,4,15,12,0,4,3,6,9,1.2,1.8,3,6,6,1,3,4,0.4,0.4,0,5,1,1,5,0,-1,-5,20,8,12,4,7,-3,1579,1507,72,59000000,57000000,1,0,1,1
2024,1249471,14,Fecha inválida,Lumezzane,Albinoleffe,1,0,17,5,2,3,13,13,0,0,10,7,6,1.4,1.2,1,6,4,1,3,2,0.6,0.4,15,4,3,3,11,8,2,0,10,7,1,1.4,0.2,5,2,2,4,0,1,0.4,0.4,3,2,1,1,2,3,2,-3,10,20,-10,8,7,1,1589,1579,10,59000000,59000000,0,0,1,1
2024,1249476,14,Fecha inválida,Clodiense,Renate,2,2,3,0,3,7,8,18,0,0,2,5,8,1.0,1.6,0,7,5,0,4,3,0.0,0.0,10,3,1,6,6,12,2,0,9,5,4,1.0,0.8,3,2,3,2,1,1,0.2,0.4,0,2,0,0,2,0,-7,-4,10,16,-6,7,8,-1,1569,1575,-6,59000000,55000000,1,2,1,1
2024,1249472,14,Fecha inválida,Padova,Novara,2,1,26,8,2,0,16,4,3,0,13,10,3,2.0,0.6,6,4,3,2,3,2,0.8,0.8,19,5,4,1,14,7,0,0,8,6,4,1.2,0.8,5,5,4,2,3,2,0.67,0.25,4,1,1,1,1,4,7,5,11,14,-3,8,9,-1,1570,1513,57,50000000,53000000,0,0,0,1
2024,1249478,15,Fecha inválida,Caldiero Terme,Lumezzane,2,2,5,1,2,7,5,17,0,5,0,2,11,0.4,2.2,2,3,3,0,1,2,0.2,0.0,19,6,1,3,13,12,3,0,10,7,6,1.4,1.2,2,5,4,1,3,2,0.67,0.5,0,2,0,0,2,0,-14,-13,6,10,-4,6,5,1,1565,1589,-24,55000000,59000000,0,0,1,1
2024,1249486,15,Fecha inválida,Renate,Arzignano Valchiampo,0,0,8,2,2,6,7,14,1,0,6,4,5,0.8,1.0,2,3,4,1,1,1,0.0,0.33,13,4,1,5,11,11,1,0,3,4,8,0.8,1.6,4,4,4,1,2,2,0.4,0.4,2,4,1,1,4,2,-5,-7,16,19,-3,5,7,-2,1575,1578,-3,55000000,58000000,2,0,1,0
2024,1249477,15,Fecha inválida,Albinoleffe,Trento,0,0,12,3,3,4,8,9,1,0,8,6,3,1.2,0.6,4,2,1,3,1,1,0.25,0.33,20,5,5,0,13,7,1,0,9,6,3,1.2,0.6,5,5,2,3,2,1,0.6,0.4,2,6,1,1,6,2,-8,-7,20,8,12,5,7,-2,1579,1547,32,59000000,57000000,0,2,1,1
2024,1249485,15,Fecha inválida,Pro Patria,Virtus Verona,1,1,12,2,6,2,9,9,0,0,9,6,4,1.2,0.8,2,7,3,1,4,2,0.2,0.2,15,4,3,3,16,12,0,3,6,8,9,1.6,1.8,3,7,6,1,4,5,0.4,0.4,3,2,3,3,2,3,-3,-4,7,8,-1,7,6,1,1506,1507,-1,56000000,57000000,2,0,0,1
2024,1249484,15,Fecha inválida,Pergolettese,Alcione,1,2,12,3,3,4,12,16,0,0,5,7,12,1.4,2.4,3,6,5,1,4,4,0.4,0.2,18,6,0,4,12,7,0,1,12,8,3,1.6,0.6,4,3,3,3,2,2,0.6,0.6,0,1,1,1,1,0,-6,-9,1,5,-4,7,7,0,1580,1524,56,50000000,54000000,2,1,0,0
2024,1249480,15,Fecha inválida,Giana Erminio,Lecco,1,0,10,3,1,6,10,14,0,2,6,5,7,1.0,1.4,1,4,4,0,2,2,0.2,0.4,13,4,1,5,12,14,2,0,6,8,10,1.6,2.0,2,6,5,0,4,4,0.67,0.0,1,4,3,3,4,1,-3,-2,6,20,-14,7,7,0,1565,1579,-14,55000000,59000000,1,1,1,1
2024,1249482,15,Fecha inválida,Novara,Clodiense,0,0,18,5,3,2,15,9,1,0,10,7,4,1.4,0.8,4,6,5,2,3,2,0.8,0.2,3,0,3,7,9,19,0,1,2,5,8,1.0,1.6,0,7,6,0,4,3,0.0,0.0,0,2,0,0,2,0,15,16,14,10,4,5,6,-1,1513,1569,-56,53000000,59000000,0,1,1,1
2024,1249481,15,Fecha inválida,Vicenza Virtus,PRO Vercelli,2,0,23,7,2,1,13,4,3,0,10,5,3,1.0,0.6,6,3,3,2,2,1,0.8,0.6,9,2,3,5,7,14,0,2,5,6,8,1.2,1.6,2,4,3,0,4,2,0.4,0.0,3,2,3,3,2,3,14,16,5,7,-2,8,8,0,1584,1526,58,54000000,56000000,0,1,0,0
2024,1249479,15,Fecha inválida,Feralpisalo,Triestina,2,0,20,6,2,2,15,8,0,0,10,7,3,1.4,0.6,5,4,4,3,1,1,1.0,0.2,4,0,4,6,6,13,0,2,2,5,8,1.0,1.6,1,5,2,0,4,2,0.0,0.0,6,6,4,4,6,6,16,14,5,18,-13,8,8,0,1584,1577,7,54000000,57000000,2,1,0,1
2024,1249494,16,Fecha inválida,Triestina,Renate,0,1,4,0,4,6,5,13,0,1,2,4,8,0.8,1.6,1,4,1,0,3,1,0.0,0.0,6,1,3,6,5,13,0,2,3,2,8,0.4,1.6,3,2,3,1,0,1,0.0,0.2,5,3,5,5,3,5,-2,0,18,16,2,5,6,-1,1577,1575,2,57000000,55000000,1,2,1,1
2024,1249495,16,Fecha inválida,Clodiense,Vicenza Virtus,1,2,4,0,4,6,9,18,0,0,2,6,10,1.2,2.0,1,7,6,0,5,4,0.0,0.0,23,7,2,1,13,3,2,0,10,5,3,1.0,0.6,7,2,2,2,2,1,0.83,0.5,0,2,1,1,2,0,-19,-19,10,5,5,5,5,0,1569,1584,-15,59000000,54000000,1,0,1,0
2024,1249492,16,Fecha inválida,PRO Vercelli,Albinoleffe,0,2,9,2,3,5,6,13,0,1,5,5,6,1.0,1.2,2,3,2,0,3,1,0.5,0.0,10,2,4,4,6,9,0,0,5,4,5,0.8,1.0,4,2,1,2,1,1,0.2,0.2,6,5,4,4,5,6,-1,-4,7,20,-13,6,7,-1,1526,1579,-53,56000000,59000000,1,0,0,1
2024,1249493,16,Fecha inválida,Trento,Giana Erminio,2,0,18,4,6,0,12,7,0,0,9,6,3,1.2,0.6,5,5,2,3,2,1,0.5,0.33,13,4,1,5,11,12,0,1,6,7,8,1.4,1.6,2,4,4,0,3,3,0.4,0.4,4,3,1,1,3,4,5,6,8,6,2,7,6,1,1547,1565,-18,57000000,55000000,2,1,1,1
2024,1249489,16,Fecha inválida,Atalanta II,Caldiero Terme,2,0,16,5,1,4,20,16,0,1,7,11,9,2.2,1.8,2,7,9,0,5,5,0.8,0.2,6,1,3,6,7,18,0,4,1,3,11,0.6,2.2,2,4,4,0,2,2,0.17,0.0,1,1,0,0,1,1,10,15,5,6,-1,14,7,7,1504,1565,-61,54000000,55000000,0,0,0,1
2024,1249491,16,Fecha inválida,Lumezzane,Feralpisalo,1,3,17,5,2,3,13,13,2,0,10,8,7,1.6,1.4,2,5,4,1,3,2,0.6,0.4,22,7,1,2,15,6,1,0,10,5,1,1.0,0.2,6,3,3,4,0,0,1.0,0.25,0,2,2,2,2,0,-5,-9,10,5,5,7,6,1,1589,1584,5,59000000,54000000,0,2,1,0
2024,1249490,16,Fecha inválida,Lecco,Padova,0,3,10,3,1,6,10,14,1,0,6,7,9,1.4,1.8,2,5,4,1,3,3,0.6,0.0,26,8,2,0,17,5,2,0,13,10,3,2.0,0.6,5,5,4,2,3,2,0.8,0.8,2,1,3,3,1,2,-16,-16,20,11,9,7,11,-4,1579,1570,9,59000000,50000000,1,0,1,0
2024,1249496,16,Fecha inválida,Virtus Verona,Pergolettese,1,2,16,4,4,2,16,11,0,2,9,9,7,1.8,1.4,3,7,5,2,3,4,0.5,0.33,11,3,2,5,11,16,0,1,4,5,11,1.0,2.2,3,6,5,1,3,3,0.4,0.2,2,2,4,4,2,2,5,10,8,1,7,8,8,0,1507,1580,-73,57000000,50000000,0,2,1,0
2024,1249488,16,Fecha inválida,Arzignano Valchiampo,Novara,0,2,11,3,2,5,10,11,0,5,0,4,10,0.8,2.0,4,4,4,0,3,3,0.25,0.33,16,4,4,2,14,9,0,1,10,8,4,1.6,0.8,4,6,5,2,3,2,0.6,0.2,1,3,2,2,3,1,-5,-6,19,14,5,8,7,1,1578,1513,65,58000000,53000000,0,0,0,1
2024,1249487,16,Fecha inválida,Alcione,Pro Patria,2,0,21,7,0,3,13,6,6,0,15,10,2,2.0,0.4,4,3,3,3,2,2,0.75,0.67,12,2,6,2,10,10,0,0,9,7,5,1.4,1.0,1,8,3,0,5,2,0.17,0.25,1,2,0,0,2,1,9,7,5,7,-2,8,8,0,1524,1506,18,54000000,56000000,1,2,0,0
2024,1249500,17,Fecha inválida,Feralpisalo,Alcione,1,1,22,7,1,2,16,7,0,1,10,5,2,1.0,0.4,5,4,4,3,1,1,1.0,0.4,21,7,0,3,13,6,5,0,15,9,2,1.8,0.4,4,3,3,3,2,2,0.8,0.6,0,2,0,0,2,0,1,2,5,5,0,6,5,1,1584,1524,60,54000000,54000000,2,1,0,0
2024,1249497,17,Fecha inválida,Albinoleffe,Lecco,0,0,12,3,3,4,8,9,1,0,4,4,7,0.8,1.4,4,2,1,1,1,1,0.25,0.33,7,2,1,7,7,15,0,3,3,5,9,1.0,1.8,2,4,4,1,3,3,0.4,0.0,5,5,1,1,5,5,5,7,20,20,0,7,6,1,1579,1579,0,59000000,59000000,0,1,1,1
2024,1249506,17,Fecha inválida,Renate,Trento,1,1,9,2,3,5,6,12,0,1,4,2,7,0.4,1.4,4,2,3,2,0,1,0.0,0.4,20,5,5,0,12,5,0,0,9,5,2,1.0,0.4,6,4,1,3,2,0,0.6,0.4,4,2,2,2,2,4,-11,-13,16,8,8,7,7,0,1575,1547,28,55000000,57000000,2,2,1,1
2024,1249499,17,Fecha inválida,Caldiero Terme,Arzignano Valchiampo,1,2,6,1,3,6,7,18,0,3,2,3,9,0.6,1.8,2,4,4,1,2,2,0.2,0.0,11,3,2,5,8,10,0,4,3,5,7,1.0,1.4,4,3,3,1,2,3,0.2,0.4,0,1,3,3,1,0,-5,-9,6,19,-13,7,6,1,1565,1578,-13,55000000,58000000,0,0,1,0
2024,1249503,17,Fecha inválida,Novara,Lumezzane,0,0,19,5,4,1,15,7,0,0,11,9,4,1.8,0.8,5,5,4,2,3,2,0.6,0.4,14,4,2,4,11,14,1,0,7,5,6,1.0,1.2,2,5,4,1,2,1,0.5,0.25,0,4,0,0,4,0,5,11,14,10,4,7,7,0,1513,1589,-76,53000000,59000000,0,0,1,1
2024,1249504,17,Fecha inválida,Padova,Triestina,1,1,26,8,2,0,17,4,1,0,11,7,2,1.4,0.4,6,4,4,3,2,1,0.8,0.8,4,0,4,6,3,11,0,0,2,2,6,0.4,1.2,1,3,0,0,2,0,0.0,0.0,6,5,3,3,5,6,22,21,11,18,-7,7,8,-1,1570,1577,-7,50000000,57000000,0,1,0,1
2024,1249501,17,Fecha inválida,Giana Erminio,Pergolettese,0,0,13,4,1,5,11,12,2,0,7,9,8,1.8,1.6,2,4,4,0,4,4,0.4,0.4,14,4,2,4,12,12,1,0,7,5,6,1.0,1.2,3,6,5,2,2,2,0.4,0.4,2,6,2,2,6,2,-1,-1,6,1,5,8,7,1,1565,1580,-15,55000000,50000000,1,2,1,0
2024,1249505,17,Fecha inválida,Pro Patria,PRO Vercelli,1,1,11,2,5,3,9,11,0,0,9,7,5,1.4,1.0,1,7,3,0,5,2,0.2,0.2,9,2,3,5,6,14,1,0,5,5,8,1.0,1.6,2,3,2,0,3,2,0.4,0.0,3,8,5,5,8,3,2,6,7,7,0,7,8,-1,1506,1526,-20,56000000,56000000,2,1,0,0
2024,1249502,17,Fecha inválida,Vicenza Virtus,Virtus Verona,3,0,23,7,2,1,14,4,1,0,10,7,3,1.4,0.6,6,3,3,2,2,2,0.8,0.6,16,4,4,2,16,9,0,1,12,12,4,2.4,0.8,3,7,5,2,3,4,0.4,0.4,6,5,4,4,5,6,7,3,5,8,-3,8,7,1,1584,1507,77,54000000,57000000,0,0,0,1
2024,1249483,15,Fecha inválida,Padova,Atalanta II,3,1,24,7,3,0,14,4,0,0,11,5,1,1.0,0.2,6,4,3,4,1,0,0.6,0.8,19,6,1,3,21,14,2,0,10,14,7,2.8,1.4,3,6,8,1,4,5,0.83,0.25,3,1,0,0,1,3,5,3,11,5,6,3,11,-8,1570,1504,66,50000000,54000000,0,0,0,0
2024,1249509,18,Fecha inválida,Lecco,Caldiero Terme,5,1,8,2,2,6,5,12,0,2,6,4,6,0.8,1.2,3,3,3,2,2,2,0.4,0.0,6,1,3,6,6,17,0,2,5,2,6,0.4,1.2,2,4,4,2,1,1,0.17,0.0,1,1,0,0,1,1,2,4,20,6,14,6,5,1,1579,1565,14,59000000,55000000,1,0,1,1
2024,1249513,18,Fecha inválida,Trento,Novara,1,3,20,5,5,0,12,5,1,0,9,5,2,1.0,0.4,6,4,1,3,2,0,0.75,0.33,19,5,4,1,14,6,3,0,11,8,3,1.6,0.6,6,4,4,3,2,2,0.5,0.5,2,3,1,1,3,2,1,-1,8,14,-6,6,5,1,1547,1513,34,57000000,53000000,2,0,1,1
2024,1249510,18,Fecha inválida,Lumezzane,Pro Patria,1,1,12,3,3,4,10,14,0,1,4,4,8,0.8,1.6,2,5,4,0,2,1,0.4,0.2,11,2,5,3,9,11,2,0,8,6,5,1.2,1.0,1,7,3,0,4,2,0.2,0.2,1,2,1,1,2,1,1,-2,10,7,3,6,5,1,1589,1506,83,59000000,56000000,0,2,1,0
2024,1249516,18,Fecha inválida,Virtus Verona,Giana Erminio,1,1,16,4,4,2,15,10,4,0,13,12,3,2.4,0.6,3,6,5,2,3,3,0.5,0.33,11,3,2,5,9,11,1,0,4,7,8,1.4,1.6,3,3,3,0,3,3,0.2,0.4,0,7,2,2,7,0,5,7,8,6,2,5,5,0,1507,1565,-58,57000000,55000000,0,1,1,1
2024,1249511,18,Fecha inválida,Pergolettese,Renate,0,1,12,3,3,4,9,10,0,1,7,4,4,0.8,0.8,4,5,4,3,1,1,0.25,0.33,10,2,4,4,7,11,1,0,4,2,6,0.4,1.2,4,3,3,2,0,1,0.0,0.4,5,3,4,4,3,5,2,3,1,16,-15,6,7,-1,1580,1575,5,50000000,55000000,2,2,0,1
2024,1249514,18,Fecha inválida,Triestina,Vicenza Virtus,2,0,4,0,4,6,3,11,0,0,2,2,6,0.4,1.2,1,3,0,0,2,0,0.0,0.0,23,7,2,1,16,4,0,1,8,6,3,1.2,0.6,6,3,4,2,2,2,0.8,0.6,3,6,4,4,6,3,-19,-20,18,5,13,6,6,0,1577,1584,-7,57000000,54000000,1,0,1,0
2024,1249512,18,Fecha inválida,PRO Vercelli,Feralpisalo,1,0,7,1,4,5,4,13,0,0,2,2,8,0.4,1.6,2,3,1,0,2,1,0.25,0.0,23,7,2,1,17,7,2,0,13,6,1,1.2,0.2,5,5,4,4,1,1,0.83,0.5,3,2,1,1,2,3,-16,-19,7,5,2,6,8,-2,1526,1584,-58,56000000,54000000,1,2,0,0
2024,1249508,18,Fecha inválida,Arzignano Valchiampo,Atalanta II,3,1,14,4,2,4,10,10,0,3,6,6,6,1.2,1.2,4,4,4,2,2,3,0.2,0.6,16,5,1,4,17,16,1,0,7,9,9,1.8,1.8,3,6,8,1,3,5,0.8,0.2,1,3,0,0,3,1,-2,-1,19,5,14,7,3,4,1578,1504,74,58000000,54000000,0,0,0,0
2024,1249507,18,Fecha inválida,Alcione,Albinoleffe,0,2,19,6,1,3,12,6,4,0,12,7,2,1.4,0.4,4,3,2,3,1,1,0.75,0.5,10,2,4,4,6,9,0,1,2,3,8,0.6,1.6,4,2,1,0,2,1,0.2,0.2,0,1,1,1,1,0,9,9,5,20,-15,8,8,0,1524,1579,-55,54000000,59000000,1,0,0,1
2024,1249498,17,Fecha inválida,Atalanta II,Clodiense,2,1,13,4,1,5,16,18,0,1,7,9,8,1.8,1.6,3,6,8,2,2,4,0.8,0.0,3,0,3,7,8,18,0,2,1,5,12,1.0,2.4,1,7,6,0,5,4,0.0,0.0,1,1,0,0,1,1,10,8,5,10,-5,2,18,-16,1504,1569,-65,54000000,59000000,0,1,0,1
2024,1249526,19,Fecha inválida,Renate,PRO Vercelli,1,0,10,2,4,4,6,11,0,2,1,1,8,0.2,1.6,4,3,3,1,1,2,0.0,0.4,9,2,3,5,4,12,0,0,2,1,7,0.2,1.4,3,2,1,1,1,1,0.4,0.0,4,7,1,1,7,4,1,3,16,7,9,6,5,1,1575,1526,49,55000000,56000000,2,1,1,0
2024,1249522,19,Fecha inválida,Vicenza Virtus,Trento,3,0,23,7,2,1,16,5,0,0,11,7,2,1.4,0.4,6,3,4,3,2,2,0.8,0.6,17,4,5,1,11,8,0,0,9,4,2,0.8,0.4,5,5,2,3,2,0,0.6,0.2,4,1,1,1,1,4,6,8,5,8,-3,5,7,-2,1584,1547,37,54000000,57000000,0,2,0,1
2024,1249523,19,Fecha inválida,Novara,Triestina,2,3,19,5,4,1,14,6,2,0,11,8,3,1.6,0.6,6,4,4,3,2,2,0.4,0.6,6,1,3,6,4,10,0,3,2,1,5,0.2,1.0,2,2,0,1,1,0,0.2,0.0,0,3,3,3,3,0,13,14,14,18,-4,7,6,1,1513,1577,-64,53000000,57000000,0,1,1,1
2024,1249518,19,Fecha inválida,Atalanta II,Lecco,5,2,16,5,1,4,17,16,0,0,7,9,8,1.8,1.6,3,6,8,2,2,4,1.0,0.0,11,3,2,5,10,11,0,1,6,4,5,0.8,1.0,3,4,4,2,2,2,0.6,0.0,1,1,0,0,1,1,5,2,5,20,-15,3,7,-4,1504,1579,-75,54000000,59000000,0,1,0,1
2024,1249521,19,Fecha inválida,Giana Erminio,Alcione,0,2,9,2,3,5,7,11,0,2,1,4,8,0.8,1.6,3,3,2,0,2,2,0.2,0.2,16,5,1,4,10,8,3,0,9,5,3,1.0,0.6,3,3,2,2,1,1,0.6,0.4,1,1,1,1,1,1,-7,-6,6,5,1,7,6,1,1565,1524,41,55000000,54000000,1,1,1,0
2024,1249524,19,Fecha inválida,Padova,Lumezzane,2,0,26,8,2,0,16,4,2,0,13,5,0,1.0,0.0,6,4,4,5,0,0,0.67,1.0,13,3,4,3,11,13,0,0,7,6,7,1.2,1.4,2,6,4,0,3,2,0.4,0.2,3,4,0,0,4,3,13,14,11,10,1,9,7,2,1570,1589,-19,50000000,59000000,0,0,0,1
2024,1249525,19,Fecha inválida,Pro Patria,Pergolettese,1,1,9,1,6,3,8,11,1,0,6,4,4,0.8,0.8,1,7,2,1,3,1,0.2,0.0,12,3,3,4,8,8,0,0,7,4,3,0.8,0.6,4,4,3,3,1,1,0.2,0.4,6,3,4,4,3,6,-3,-3,7,1,6,8,7,1,1506,1580,-74,56000000,50000000,2,2,0,0
2024,1249520,19,Fecha inválida,Feralpisalo,Arzignano Valchiampo,1,1,20,6,2,2,16,8,1,0,13,8,2,1.6,0.4,4,5,4,3,2,2,0.8,0.4,17,5,2,3,13,9,0,2,9,7,4,1.4,0.8,4,5,5,3,2,3,0.4,0.6,2,3,1,1,3,2,3,4,5,19,-14,7,7,0,1584,1578,6,54000000,58000000,2,0,0,0
2024,1249519,19,Fecha inválida,Caldiero Terme,Clodiense,2,2,6,1,3,6,7,19,0,1,5,3,6,0.6,1.2,2,5,4,2,2,1,0.2,0.0,3,0,3,7,8,18,0,1,1,4,11,0.8,2.2,1,7,6,0,4,3,0.0,0.0,1,4,4,4,4,1,3,-2,6,10,-4,8,4,4,1565,1569,-4,55000000,59000000,0,1,1,1
2024,1249517,19,Fecha inválida,Albinoleffe,Virtus Verona,3,1,13,3,4,3,8,8,0,0,5,4,7,0.8,1.4,5,2,1,1,2,1,0.2,0.4,14,3,5,2,13,11,3,0,11,9,3,1.8,0.6,2,7,4,2,3,2,0.4,0.2,4,4,2,2,4,4,-1,-2,20,8,12,7,8,-1,1579,1507,72,59000000,57000000,0,0,1,1
2024,1249515,18,Fecha inválida,Clodiense,Padova,1,2,4,0,4,6,9,18,0,0,1,3,10,0.6,2.0,1,7,6,0,3,2,0.0,0.0,26,8,2,0,17,4,1,0,13,6,1,1.2,0.2,6,4,4,4,1,1,0.67,1.0,0,1,2,2,1,0,-22,-22,10,11,-1,3,4,-1,1569,1570,-1,59000000,50000000,1,0,1,0
2024,1249528,20,Fecha inválida,Alcione,Atalanta II,0,1,16,5,1,4,11,8,2,0,6,4,4,0.8,0.8,3,3,2,1,1,1,0.5,0.5,18,6,0,4,20,16,1,0,9,9,7,1.8,1.4,3,6,8,2,2,4,1.0,0.0,1,0,1,1,0,1,-2,-1,5,5,0,6,6,0,1524,1504,20,54000000,54000000,1,0,0,0
2024,1249529,20,Fecha inválida,Novara,Feralpisalo,0,1,16,4,4,2,15,9,1,0,8,8,5,1.6,1.0,5,5,5,2,3,3,0.33,0.5,18,5,3,2,15,9,0,0,10,8,5,1.6,1.0,3,6,4,2,3,3,0.6,0.4,1,1,2,2,1,1,-2,0,14,5,9,7,5,2,1513,1584,-71,53000000,54000000,0,2,1,0
2024,1249533,20,Fecha inválida,Renate,Pro Patria,1,0,13,3,4,3,7,10,0,1,2,3,9,0.6,1.8,5,3,3,1,2,3,0.2,0.4,7,0,7,3,7,11,0,0,3,3,5,0.6,1.0,1,7,1,1,3,1,0.0,0.0,5,5,4,4,5,5,6,1,16,7,9,7,6,1,1575,1506,69,55000000,56000000,2,2,1,0
2024,1249536,20,Fecha inválida,Lumezzane,Virtus Verona,0,3,12,3,3,4,10,14,1,0,9,6,6,1.2,1.2,2,5,4,1,2,2,0.4,0.2,11,2,5,3,12,13,2,0,9,8,3,1.6,0.6,2,7,4,2,3,1,0.25,0.17,3,0,1,1,0,3,1,-3,10,8,2,6,5,1,1589,1507,82,59000000,57000000,0,0,1,1
2024,1249535,20,Fecha inválida,Arzignano Valchiampo,Triestina,3,0,18,5,3,2,13,8,0,1,10,7,3,1.4,0.6,4,5,4,3,2,2,0.4,0.6,9,2,3,5,7,11,0,2,2,1,5,0.2,1.0,2,3,1,1,1,0,0.2,0.2,3,2,4,4,2,3,9,9,19,18,1,5,7,-2,1578,1577,1,58000000,57000000,0,1,0,1
2024,1249531,20,Fecha inválida,Clodiense,Lecco,1,1,3,0,3,7,9,19,0,4,1,4,11,0.8,2.2,1,7,7,0,3,3,0.0,0.0,11,3,2,5,11,14,1,0,7,4,4,0.8,0.8,3,4,4,2,2,1,0.6,0.0,0,1,1,1,1,0,-8,-7,10,20,-10,2,7,-5,1569,1579,-10,59000000,59000000,1,1,1,1
2024,1249530,20,Fecha inválida,Giana Erminio,Vicenza Virtus,0,0,9,2,3,5,7,12,0,1,4,5,7,1.0,1.4,3,3,2,1,2,2,0.2,0.2,25,8,1,1,18,4,2,0,13,8,1,1.6,0.2,7,2,5,4,1,2,1.0,0.6,0,3,3,3,3,0,-16,-19,6,5,1,7,8,-1,1565,1584,-19,55000000,54000000,1,0,1,0
2024,1249534,20,Fecha inválida,Pergolettese,PRO Vercelli,1,0,12,3,3,4,9,9,0,1,7,5,4,1.0,0.8,3,5,3,2,2,1,0.25,0.33,8,2,2,6,3,12,0,3,4,1,6,0.2,1.2,3,1,1,2,0,1,0.5,0.0,5,4,5,5,4,5,4,9,1,7,-6,7,8,-1,1580,1526,54,50000000,56000000,2,1,0,0
2024,1249527,20,Fecha inválida,Caldiero Terme,Albinoleffe,0,2,7,1,4,5,9,19,0,0,5,3,6,0.6,1.2,2,6,5,2,2,1,0.17,0.0,15,4,3,3,9,7,0,2,4,2,6,0.4,1.2,5,2,1,1,1,0,0.4,0.4,1,0,1,1,0,1,-8,-12,6,20,-14,6,6,0,1565,1579,-14,55000000,59000000,0,0,1,1
2024,1249532,20,Fecha inválida,Trento,Padova,0,1,16,4,4,2,11,11,1,0,11,7,4,1.4,0.8,4,5,3,2,3,1,0.6,0.2,26,8,2,0,18,5,0,0,13,7,2,1.4,0.4,5,5,5,3,2,2,0.67,1.0,0,2,6,6,2,0,-10,-13,8,11,-3,8,3,5,1547,1570,-23,57000000,50000000,2,0,1,0
2024,1249546,21,Fecha inválida,Triestina,Clodiense,3,0,9,2,3,5,7,12,0,1,2,1,5,0.2,1.0,2,3,2,1,1,0,0.25,0.17,4,0,4,6,9,17,0,3,2,3,8,0.6,1.6,1,7,6,1,2,2,0.0,0.0,1,0,1,1,0,1,5,3,18,10,8,14,14,0,1577,1569,8,57000000,59000000,1,1,1,1
2024,1249537,21,Fecha inválida,Virtus Verona,Alcione,1,0,11,2,5,3,13,13,1,0,7,7,4,1.4,0.8,2,7,5,1,4,1,0.25,0.17,13,4,1,5,8,8,1,0,6,3,4,0.6,0.8,3,2,1,1,1,1,0.4,0.4,1,1,0,0,1,1,-2,0,8,5,3,14,14,0,1507,1524,-17,57000000,54000000,0,1,1,0
2024,1249538,21,Fecha inválida,Albinoleffe,Arzignano Valchiampo,1,1,18,5,3,2,11,5,0,1,5,2,4,0.4,0.8,6,2,1,2,1,0,0.4,0.6,21,6,3,1,15,6,3,0,11,6,1,1.2,0.2,5,4,4,4,1,1,0.6,0.6,1,3,2,2,3,1,-3,-3,20,19,1,13,14,-1,1579,1578,1,59000000,58000000,0,0,1,0
2024,1249544,21,Fecha inválida,Feralpisalo,Renate,3,1,20,6,2,2,16,9,3,0,12,10,5,2.0,1.0,3,6,4,2,3,3,0.6,0.6,16,4,4,2,8,6,0,0,3,3,5,0.6,1.0,6,3,2,2,2,2,0.33,0.5,3,2,5,5,2,3,4,5,5,16,-11,14,14,0,1584,1575,9,54000000,55000000,2,2,0,1
2024,1249542,21,Fecha inválida,Atalanta II,Novara,0,0,18,6,0,4,17,16,0,1,9,7,7,1.4,1.4,3,6,7,2,2,3,1.0,0.2,13,3,4,3,13,10,0,0,6,6,5,1.2,1.0,4,5,5,2,3,3,0.17,0.5,2,2,0,0,2,2,5,-2,5,14,-9,14,14,0,1504,1513,-9,54000000,53000000,0,0,0,1
2024,1249539,21,Fecha inválida,Padova,Caldiero Terme,1,0,28,9,1,0,19,5,5,0,15,10,2,2.0,0.4,5,5,5,3,2,3,0.8,1.0,6,1,3,6,8,20,0,0,5,4,7,0.8,1.4,2,5,5,2,2,2,0.17,0.0,2,0,1,1,0,2,22,26,11,6,5,14,14,0,1570,1565,5,50000000,55000000,0,0,0,1
2024,1249545,21,Fecha inválida,Lecco,Trento,1,2,9,2,3,5,11,15,0,1,4,3,5,0.6,1.0,2,5,4,1,2,1,0.5,0.0,13,3,4,3,10,12,0,0,9,6,4,1.2,0.8,3,5,3,2,3,1,0.4,0.2,1,1,4,4,1,1,-4,-2,20,8,12,15,14,1,1579,1547,32,59000000,57000000,1,2,1,1
2024,1249541,21,Fecha inválida,PRO Vercelli,Lumezzane,3,3,8,2,2,6,3,12,0,2,4,1,7,0.2,1.4,3,1,1,2,0,1,0.5,0.0,9,2,3,5,7,15,0,2,7,5,6,1.0,1.2,2,4,4,1,2,2,0.2,0.2,3,1,0,0,1,3,-1,-1,7,10,-3,15,16,-1,1526,1589,-63,56000000,59000000,1,0,0,1
2024,1249540,21,Fecha inválida,Pro Patria,Giana Erminio,1,2,6,0,6,4,6,11,0,0,3,3,5,0.6,1.0,1,6,1,1,3,1,0.0,0.0,10,2,4,4,5,9,0,0,7,4,4,0.8,0.8,4,2,1,2,1,1,0.17,0.25,4,4,2,2,4,4,-4,-1,7,6,1,16,15,1,1506,1565,-59,56000000,55000000,2,1,0,1
2024,1249543,21,Fecha inválida,Vicenza Virtus,Pergolettese,2,0,23,7,2,1,16,3,1,0,13,8,0,1.6,0.0,8,1,4,5,0,1,1.0,0.4,15,4,3,3,10,8,2,0,7,6,5,1.2,1.0,4,5,3,2,3,2,0.4,0.4,5,1,0,0,1,5,8,11,5,1,4,15,15,0,1584,1580,4,54000000,50000000,0,2,0,0
2024,1249556,22,Fecha inválida,Novara,Virtus Verona,3,0,13,3,4,3,11,8,0,0,8,6,3,1.2,0.6,5,4,4,3,2,2,0.17,0.5,11,2,5,3,10,12,0,0,4,4,5,0.8,1.0,3,6,4,1,4,1,0.25,0.17,3,2,2,2,2,3,2,5,14,8,6,6,7,-1,1513,1507,6,53000000,57000000,0,0,1,1
2024,1249554,22,Fecha inválida,Giana Erminio,PRO Vercelli,1,2,12,3,3,4,5,8,0,2,6,2,4,0.4,0.8,4,2,1,2,0,0,0.2,0.4,9,2,3,5,6,12,0,1,4,1,6,0.2,1.2,3,2,1,2,0,0,0.5,0.0,4,3,5,5,3,4,3,3,6,7,-1,5,5,0,1565,1526,39,55000000,56000000,1,1,1,0
2024,1249551,22,Fecha inválida,Lumezzane,Lecco,4,0,10,2,4,4,10,17,0,1,7,6,8,1.2,1.6,2,5,5,1,3,3,0.2,0.2,9,2,3,5,11,15,1,0,4,2,6,0.4,1.2,2,5,4,1,1,1,0.4,0.0,1,1,0,0,1,1,1,-3,10,20,-10,5,5,0,1589,1579,10,59000000,59000000,0,1,1,1
2024,1249555,22,Fecha inválida,Caldiero Terme,Triestina,0,2,5,1,2,7,8,21,1,0,4,4,9,0.8,1.8,1,5,5,1,2,2,0.17,0.0,12,3,3,4,10,11,0,0,2,1,5,0.2,1.0,3,3,3,1,1,0,0.4,0.2,1,0,1,1,0,1,-7,-12,6,18,-12,5,7,-2,1565,1577,-12,55000000,57000000,0,1,1,1
2024,1249550,22,Fecha inválida,Trento,Atalanta II,2,2,15,4,3,3,11,12,0,0,11,7,3,1.4,0.6,3,5,4,3,2,1,0.4,0.4,19,6,1,3,17,13,1,0,9,8,7,1.6,1.4,4,6,6,2,3,3,0.83,0.25,0,3,2,2,3,0,-4,-5,8,5,3,5,6,-1,1547,1504,43,57000000,54000000,2,0,1,0
2024,1249548,22,Fecha inválida,Renate,Alcione,0,1,15,4,3,3,9,9,0,2,5,4,5,0.8,1.0,5,4,3,2,2,2,0.4,0.4,10,3,1,6,7,9,0,3,6,4,4,0.8,0.8,2,2,1,1,1,1,0.25,0.33,1,0,1,1,0,1,5,2,16,5,11,7,7,0,1575,1524,51,55000000,54000000,2,1,1,0
2024,1249549,22,Fecha inválida,Padova,Arzignano Valchiampo,0,0,28,9,1,0,18,5,4,0,13,9,3,1.8,0.6,5,5,5,2,3,3,0.83,1.0,19,5,4,1,13,7,2,0,8,3,3,0.6,0.6,4,5,3,3,1,0,0.6,0.4,5,3,0,0,3,5,9,7,11,19,-8,6,7,-1,1570,1578,-8,50000000,58000000,0,0,0,0
2024,1249547,22,Fecha inválida,Vicenza Virtus,Albinoleffe,0,0,23,7,2,1,15,3,0,0,13,7,1,1.4,0.2,8,1,3,4,1,1,1.0,0.4,19,5,4,1,12,4,0,0,8,4,2,0.8,0.4,6,3,1,3,1,0,0.4,0.6,2,8,0,0,8,2,4,4,5,20,-15,5,7,-2,1584,1579,5,54000000,59000000,0,0,0,1
2024,1249553,22,Fecha inválida,Feralpisalo,Pro Patria,0,0,20,6,2,2,17,9,2,0,12,11,5,2.2,1.0,3,6,4,2,3,3,0.6,0.6,5,0,5,5,6,12,0,1,2,2,6,0.4,1.2,1,6,2,1,2,1,0.0,0.0,2,3,2,2,3,2,15,14,5,7,-2,8,6,2,1584,1506,78,54000000,56000000,2,2,0,0
2024,1249552,22,Fecha inválida,Clodiense,Pergolettese,0,0,4,0,4,6,8,16,0,2,2,3,6,0.6,1.2,1,6,6,1,2,2,0.0,0.0,12,3,3,4,9,10,1,0,7,7,6,1.4,1.2,3,5,3,1,4,3,0.25,0.33,0,2,0,0,2,0,-8,-7,10,1,9,8,6,2,1569,1580,-11,59000000,50000000,1,2,1,0
2024,1249561,23,Fecha inválida,Lecco,Novara,0,0,6,1,3,6,10,19,0,1,2,1,6,0.2,1.2,1,5,5,1,1,1,0.25,0.0,15,4,3,3,14,8,1,0,8,6,3,1.2,0.6,5,4,5,3,2,2,0.33,0.5,4,2,2,2,2,4,-9,-15,20,14,6,6,6,0,1579,1513,66,59000000,53000000,1,0,1,1
2024,1249558,23,Fecha inválida,PRO Vercelli,Caldiero Terme,0,0,12,3,3,4,8,11,0,0,5,2,5,0.4,1.0,3,3,2,2,1,0,0.5,0.17,2,0,2,8,7,23,0,2,1,4,11,0.8,2.2,0,5,5,0,3,3,0.0,0.0,0,1,1,1,1,0,10,13,7,6,1,7,7,0,1526,1565,-39,56000000,55000000,1,0,0,1
2024,1249563,23,Fecha inválida,Giana Erminio,Renate,0,0,12,3,3,4,6,9,0,1,7,2,3,0.4,0.6,4,3,2,3,0,0,0.17,0.5,15,4,3,3,9,9,0,1,6,5,5,1.0,1.0,5,4,3,2,3,2,0.33,0.5,5,3,7,7,3,5,-3,-3,6,16,-10,7,6,1,1565,1575,-10,55000000,55000000,1,2,1,1
2024,1249559,23,Fecha inválida,Virtus Verona,Feralpisalo,0,0,10,2,4,4,9,14,0,0,3,3,7,0.6,1.4,3,5,5,1,3,2,0.25,0.17,20,6,2,2,17,9,2,0,12,11,5,2.2,1.0,3,6,4,2,3,3,0.6,0.6,4,4,5,5,4,4,-10,-13,8,5,3,7,13,-6,1507,1584,-77,57000000,54000000,0,2,1,0
2024,1249565,23,Fecha inválida,Atalanta II,Triestina,0,0,17,5,2,3,17,15,0,1,6,7,10,1.4,2.0,3,7,7,1,4,4,0.8,0.2,14,4,2,4,11,10,0,0,2,1,5,0.2,1.0,4,2,3,1,1,0,0.5,0.33,2,2,0,0,2,2,3,1,5,18,-13,7,7,0,1504,1577,-73,54000000,57000000,0,1,0,1
2024,1249564,23,Fecha inválida,Arzignano Valchiampo,Trento,0,0,17,4,5,1,12,7,1,0,8,4,4,0.8,0.8,4,5,3,2,2,1,0.5,0.33,15,4,3,3,12,13,2,0,11,7,3,1.4,0.6,3,5,5,3,2,1,0.4,0.4,1,4,2,2,4,1,2,6,19,8,11,7,8,-1,1578,1547,31,58000000,57000000,0,2,0,1
2024,1249557,23,Fecha inválida,Pergolettese,Albinoleffe,0,0,12,3,3,4,9,10,1,0,7,7,6,1.4,1.2,3,5,3,1,4,3,0.25,0.33,19,5,4,1,11,3,1,0,8,3,1,0.6,0.2,7,2,1,4,0,0,0.4,0.6,4,4,4,4,4,4,-7,-9,1,20,-19,12,7,5,1580,1579,1,50000000,59000000,2,0,0,1
2024,1249562,23,Fecha inválida,Alcione,Padova,0,0,13,4,1,5,8,8,0,2,7,5,4,1.0,0.8,3,2,1,1,2,1,0.25,0.5,26,8,2,0,17,5,3,0,13,11,4,2.2,0.8,5,5,5,1,4,4,0.67,1.0,0,1,1,1,1,0,-13,-12,5,11,-6,7,7,0,1524,1570,-46,54000000,50000000,1,0,0,0
2024,1249566,23,Fecha inválida,Lumezzane,Clodiense,0,0,13,3,4,3,14,15,2,0,8,6,6,1.2,1.2,3,5,6,2,3,3,0.4,0.2,4,0,4,6,8,16,0,2,2,3,6,0.6,1.2,1,6,6,1,2,2,0.0,0.0,1,2,0,0,2,1,9,7,10,10,0,8,15,-7,1589,1569,20,59000000,59000000,0,1,1,1
2024,1249560,23,Fecha inválida,Pro Patria,Vicenza Virtus,0,0,5,0,5,5,6,12,0,1,2,2,6,0.4,1.2,1,6,2,1,2,1,0.0,0.0,23,7,2,1,15,3,5,0,15,10,1,2.0,0.2,8,1,3,4,1,2,0.83,0.5,1,2,5,5,2,1,-18,-18,7,5,2,13,7,6,1506,1584,-78,56000000,54000000,2,0,0,0
2024,1249572,24,Fecha inválida,Feralpisalo,Pergolettese,0,0,20,6,2,2,17,9,2,0,12,11,5,2.2,1.0,3,6,4,2,3,3,0.6,0.6,12,3,3,4,9,10,1,0,7,7,6,1.4,1.2,3,5,3,1,4,3,0.25,0.33,4,3,0,0,3,4,8,9,5,1,4,20,18,2,1584,1580,4,54000000,50000000,2,2,0,0
2024,1249573,24,Fecha inválida,Novara,Pro Patria,0,0,15,4,3,3,14,8,1,0,8,6,3,1.2,0.6,5,4,5,3,2,2,0.33,0.5,5,0,5,5,6,12,0,1,2,2,6,0.4,1.2,1,6,2,1,2,1,0.0,0.0,3,5,4,4,5,3,10,12,14,7,7,14,19,-5,1513,1506,7,53000000,56000000,0,2,1,0
2024,1249576,24,Fecha inválida,Renate,Virtus Verona,0,0,15,4,3,3,9,9,0,1,6,5,5,1.0,1.0,5,4,3,2,3,2,0.33,0.5,10,2,4,4,9,14,0,0,3,3,7,0.6,1.4,3,5,5,1,3,2,0.25,0.17,3,5,2,2,5,3,5,5,16,8,8,13,14,-1,1575,1507,68,55000000,57000000,2,0,1,1
2024,1249568,24,Fecha inválida,Clodiense,Arzignano Valchiampo,0,0,4,0,4,6,8,16,0,2,2,3,6,0.6,1.2,1,6,6,1,2,2,0.0,0.0,17,4,5,1,12,7,1,0,8,4,4,0.8,0.8,4,5,3,2,2,1,0.5,0.33,0,3,1,1,3,0,-13,-13,10,19,-9,21,13,8,1569,1578,-9,59000000,58000000,1,0,1,0
2024,1249571,24,Fecha inválida,Atalanta II,Lumezzane,0,0,17,5,2,3,17,15,0,1,6,7,10,1.4,2.0,3,7,7,1,4,4,0.8,0.2,13,3,4,3,14,15,2,0,8,6,6,1.2,1.2,3,5,6,2,3,3,0.4,0.2,2,2,1,1,2,2,4,3,5,10,-5,14,14,0,1504,1589,-85,54000000,59000000,0,0,0,1
2024,1249574,24,Fecha inválida,Padova,PRO Vercelli,0,0,26,8,2,0,17,5,3,0,13,11,4,2.2,0.8,5,5,5,1,4,4,0.67,1.0,12,3,3,4,8,11,0,0,5,2,5,0.4,1.0,3,3,2,2,1,0,0.5,0.17,5,1,2,2,1,5,14,15,11,7,4,13,14,-1,1570,1526,44,50000000,56000000,0,1,0,0
2024,1249567,24,Fecha inválida,Vicenza Virtus,Alcione,0,0,23,7,2,1,15,3,5,0,15,10,1,2.0,0.2,8,1,3,4,1,2,0.83,0.5,13,4,1,5,8,8,0,2,7,5,4,1.0,0.8,3,2,1,1,2,1,0.25,0.5,1,1,0,0,1,1,10,12,5,5,0,14,14,0,1584,1524,60,54000000,54000000,0,1,0,0
2024,1249570,24,Fecha inválida,Triestina,Lecco,0,0,14,4,2,4,11,10,0,0,2,1,5,0.2,1.0,4,2,3,1,1,0,0.5,0.33,6,1,3,6,10,19,0,1,2,1,6,0.2,1.2,1,5,5,1,1,1,0.25,0.0,1,2,3,3,2,1,8,10,18,20,-2,15,15,0,1577,1579,-2,57000000,59000000,1,1,1,1
2024,1249569,24,Fecha inválida,Albinoleffe,Giana Erminio,0,0,19,5,4,1,11,3,1,0,8,3,1,0.6,0.2,7,2,1,4,0,0,0.4,0.6,12,3,3,4,6,9,0,1,7,2,3,0.4,0.6,4,3,2,3,0,0,0.17,0.5,7,5,2,2,5,7,7,11,20,6,14,14,15,-1,1579,1565,14,59000000,55000000,0,1,1,1
2024,1249575,24,Fecha inválida,Caldiero Terme,Trento,0,0,2,0,2,8,7,23,0,2,1,4,11,0.8,2.2,0,5,5,0,3,3,0.0,0.0,15,4,3,3,12,13,2,0,11,7,3,1.4,0.6,3,5,5,3,2,1,0.4,0.4,1,1,1,1,1,1,-13,-15,6,8,-2,15,15,0,1565,1547,18,55000000,57000000,0,2,1,1
2024,1249577,25,Fecha inválida,Pro Patria,Albinoleffe,0,0,5,0,5,5,6,12,0,1,2,2,6,0.4,1.2,1,6,2,1,2,1,0.0,0.0,19,5,4,1,11,3,1,0,8,3,1,0.6,0.2,7,2,1,4,0,0,0.4,0.6,2,7,5,5,7,2,-14,-14,7,20,-13,26,20,6,1506,1579,-73,56000000,59000000,2,0,0,1
2024,1249582,25,Fecha inválida,Arzignano Valchiampo,Lecco,0,0,17,4,5,1,12,7,1,0,8,4,4,0.8,0.8,4,5,3,2,2,1,0.5,0.33,6,1,3,6,10,19,0,1,2,1,6,0.2,1.2,1,5,5,1,1,1,0.25,0.0,0,1,3,3,1,0,11,14,19,20,-1,20,21,-1,1578,1579,-1,58000000,59000000,0,1,0,1
2024,1249581,25,Fecha inválida,Renate,Vicenza Virtus,0,0,15,4,3,3,9,9,0,1,6,5,5,1.0,1.0,5,4,3,2,3,2,0.33,0.5,23,7,2,1,15,3,5,0,15,10,1,2.0,0.2,8,1,3,4,1,2,0.83,0.5,3,4,3,3,4,3,-8,-12,16,5,11,21,20,1,1575,1584,-9,55000000,54000000,2,0,1,0
2024,1249586,25,Fecha inválida,Trento,Clodiense,0,0,15,4,3,3,12,13,2,0,11,7,3,1.4,0.6,3,5,5,3,2,1,0.4,0.4,4,0,4,6,8,16,0,2,2,3,6,0.6,1.2,1,6,6,1,2,2,0.0,0.0,0,2,0,0,2,0,11,7,8,10,-2,21,28,-7,1547,1569,-22,57000000,59000000,2,1,1,1
2024,1249584,25,Fecha inválida,Virtus Verona,Padova,0,0,10,2,4,4,9,14,0,0,3,3,7,0.6,1.4,3,5,5,1,3,2,0.25,0.17,26,8,2,0,17,5,3,0,13,11,4,2.2,0.8,5,5,5,1,4,4,0.67,1.0,2,5,6,6,5,2,-16,-17,8,11,-3,21,20,1,1507,1570,-63,57000000,50000000,0,0,1,0
2024,1249579,25,Fecha inválida,Alcione,Caldiero Terme,0,0,13,4,1,5,8,8,0,2,7,5,4,1.0,0.8,3,2,1,1,2,1,0.25,0.5,2,0,2,8,7,23,0,2,1,4,11,0.8,2.2,0,5,5,0,3,3,0.0,0.0,1,1,1,1,1,1,11,16,5,6,-1,21,21,0,1524,1565,-41,54000000,55000000,1,0,0,1
2024,1249583,25,Fecha inválida,PRO Vercelli,Novara,0,0,12,3,3,4,8,11,0,0,5,2,5,0.4,1.0,3,3,2,2,1,0,0.5,0.17,15,4,3,3,14,8,1,0,8,6,3,1.2,0.6,5,4,5,3,2,2,0.33,0.5,6,7,3,3,7,6,-3,-9,7,14,-7,21,21,0,1526,1513,13,56000000,53000000,1,0,0,1
2024,1249578,25,Fecha inválida,Pergolettese,Atalanta II,0,0,12,3,3,4,9,10,1,0,7,7,6,1.4,1.2,3,5,3,1,4,3,0.25,0.33,17,5,2,3,17,15,0,1,6,7,10,1.4,2.0,3,7,7,1,4,4,0.8,0.2,1,1,2,2,1,1,-5,-3,1,5,-4,26,22,4,1580,1504,76,50000000,54000000,2,0,0,0
2024,1249580,25,Fecha inválida,Giana Erminio,Feralpisalo,0,0,12,3,3,4,6,9,0,1,7,2,3,0.4,0.6,4,3,2,3,0,0,0.17,0.5,20,6,2,2,17,9,2,0,12,11,5,2.2,1.0,3,6,4,2,3,3,0.6,0.6,1,2,3,3,2,1,-8,-11,6,5,1,22,29,-7,1565,1584,-19,55000000,54000000,1,2,1,0
2024,1249585,25,Fecha inválida,Lumezzane,Triestina,0,0,13,3,4,3,14,15,2,0,8,6,6,1.2,1.2,3,5,6,2,3,3,0.4,0.2,14,4,2,4,11,10,0,0,2,1,5,0.2,1.0,4,2,3,1,1,0,0.5,0.33,2,1,1,1,1,2,-1,-2,10,18,-8,22,22,0,1589,1577,12,59000000,57000000,0,1,1,1
2024,1249590,26,Fecha inválida,Arzignano Valchiampo,Lumezzane,0,0,17,4,5,1,12,7,1,0,8,4,4,0.8,0.8,4,5,3,2,2,1,0.5,0.33,13,3,4,3,14,15,2,0,8,6,6,1.2,1.2,3,5,6,2,3,3,0.4,0.2,1,2,2,2,2,1,4,6,19,10,9,27,28,-1,1578,1589,-11,58000000,59000000,0,0,0,1
2024,1249591,26,Fecha inválida,Caldiero Terme,Pergolettese,0,0,2,0,2,8,7,23,0,2,1,4,11,0.8,2.2,0,5,5,0,3,3,0.0,0.0,12,3,3,4,9,10,1,0,7,7,6,1.4,1.2,3,5,3,1,4,3,0.25,0.33,0,1,1,1,1,0,-10,-15,6,1,5,28,33,-5,1565,1580,-15,55000000,50000000,0,2,1,0
2024,1249588,26,Fecha inválida,Clodiense,Giana Erminio,0,0,4,0,4,6,8,16,0,2,2,3,6,0.6,1.2,1,6,6,1,2,2,0.0,0.0,12,3,3,4,6,9,0,1,7,2,3,0.4,0.6,4,3,2,3,0,0,0.17,0.5,0,1,1,1,1,0,-8,-5,10,6,4,35,28,7,1569,1565,4,59000000,55000000,1,1,1,1
2024,1249596,26,Fecha inválida,Atalanta II,Virtus Verona,0,0,17,5,2,3,17,15,0,1,6,7,10,1.4,2.0,3,7,7,1,4,4,0.8,0.2,10,2,4,4,9,14,0,0,3,3,7,0.6,1.4,3,5,5,1,3,2,0.25,0.17,2,1,1,1,1,2,7,7,5,8,-3,28,28,0,1504,1507,-3,54000000,57000000,0,0,0,1
2024,1249587,26,Fecha inválida,Novara,Alcione,0,0,15,4,3,3,14,8,1,0,8,6,3,1.2,0.6,5,4,5,3,2,2,0.33,0.5,13,4,1,5,8,8,0,2,7,5,4,1.0,0.8,3,2,1,1,2,1,0.25,0.5,0,1,1,1,1,0,2,6,14,5,9,29,28,1,1513,1524,-11,53000000,54000000,0,1,1,0
2024,1249592,26,Fecha inválida,Padova,Pro Patria,0,0,26,8,2,0,17,5,3,0,13,11,4,2.2,0.8,5,5,5,1,4,4,0.67,1.0,5,0,5,5,6,12,0,1,2,2,6,0.4,1.2,1,6,2,1,2,1,0.0,0.0,5,3,0,0,3,5,21,18,11,7,4,28,34,-6,1570,1506,64,50000000,56000000,0,2,0,0
2024,1249589,26,Fecha inválida,Feralpisalo,Vicenza Virtus,0,0,20,6,2,2,17,9,2,0,12,11,5,2.2,1.0,3,6,4,2,3,3,0.6,0.6,23,7,2,1,15,3,5,0,15,10,1,2.0,0.2,8,1,3,4,1,2,0.83,0.5,4,3,5,5,3,4,-3,-4,5,5,0,35,28,7,1584,1584,0,54000000,54000000,2,0,0,0
2024,1249594,26,Fecha inválida,Albinoleffe,Renate,0,0,19,5,4,1,11,3,1,0,8,3,1,0.6,0.2,7,2,1,4,0,0,0.4,0.6,15,4,3,3,9,9,0,1,6,5,5,1.0,1.0,5,4,3,2,3,2,0.33,0.5,9,4,4,4,4,9,4,8,20,16,4,28,29,-1,1579,1575,4,59000000,55000000,0,2,1,1
2024,1249593,26,Fecha inválida,Lecco,PRO Vercelli,0,0,6,1,3,6,10,19,0,1,2,1,6,0.2,1.2,1,5,5,1,1,1,0.25,0.0,12,3,3,4,8,11,0,0,5,2,5,0.4,1.0,3,3,2,2,1,0,0.5,0.17,4,5,2,2,5,4,-6,-6,20,7,13,29,29,0,1579,1526,53,59000000,56000000,1,1,1,0
2024,1249595,26,Fecha inválida,Triestina,Trento,0,0,14,4,2,4,11,10,0,0,2,1,5,0.2,1.0,4,2,3,1,1,0,0.5,0.33,15,4,3,3,12,13,2,0,11,7,3,1.4,0.6,3,5,5,3,2,1,0.4,0.4,1,4,5,5,4,1,-1,2,18,8,10,30,30,0,1577,1547,30,57000000,57000000,1,2,1,1
2024,1249605,27,Fecha inválida,PRO Vercelli,Triestina,0,0,12,3,3,4,8,11,0,0,5,2,5,0.4,1.0,3,3,2,2,1,0,0.5,0.17,14,4,2,4,11,10,0,0,2,1,5,0.2,1.0,4,2,3,1,1,0,0.5,0.33,1,3,4,4,3,1,-2,-4,7,18,-11,35,35,0,1526,1577,-51,56000000,57000000,1,1,0,1
2024,1249601,27,Fecha inválida,Renate,Lecco,0,0,15,4,3,3,9,9,0,1,6,5,5,1.0,1.0,5,4,3,2,3,2,0.33,0.5,6,1,3,6,10,19,0,1,2,1,6,0.2,1.2,1,5,5,1,1,1,0.25,0.0,4,2,4,4,2,4,9,9,16,20,-4,35,35,0,1575,1579,-4,55000000,59000000,2,1,1,1
2024,1249606,27,Fecha inválida,Pro Patria,Clodiense,0,0,5,0,5,5,6,12,0,1,2,2,6,0.4,1.2,1,6,2,1,2,1,0.0,0.0,4,0,4,6,8,16,0,2,2,3,6,0.6,1.2,1,6,6,1,2,2,0.0,0.0,1,1,0,0,1,1,1,2,7,10,-3,40,42,-2,1506,1569,-63,56000000,59000000,2,1,0,1
2024,1249603,27,Fecha inválida,Pergolettese,Novara,0,0,12,3,3,4,9,10,1,0,7,7,6,1.4,1.2,3,5,3,1,4,3,0.25,0.33,15,4,3,3,14,8,1,0,8,6,3,1.2,0.6,5,4,5,3,2,2,0.33,0.5,3,5,2,2,5,3,-3,-7,1,14,-13,40,35,5,1580,1513,67,50000000,53000000,2,0,0,1
2024,1249597,27,Fecha inválida,Alcione,Arzignano Valchiampo,0,0,13,4,1,5,8,8,0,2,7,5,4,1.0,0.8,3,2,1,1,2,1,0.25,0.5,17,4,5,1,12,7,1,0,8,4,4,0.8,0.8,4,5,3,2,2,1,0.5,0.33,1,1,0,0,1,1,-4,-5,5,19,-14,35,34,1,1524,1578,-54,54000000,58000000,1,0,0,0
2024,1249604,27,Fecha inválida,Vicenza Virtus,Padova,0,0,23,7,2,1,15,3,5,0,15,10,1,2.0,0.2,8,1,3,4,1,2,0.83,0.5,26,8,2,0,17,5,3,0,13,11,4,2.2,0.8,5,5,5,1,4,4,0.67,1.0,2,6,4,4,6,2,-3,0,5,11,-6,35,35,0,1584,1570,14,54000000,50000000,0,0,0,0
2024,1249602,27,Fecha inválida,Trento,Lumezzane,0,0,15,4,3,3,12,13,2,0,11,7,3,1.4,0.6,3,5,5,3,2,1,0.4,0.4,13,3,4,3,14,15,2,0,8,6,6,1.2,1.2,3,5,6,2,3,3,0.4,0.2,2,2,0,0,2,2,2,0,8,10,-2,36,36,0,1547,1589,-42,57000000,59000000,2,0,1,1
2024,1249598,27,Fecha inválida,Giana Erminio,Atalanta II,0,0,12,3,3,4,6,9,0,1,7,2,3,0.4,0.6,4,3,2,3,0,0,0.17,0.5,17,5,2,3,17,15,0,1,6,7,10,1.4,2.0,3,7,7,1,4,4,0.8,0.2,1,2,1,1,2,1,-5,-5,6,5,1,36,36,0,1565,1504,61,55000000,54000000,1,0,1,0
2024,1249600,27,Fecha inválida,Albinoleffe,Feralpisalo,0,0,19,5,4,1,11,3,1,0,8,3,1,0.6,0.2,7,2,1,4,0,0,0.4,0.6,20,6,2,2,17,9,2,0,12,11,5,2.2,1.0,3,6,4,2,3,3,0.6,0.6,2,3,7,7,3,2,-1,0,20,5,15,35,43,-8,1579,1584,-5,59000000,54000000,0,2,1,0
2024,1249599,27,Fecha inválida,Virtus Verona,Caldiero Terme,0,0,10,2,4,4,9,14,0,0,3,3,7,0.6,1.4,3,5,5,1,3,2,0.25,0.17,2,0,2,8,7,23,0,2,1,4,11,0.8,2.2,0,5,5,0,3,3,0.0,0.0,1,2,0,0,2,1,8,11,8,6,2,37,37,0,1507,1565,-58,57000000,55000000,0,0,1,1
2024,1249612,28,Fecha inválida,Trento,Pergolettese,0,0,15,4,3,3,12,13,2,0,11,7,3,1.4,0.6,3,5,5,3,2,1,0.4,0.4,12,3,3,4,9,10,1,0,7,7,6,1.4,1.2,3,5,3,1,4,3,0.25,0.33,0,3,5,5,3,0,3,0,8,1,7,41,46,-5,1547,1580,-33,57000000,50000000,2,2,1,0
2024,1249608,28,Fecha inválida,Triestina,Alcione,0,0,14,4,2,4,11,10,0,0,2,1,5,0.2,1.0,4,2,3,1,1,0,0.5,0.33,13,4,1,5,8,8,0,2,7,5,4,1.0,0.8,3,2,1,1,2,1,0.25,0.5,0,1,1,1,1,0,1,1,18,5,13,42,41,1,1577,1524,53,57000000,54000000,1,1,1,0
2024,1249616,28,Fecha inválida,Arzignano Valchiampo,Virtus Verona,0,0,17,4,5,1,12,7,1,0,8,4,4,0.8,0.8,4,5,3,2,2,1,0.5,0.33,10,2,4,4,9,14,0,0,3,3,7,0.6,1.4,3,5,5,1,3,2,0.25,0.17,0,5,3,3,5,0,7,10,19,8,11,41,42,-1,1578,1507,71,58000000,57000000,0,0,0,1
2024,1249609,28,Fecha inválida,Caldiero Terme,Feralpisalo,0,0,2,0,2,8,7,23,0,2,1,4,11,0.8,2.2,0,5,5,0,3,3,0.0,0.0,20,6,2,2,17,9,2,0,12,11,5,2.2,1.0,3,6,4,2,3,3,0.6,0.6,0,1,1,1,1,0,-18,-24,6,5,1,42,48,-6,1565,1584,-19,55000000,54000000,0,2,1,0
2024,1249613,28,Fecha inválida,Lecco,Pro Patria,0,0,6,1,3,6,10,19,0,1,2,1,6,0.2,1.2,1,5,5,1,1,1,0.25,0.0,5,0,5,5,6,12,0,1,2,2,6,0.4,1.2,1,6,2,1,2,1,0.0,0.0,2,3,6,6,3,2,1,-3,20,7,13,42,47,-5,1579,1506,73,59000000,56000000,1,2,1,0
2024,1249614,28,Fecha inválida,Clodiense,PRO Vercelli,0,0,4,0,4,6,8,16,0,2,2,3,6,0.6,1.2,1,6,6,1,2,2,0.0,0.0,12,3,3,4,8,11,0,0,5,2,5,0.4,1.0,3,3,2,2,1,0,0.5,0.17,0,2,0,0,2,0,-8,-5,10,7,3,50,43,7,1569,1526,43,59000000,56000000,1,1,1,0
2024,1249615,28,Fecha inválida,Novara,Renate,0,0,15,4,3,3,14,8,1,0,8,6,3,1.2,0.6,5,4,5,3,2,2,0.33,0.5,15,4,3,3,9,9,0,1,6,5,5,1.0,1.0,5,4,3,2,3,2,0.33,0.5,3,6,3,3,6,3,0,6,14,16,-2,43,43,0,1513,1575,-62,53000000,55000000,0,2,1,1
2024,1249611,28,Fecha inválida,Lumezzane,Vicenza Virtus,0,0,13,3,4,3,14,15,2,0,8,6,6,1.2,1.2,3,5,6,2,3,3,0.4,0.2,23,7,2,1,15,3,5,0,15,10,1,2.0,0.2,8,1,3,4,1,2,0.83,0.5,1,2,1,1,2,1,-10,-13,10,5,5,43,42,1,1589,1584,5,59000000,54000000,0,0,1,0
2024,1249610,28,Fecha inválida,Padova,Giana Erminio,0,0,26,8,2,0,17,5,3,0,13,11,4,2.2,0.8,5,5,5,1,4,4,0.67,1.0,12,3,3,4,6,9,0,1,7,2,3,0.4,0.6,4,3,2,3,0,0,0.17,0.5,4,2,1,1,2,4,14,15,11,6,5,42,43,-1,1570,1565,5,50000000,55000000,0,1,0,1
2024,1249607,28,Fecha inválida,Atalanta II,Albinoleffe,0,0,17,5,2,3,17,15,0,1,6,7,10,1.4,2.0,3,7,7,1,4,4,0.8,0.2,19,5,4,1,11,3,1,0,8,3,1,0.6,0.2,7,2,1,4,0,0,0.4,0.6,1,3,0,0,3,1,-2,-6,5,20,-15,44,43,1,1504,1579,-75,54000000,59000000,0,0,0,1
2024,1249621,29,Fecha inválida,Giana Erminio,Lumezzane,0,0,12,3,3,4,6,9,0,1,7,2,3,0.4,0.6,4,3,2,3,0,0,0.17,0.5,13,3,4,3,14,15,2,0,8,6,6,1.2,1.2,3,5,6,2,3,3,0.4,0.2,2,1,1,1,1,2,-1,-2,6,10,-4,48,48,0,1565,1589,-24,55000000,59000000,1,0,1,1
2024,1249626,29,Fecha inválida,Alcione,Clodiense,0,0,13,4,1,5,8,8,0,2,7,5,4,1.0,0.8,3,2,1,1,2,1,0.25,0.5,4,0,4,6,8,16,0,2,2,3,6,0.6,1.2,1,6,6,1,2,2,0.0,0.0,1,1,1,1,1,1,9,8,5,10,-5,48,55,-7,1524,1569,-45,54000000,59000000,1,1,0,1
2024,1249624,29,Fecha inválida,PRO Vercelli,Trento,0,0,12,3,3,4,8,11,0,0,5,2,5,0.4,1.0,3,3,2,2,1,0,0.5,0.17,15,4,3,3,12,13,2,0,11,7,3,1.4,0.6,3,5,5,3,2,1,0.4,0.4,1,3,4,4,3,1,-3,-2,7,8,-1,49,49,0,1526,1547,-21,56000000,57000000,1,2,0,1
2024,1249619,29,Fecha inválida,Pro Patria,Caldiero Terme,0,0,5,0,5,5,6,12,0,1,2,2,6,0.4,1.2,1,6,2,1,2,1,0.0,0.0,2,0,2,8,7,23,0,2,1,4,11,0.8,2.2,0,5,5,0,3,3,0.0,0.0,0,2,0,0,2,0,3,10,7,6,1,54,49,5,1506,1565,-59,56000000,55000000,2,0,0,1
2024,1249625,29,Fecha inválida,Virtus Verona,Triestina,0,0,10,2,4,4,9,14,0,0,3,3,7,0.6,1.4,3,5,5,1,3,2,0.25,0.17,14,4,2,4,11,10,0,0,2,1,5,0.2,1.0,4,2,3,1,1,0,0.5,0.33,4,6,6,6,6,4,-4,-6,8,18,-10,49,49,0,1507,1577,-70,57000000,57000000,0,1,1,1
2024,1249620,29,Fecha inválida,Pergolettese,Lecco,0,0,12,3,3,4,9,10,1,0,7,7,6,1.4,1.2,3,5,3,1,4,3,0.25,0.33,6,1,3,6,10,19,0,1,2,1,6,0.2,1.2,1,5,5,1,1,1,0.25,0.0,2,2,6,6,2,2,6,8,1,20,-19,54,49,5,1580,1579,1,50000000,59000000,2,1,0,1
2024,1249622,29,Fecha inválida,Albinoleffe,Novara,0,0,19,5,4,1,11,3,1,0,8,3,1,0.6,0.2,7,2,1,4,0,0,0.4,0.6,15,4,3,3,14,8,1,0,8,6,3,1.2,0.6,5,4,5,3,2,2,0.33,0.5,4,5,2,2,5,4,4,2,20,14,6,49,50,-1,1579,1513,66,59000000,53000000,0,0,1,1
2024,1249617,29,Fecha inválida,Vicenza Virtus,Arzignano Valchiampo,0,0,23,7,2,1,15,3,5,0,15,10,1,2.0,0.2,8,1,3,4,1,2,0.83,0.5,17,4,5,1,12,7,1,0,8,4,4,0.8,0.8,4,5,3,2,2,1,0.5,0.33,7,3,1,1,3,7,6,7,5,19,-14,49,49,0,1584,1578,6,54000000,58000000,0,0,0,0
2024,1249623,29,Fecha inválida,Feralpisalo,Padova,0,0,20,6,2,2,17,9,2,0,12,11,5,2.2,1.0,3,6,4,2,3,3,0.6,0.6,26,8,2,0,17,5,3,0,13,11,4,2.2,0.8,5,5,5,1,4,4,0.67,1.0,4,7,5,5,7,4,-6,-4,5,11,-6,57,49,8,1584,1570,14,54000000,50000000,2,0,0,0
2024,1249618,29,Fecha inválida,Renate,Atalanta II,0,0,15,4,3,3,9,9,0,1,6,5,5,1.0,1.0,5,4,3,2,3,2,0.33,0.5,17,5,2,3,17,15,0,1,6,7,10,1.4,2.0,3,7,7,1,4,4,0.8,0.2,1,2,1,1,2,1,-2,-2,16,5,11,51,51,0,1575,1504,71,55000000,54000000,2,0,1,0
2024,1249631,30,Fecha inválida,Atalanta II,Vicenza Virtus,0,0,17,5,2,3,17,15,0,1,6,7,10,1.4,2.0,3,7,7,1,4,4,0.8,0.2,23,7,2,1,15,3,5,0,15,10,1,2.0,0.2,8,1,3,4,1,2,0.83,0.5,0,1,4,4,1,0,-6,-10,5,5,0,56,55,1,1504,1584,-80,54000000,54000000,0,0,0,0
2024,1249629,30,Fecha inválida,Lecco,Feralpisalo,0,0,6,1,3,6,10,19,0,1,2,1,6,0.2,1.2,1,5,5,1,1,1,0.25,0.0,20,6,2,2,17,9,2,0,12,11,5,2.2,1.0,3,6,4,2,3,3,0.6,0.6,1,3,4,4,3,1,-14,-17,20,5,15,56,63,-7,1579,1584,-5,59000000,54000000,1,2,1,0
2024,1249627,30,Fecha inválida,Padova,Albinoleffe,0,0,26,8,2,0,17,5,3,0,13,11,4,2.2,0.8,5,5,5,1,4,4,0.67,1.0,19,5,4,1,11,3,1,0,8,3,1,0.6,0.2,7,2,1,4,0,0,0.4,0.6,7,5,0,0,5,7,7,4,11,20,-9,56,56,0,1570,1579,-9,50000000,59000000,0,0,0,1
2024,1249628,30,Fecha inválida,Lumezzane,Alcione,0,0,13,3,4,3,14,15,2,0,8,6,6,1.2,1.2,3,5,6,2,3,3,0.4,0.2,13,4,1,5,8,8,0,2,7,5,4,1.0,0.8,3,2,1,1,2,1,0.25,0.5,1,1,2,2,1,1,0,-1,10,5,5,57,56,1,1589,1524,65,59000000,54000000,0,1,1,0
2024,1249634,30,Fecha inválida,Arzignano Valchiampo,PRO Vercelli,0,0,17,4,5,1,12,7,1,0,8,4,4,0.8,0.8,4,5,3,2,2,1,0.5,0.33,12,3,3,4,8,11,0,0,5,2,5,0.4,1.0,3,3,2,2,1,0,0.5,0.17,2,2,2,2,2,2,5,8,19,7,12,56,57,-1,1578,1526,52,58000000,56000000,0,1,0,0
2024,1249633,30,Fecha inválida,Trento,Pro Patria,0,0,15,4,3,3,12,13,2,0,11,7,3,1.4,0.6,3,5,5,3,2,1,0.4,0.4,5,0,5,5,6,12,0,1,2,2,6,0.4,1.2,1,6,2,1,2,1,0.0,0.0,3,5,0,0,5,3,10,5,8,7,1,57,62,-5,1547,1506,41,57000000,56000000,2,2,1,0
2024,1249630,30,Fecha inválida,Novara,Giana Erminio,0,0,15,4,3,3,14,8,1,0,8,6,3,1.2,0.6,5,4,5,3,2,2,0.33,0.5,12,3,3,4,6,9,0,1,7,2,3,0.4,0.6,4,3,2,3,0,0,0.17,0.5,3,5,1,1,5,3,3,9,14,6,8,57,57,0,1513,1565,-52,53000000,55000000,0,1,1,1
2024,1249632,30,Fecha inválida,Triestina,Pergolettese,0,0,14,4,2,4,11,10,0,0,2,1,5,0.2,1.0,4,2,3,1,1,0,0.5,0.33,12,3,3,4,9,10,1,0,7,7,6,1.4,1.2,3,5,3,1,4,3,0.25,0.33,3,2,3,3,2,3,2,2,18,1,17,57,62,-5,1577,1580,-3,57000000,50000000,1,2,1,0
2024,1249635,30,Fecha inválida,Caldiero Terme,Renate,0,0,2,0,2,8,7,23,0,2,1,4,11,0.8,2.2,0,5,5,0,3,3,0.0,0.0,15,4,3,3,9,9,0,1,6,5,5,1.0,1.0,5,4,3,2,3,2,0.33,0.5,0,2,0,0,2,0,-13,-16,6,16,-10,57,57,0,1565,1575,-10,55000000,55000000,0,2,1,1
2024,1249636,30,Fecha inválida,Clodiense,Virtus Verona,0,0,4,0,4,6,8,16,0,2,2,3,6,0.6,1.2,1,6,6,1,2,2,0.0,0.0,10,2,4,4,9,14,0,0,3,3,7,0.6,1.4,3,5,5,1,3,2,0.25,0.17,0,1,1,1,1,0,-6,-3,10,8,2,64,57,7,1569,1507,62,59000000,57000000,1,0,1,1
2024,1249639,31,Fecha inválida,Giana Erminio,Caldiero Terme,0,0,12,3,3,4,6,9,0,1,7,2,3,0.4,0.6,4,3,2,3,0,0,0.17,0.5,2,0,2,8,7,23,0,2,1,4,11,0.8,2.2,0,5,5,0,3,3,0.0,0.0,0,3,1,1,3,0,10,13,6,6,0,61,61,0,1565,1565,0,55000000,55000000,1,0,1,1
2024,1249643,31,Fecha inválida,Renate,Padova,0,0,15,4,3,3,9,9,0,1,6,5,5,1.0,1.0,5,4,3,2,3,2,0.33,0.5,26,8,2,0,17,5,3,0,13,11,4,2.2,0.8,5,5,5,1,4,4,0.67,1.0,4,2,6,6,2,4,-11,-12,16,11,5,61,60,1,1575,1570,5,55000000,50000000,2,0,1,0
2024,1249646,31,Fecha inválida,Feralpisalo,Clodiense,0,0,20,6,2,2,17,9,2,0,12,11,5,2.2,1.0,3,6,4,2,3,3,0.6,0.6,4,0,4,6,8,16,0,2,2,3,6,0.6,1.2,1,6,6,1,2,2,0.0,0.0,1,1,0,0,1,1,16,16,5,10,-5,68,68,0,1584,1569,15,54000000,59000000,2,1,0,1
2024,1249637,31,Fecha inválida,Pro Patria,Arzignano Valchiampo,0,0,5,0,5,5,6,12,0,1,2,2,6,0.4,1.2,1,6,2,1,2,1,0.0,0.0,17,4,5,1,12,7,1,0,8,4,4,0.8,0.8,4,5,3,2,2,1,0.5,0.33,1,4,1,1,4,1,-12,-11,7,19,-12,66,60,6,1506,1578,-72,56000000,58000000,2,0,0,0
2024,1249644,31,Fecha inválida,Virtus Verona,Trento,0,0,10,2,4,4,9,14,0,0,3,3,7,0.6,1.4,3,5,5,1,3,2,0.25,0.17,15,4,3,3,12,13,2,0,11,7,3,1.4,0.6,3,5,5,3,2,1,0.4,0.4,3,3,2,2,3,3,-5,-4,8,8,0,61,61,0,1507,1547,-40,57000000,57000000,0,2,1,1
2024,1249641,31,Fecha inválida,Pergolettese,Lumezzane,0,0,12,3,3,4,9,10,1,0,7,7,6,1.4,1.2,3,5,3,1,4,3,0.25,0.33,13,3,4,3,14,15,2,0,8,6,6,1.2,1.2,3,5,6,2,3,3,0.4,0.2,1,1,2,2,1,1,-1,0,1,10,-9,66,61,5,1580,1589,-9,50000000,59000000,2,0,0,1
2024,1249638,31,Fecha inválida,PRO Vercelli,Atalanta II,0,0,12,3,3,4,8,11,0,0,5,2,5,0.4,1.0,3,3,2,2,1,0,0.5,0.17,17,5,2,3,17,15,0,1,6,7,10,1.4,2.0,3,7,7,1,4,4,0.8,0.2,0,2,2,2,2,0,-5,-5,7,5,2,61,61,0,1526,1504,22,56000000,54000000,1,0,0,0
2024,1249645,31,Fecha inválida,Albinoleffe,Triestina,0,0,19,5,4,1,11,3,1,0,8,3,1,0.6,0.2,7,2,1,4,0,0,0.4,0.6,14,4,2,4,11,10,0,0,2,1,5,0.2,1.0,4,2,3,1,1,0,0.5,0.33,3,6,4,4,6,3,5,7,20,18,2,60,61,-1,1579,1577,2,59000000,57000000,0,1,1,1
2024,1249642,31,Fecha inválida,Vicenza Virtus,Novara,0,0,23,7,2,1,15,3,5,0,15,10,1,2.0,0.2,8,1,3,4,1,2,0.83,0.5,15,4,3,3,14,8,1,0,8,6,3,1.2,0.6,5,4,5,3,2,2,0.33,0.5,2,3,3,3,3,2,8,6,5,14,-9,60,61,-1,1584,1513,71,54000000,53000000,0,0,0,1
2024,1249640,31,Fecha inválida,Alcione,Lecco,0,0,13,4,1,5,8,8,0,2,7,5,4,1.0,0.8,3,2,1,1,2,1,0.25,0.5,6,1,3,6,10,19,0,1,2,1,6,0.2,1.2,1,5,5,1,1,1,0.25,0.0,0,1,1,1,1,0,7,9,5,20,-15,61,61,0,1524,1579,-55,54000000,59000000,1,1,0,1
2024,1249649,32,Fecha inválida,Atalanta II,Feralpisalo,0,0,17,5,2,3,17,15,0,1,6,7,10,1.4,2.0,3,7,7,1,4,4,0.8,0.2,20,6,2,2,17,9,2,0,12,11,5,2.2,1.0,3,6,4,2,3,3,0.6,0.6,0,1,1,1,1,0,-3,-6,5,5,0,63,70,-7,1504,1584,-80,54000000,54000000,0,2,0,0
2024,1249655,32,Fecha inválida,Lumezzane,Renate,0,0,13,3,4,3,14,15,2,0,8,6,6,1.2,1.2,3,5,6,2,3,3,0.4,0.2,15,4,3,3,9,9,0,1,6,5,5,1.0,1.0,5,4,3,2,3,2,0.33,0.5,2,1,1,1,1,2,-2,-1,10,16,-6,64,63,1,1589,1575,14,59000000,55000000,0,2,1,1
2024,1249656,32,Fecha inválida,PRO Vercelli,Virtus Verona,0,0,12,3,3,4,8,11,0,0,5,2,5,0.4,1.0,3,3,2,2,1,0,0.5,0.17,10,2,4,4,9,14,0,0,3,3,7,0.6,1.4,3,5,5,1,3,2,0.25,0.17,3,4,1,1,4,3,2,2,7,8,-1,64,64,0,1526,1507,19,56000000,57000000,1,0,0,1
2024,1249654,32,Fecha inválida,Triestina,Pro Patria,0,0,14,4,2,4,11,10,0,0,2,1,5,0.2,1.0,4,2,3,1,1,0,0.5,0.33,5,0,5,5,6,12,0,1,2,2,6,0.4,1.2,1,6,2,1,2,1,0.0,0.0,3,4,2,2,4,3,9,7,18,7,11,64,69,-5,1577,1506,71,57000000,56000000,1,2,1,0
2024,1249652,32,Fecha inválida,Caldiero Terme,Novara,0,0,2,0,2,8,7,23,0,2,1,4,11,0.8,2.2,0,5,5,0,3,3,0.0,0.0,15,4,3,3,14,8,1,0,8,6,3,1.2,0.6,5,4,5,3,2,2,0.33,0.5,0,1,1,1,1,0,-13,-22,6,14,-8,64,64,0,1565,1513,52,55000000,53000000,0,0,1,1
2024,1249647,32,Fecha inválida,Clodiense,Albinoleffe,0,0,4,0,4,6,8,16,0,2,2,3,6,0.6,1.2,1,6,6,1,2,2,0.0,0.0,19,5,4,1,11,3,1,0,8,3,1,0.6,0.2,7,2,1,4,0,0,0.4,0.6,0,1,1,1,1,0,-15,-16,10,20,-10,71,63,8,1569,1579,-10,59000000,59000000,1,0,1,1
2024,1249650,32,Fecha inválida,Arzignano Valchiampo,Giana Erminio,0,0,17,4,5,1,12,7,1,0,8,4,4,0.8,0.8,4,5,3,2,2,1,0.5,0.33,12,3,3,4,6,9,0,1,7,2,3,0.4,0.6,4,3,2,3,0,0,0.17,0.5,3,1,0,0,1,3,5,8,19,6,13,63,64,-1,1578,1565,13,58000000,55000000,0,1,0,1
2024,1249653,32,Fecha inválida,Padova,Pergolettese,0,0,26,8,2,0,17,5,3,0,13,11,4,2.2,0.8,5,5,5,1,4,4,0.67,1.0,12,3,3,4,9,10,1,0,7,7,6,1.4,1.2,3,5,3,1,4,3,0.25,0.33,5,2,2,2,2,5,14,13,11,1,10,64,70,-6,1570,1580,-10,50000000,50000000,0,2,0,0
2024,1249651,32,Fecha inválida,Lecco,Vicenza Virtus,0,0,6,1,3,6,10,19,0,1,2,1,6,0.2,1.2,1,5,5,1,1,1,0.25,0.0,23,7,2,1,15,3,5,0,15,10,1,2.0,0.2,8,1,3,4,1,2,0.83,0.5,1,1,2,2,1,1,-17,-21,20,5,15,65,64,1,1579,1584,-5,59000000,54000000,1,0,1,0
2024,1249648,32,Fecha inválida,Trento,Alcione,0,0,15,4,3,3,12,13,2,0,11,7,3,1.4,0.6,3,5,5,3,2,1,0.4,0.4,13,4,1,5,8,8,0,2,7,5,4,1.0,0.8,3,2,1,1,2,1,0.25,0.5,1,1,0,0,1,1,2,-1,8,5,3,65,65,0,1547,1524,23,57000000,54000000,2,1,1,0
2024,1249662,33,Fecha inválida,Novara,Padova,0,0,15,4,3,3,14,8,1,0,8,6,3,1.2,0.6,5,4,5,3,2,2,0.33,0.5,26,8,2,0,17,5,3,0,13,11,4,2.2,0.8,5,5,5,1,4,4,0.67,1.0,1,1,4,4,1,1,-11,-6,14,11,3,70,69,1,1513,1570,-57,53000000,50000000,0,0,1,0
2024,1249665,33,Fecha inválida,Giana Erminio,Triestina,0,0,12,3,3,4,6,9,0,1,7,2,3,0.4,0.6,4,3,2,3,0,0,0.17,0.5,14,4,2,4,11,10,0,0,2,1,5,0.2,1.0,4,2,3,1,1,0,0.5,0.33,1,4,4,4,4,1,-2,-4,6,18,-12,70,70,0,1565,1577,-12,55000000,57000000,1,1,1,1
2024,1249666,33,Fecha inválida,Renate,Clodiense,0,0,15,4,3,3,9,9,0,1,6,5,5,1.0,1.0,5,4,3,2,3,2,0.33,0.5,4,0,4,6,8,16,0,2,2,3,6,0.6,1.2,1,6,6,1,2,2,0.0,0.0,0,2,0,0,2,0,11,8,16,10,6,70,77,-7,1575,1569,6,55000000,59000000,2,1,1,1
2024,1249661,33,Fecha inválida,Albinoleffe,Lumezzane,0,0,19,5,4,1,11,3,1,0,8,3,1,0.6,0.2,7,2,1,4,0,0,0.4,0.6,13,3,4,3,14,15,2,0,8,6,6,1.2,1.2,3,5,6,2,3,3,0.4,0.2,1,2,3,3,2,1,6,9,20,10,10,69,70,-1,1579,1589,-10,59000000,59000000,0,0,1,1
2024,1249664,33,Fecha inválida,Feralpisalo,Trento,0,0,20,6,2,2,17,9,2,0,12,11,5,2.2,1.0,3,6,4,2,3,3,0.6,0.6,15,4,3,3,12,13,2,0,11,7,3,1.4,0.6,3,5,5,3,2,1,0.4,0.4,3,2,1,1,2,3,5,9,5,8,-3,77,70,7,1584,1547,37,54000000,57000000,2,2,0,1
2024,1249659,33,Fecha inválida,Vicenza Virtus,Caldiero Terme,0,0,23,7,2,1,15,3,5,0,15,10,1,2.0,0.2,8,1,3,4,1,2,0.83,0.5,2,0,2,8,7,23,0,2,1,4,11,0.8,2.2,0,5,5,0,3,3,0.0,0.0,1,1,0,0,1,1,21,28,5,6,-1,69,70,-1,1584,1565,19,54000000,55000000,0,0,0,1
2024,1249658,33,Fecha inválida,Pro Patria,Atalanta II,0,0,5,0,5,5,6,12,0,1,2,2,6,0.4,1.2,1,6,2,1,2,1,0.0,0.0,17,5,2,3,17,15,0,1,6,7,10,1.4,2.0,3,7,7,1,4,4,0.8,0.2,1,1,2,2,1,1,-12,-8,7,5,2,75,70,5,1506,1504,2,56000000,54000000,2,0,0,0
2024,1249660,33,Fecha inválida,Virtus Verona,Lecco,0,0,10,2,4,4,9,14,0,0,3,3,7,0.6,1.4,3,5,5,1,3,2,0.25,0.17,6,1,3,6,10,19,0,1,2,1,6,0.2,1.2,1,5,5,1,1,1,0.25,0.0,1,5,0,0,5,1,4,4,8,20,-12,70,70,0,1507,1579,-72,57000000,59000000,0,1,1,1
2024,1249657,33,Fecha inválida,Pergolettese,Arzignano Valchiampo,0,0,12,3,3,4,9,10,1,0,7,7,6,1.4,1.2,3,5,3,1,4,3,0.25,0.33,17,4,5,1,12,7,1,0,8,4,4,0.8,0.8,4,5,3,2,2,1,0.5,0.33,0,5,1,1,5,0,-5,-6,1,19,-18,75,69,6,1580,1578,2,50000000,58000000,2,0,0,0
2024,1249663,33,Fecha inválida,Alcione,PRO Vercelli,0,0,13,4,1,5,8,8,0,2,7,5,4,1.0,0.8,3,2,1,1,2,1,0.25,0.5,12,3,3,4,8,11,0,0,5,2,5,0.4,1.0,3,3,2,2,1,0,0.5,0.17,0,1,1,1,1,0,1,3,5,7,-2,70,70,0,1524,1526,-2,54000000,56000000,1,1,0,0
2024,1249671,34,Fecha inválida,PRO Vercelli,Vicenza Virtus,0,0,12,3,3,4,8,11,0,0,5,2,5,0.4,1.0,3,3,2,2,1,0,0.5,0.17,23,7,2,1,15,3,5,0,15,10,1,2.0,0.2,8,1,3,4,1,2,0.83,0.5,3,2,3,3,2,3,-11,-15,7,5,2,77,76,1,1526,1584,-58,56000000,54000000,1,0,0,0
2024,1249669,34,Fecha inválida,Triestina,Feralpisalo,0,0,14,4,2,4,11,10,0,0,2,1,5,0.2,1.0,4,2,3,1,1,0,0.5,0.33,20,6,2,2,17,9,2,0,12,11,5,2.2,1.0,3,6,4,2,3,3,0.6,0.6,4,6,6,6,6,4,-6,-7,18,5,13,77,84,-7,1577,1584,-7,57000000,54000000,1,2,1,0
2024,1249668,34,Fecha inválida,Lumezzane,Caldiero Terme,0,0,13,3,4,3,14,15,2,0,8,6,6,1.2,1.2,3,5,6,2,3,3,0.4,0.2,2,0,2,8,7,23,0,2,1,4,11,0.8,2.2,0,5,5,0,3,3,0.0,0.0,0,2,0,0,2,0,11,15,10,6,4,77,77,0,1589,1565,24,59000000,55000000,0,0,1,1
2024,1249675,34,Fecha inválida,Virtus Verona,Pro Patria,0,0,10,2,4,4,9,14,0,0,3,3,7,0.6,1.4,3,5,5,1,3,2,0.25,0.17,5,0,5,5,6,12,0,1,2,2,6,0.4,1.2,1,6,2,1,2,1,0.0,0.0,3,2,3,3,2,3,5,1,8,7,1,77,82,-5,1507,1506,1,57000000,56000000,0,2,1,0
2024,1249676,34,Fecha inválida,Arzignano Valchiampo,Renate,0,0,17,4,5,1,12,7,1,0,8,4,4,0.8,0.8,4,5,3,2,2,1,0.5,0.33,15,4,3,3,9,9,0,1,6,5,5,1.0,1.0,5,4,3,2,3,2,0.33,0.5,1,4,2,2,4,1,2,5,19,16,3,76,77,-1,1578,1575,3,58000000,55000000,0,2,0,1
2024,1249670,34,Fecha inválida,Lecco,Giana Erminio,0,0,6,1,3,6,10,19,0,1,2,1,6,0.2,1.2,1,5,5,1,1,1,0.25,0.0,12,3,3,4,6,9,0,1,7,2,3,0.4,0.6,4,3,2,3,0,0,0.17,0.5,3,4,1,1,4,3,-6,-6,20,6,14,77,77,0,1579,1565,14,59000000,55000000,1,1,1,1
2024,1249672,34,Fecha inválida,Clodiense,Novara,0,0,4,0,4,6,8,16,0,2,2,3,6,0.6,1.2,1,6,6,1,2,2,0.0,0.0,15,4,3,3,14,8,1,0,8,6,3,1.2,0.6,5,4,5,3,2,2,0.33,0.5,0,2,0,0,2,0,-11,-14,10,14,-4,84,77,7,1569,1513,56,59000000,53000000,1,0,1,1
2024,1249667,34,Fecha inválida,Trento,Albinoleffe,0,0,15,4,3,3,12,13,2,0,11,7,3,1.4,0.6,3,5,5,3,2,1,0.4,0.4,19,5,4,1,11,3,1,0,8,3,1,0.6,0.2,7,2,1,4,0,0,0.4,0.6,1,6,2,2,6,1,-4,-9,8,20,-12,77,76,1,1547,1579,-32,57000000,59000000,2,0,1,1
2024,1249674,34,Fecha inválida,Alcione,Pergolettese,0,0,13,4,1,5,8,8,0,2,7,5,4,1.0,0.8,3,2,1,1,2,1,0.25,0.5,12,3,3,4,9,10,1,0,7,7,6,1.4,1.2,3,5,3,1,4,3,0.25,0.33,1,1,0,0,1,1,1,1,5,1,4,77,82,-5,1524,1580,-56,54000000,50000000,1,2,0,0
2024,1249673,34,Fecha inválida,Atalanta II,Padova,0,0,17,5,2,3,17,15,0,1,6,7,10,1.4,2.0,3,7,7,1,4,4,0.8,0.2,26,8,2,0,17,5,3,0,13,11,4,2.2,0.8,5,5,5,1,4,4,0.67,1.0,0,1,3,3,1,0,-9,-10,5,11,-6,77,76,1,1504,1570,-66,54000000,50000000,0,0,0,0
2024,1249678,35,Fecha inválida,Novara,Arzignano Valchiampo,0,0,15,4,3,3,14,8,1,0,8,6,3,1.2,0.6,5,4,5,3,2,2,0.33,0.5,17,4,5,1,12,7,1,0,8,4,4,0.8,0.8,4,5,3,2,2,1,0.5,0.33,2,3,1,1,3,2,-2,1,14,19,-5,84,83,1,1513,1578,-65,53000000,58000000,0,0,1,0
2024,1249683,35,Fecha inválida,Giana Erminio,Trento,0,0,12,3,3,4,6,9,0,1,7,2,3,0.4,0.6,4,3,2,3,0,0,0.17,0.5,15,4,3,3,12,13,2,0,11,7,3,1.4,0.6,3,5,5,3,2,1,0.4,0.4,1,3,4,4,3,1,-3,-2,6,8,-2,84,84,0,1565,1547,18,55000000,57000000,1,2,1,1
2024,1249680,35,Fecha inválida,Padova,Lecco,0,0,26,8,2,0,17,5,3,0,13,11,4,2.2,0.8,5,5,5,1,4,4,0.67,1.0,6,1,3,6,10,19,0,1,2,1,6,0.2,1.2,1,5,5,1,1,1,0.25,0.0,3,1,2,2,1,3,20,21,11,20,-9,83,84,-1,1570,1579,-9,50000000,59000000,0,1,0,1
2024,1249684,35,Fecha inválida,Renate,Triestina,0,0,15,4,3,3,9,9,0,1,6,5,5,1.0,1.0,5,4,3,2,3,2,0.33,0.5,14,4,2,4,11,10,0,0,2,1,5,0.2,1.0,4,2,3,1,1,0,0.5,0.33,5,3,5,5,3,5,1,-1,16,18,-2,84,84,0,1575,1577,-2,55000000,57000000,2,1,1,1
2024,1249682,35,Fecha inválida,Albinoleffe,PRO Vercelli,0,0,19,5,4,1,11,3,1,0,8,3,1,0.6,0.2,7,2,1,4,0,0,0.4,0.6,12,3,3,4,8,11,0,0,5,2,5,0.4,1.0,3,3,2,2,1,0,0.5,0.17,4,5,6,6,5,4,7,11,20,7,13,83,84,-1,1579,1526,53,59000000,56000000,0,1,1,0
2024,1249681,35,Fecha inválida,Feralpisalo,Lumezzane,0,0,20,6,2,2,17,9,2,0,12,11,5,2.2,1.0,3,6,4,2,3,3,0.6,0.6,13,3,4,3,14,15,2,0,8,6,6,1.2,1.2,3,5,6,2,3,3,0.4,0.2,2,2,0,0,2,2,7,9,5,10,-5,91,84,7,1584,1589,-5,54000000,59000000,2,0,0,1
2024,1249685,35,Fecha inválida,Vicenza Virtus,Clodiense,0,0,23,7,2,1,15,3,5,0,15,10,1,2.0,0.2,8,1,3,4,1,2,0.83,0.5,4,0,4,6,8,16,0,2,2,3,6,0.6,1.2,1,6,6,1,2,2,0.0,0.0,1,2,0,0,2,1,19,20,5,10,-5,83,91,-8,1584,1569,15,54000000,59000000,0,1,0,1
2024,1249677,35,Fecha inválida,Pro Patria,Alcione,0,0,5,0,5,5,6,12,0,1,2,2,6,0.4,1.2,1,6,2,1,2,1,0.0,0.0,13,4,1,5,8,8,0,2,7,5,4,1.0,0.8,3,2,1,1,2,1,0.25,0.5,0,2,1,1,2,0,-8,-6,7,5,2,89,84,5,1506,1524,-18,56000000,54000000,2,1,0,0
2024,1249686,35,Fecha inválida,Pergolettese,Virtus Verona,0,0,12,3,3,4,9,10,1,0,7,7,6,1.4,1.2,3,5,3,1,4,3,0.25,0.33,10,2,4,4,9,14,0,0,3,3,7,0.6,1.4,3,5,5,1,3,2,0.25,0.17,4,2,2,2,2,4,2,4,1,8,-7,89,84,5,1580,1507,73,50000000,57000000,2,0,0,1
2024,1249679,35,Fecha inválida,Caldiero Terme,Atalanta II,0,0,2,0,2,8,7,23,0,2,1,4,11,0.8,2.2,0,5,5,0,3,3,0.0,0.0,17,5,2,3,17,15,0,1,6,7,10,1.4,2.0,3,7,7,1,4,4,0.8,0.2,0,1,1,1,1,0,-15,-18,6,5,1,84,84,0,1565,1504,61,55000000,54000000,0,0,1,0
2024,1249695,36,Fecha inválida,PRO Vercelli,Pro Patria,0,0,12,3,3,4,8,11,0,0,5,2,5,0.4,1.0,3,3,2,2,1,0,0.5,0.17,5,0,5,5,6,12,0,1,2,2,6,0.4,1.2,1,6,2,1,2,1,0.0,0.0,5,8,3,3,8,5,7,3,7,7,0,91,96,-5,1526,1506,20,56000000,56000000,1,2,0,0
2024,1249694,36,Fecha inválida,Triestina,Padova,0,0,14,4,2,4,11,10,0,0,2,1,5,0.2,1.0,4,2,3,1,1,0,0.5,0.33,26,8,2,0,17,5,3,0,13,11,4,2.2,0.8,5,5,5,1,4,4,0.67,1.0,3,5,6,6,5,3,-12,-11,18,11,7,91,90,1,1577,1570,7,57000000,50000000,1,0,1,0
2024,1249693,36,Fecha inválida,Lumezzane,Novara,0,0,13,3,4,3,14,15,2,0,8,6,6,1.2,1.2,3,5,6,2,3,3,0.4,0.2,15,4,3,3,14,8,1,0,8,6,3,1.2,0.6,5,4,5,3,2,2,0.33,0.5,0,4,0,0,4,0,-2,-7,10,14,-4,91,91,0,1589,1513,76,59000000,53000000,0,0,1,1
2024,1249692,36,Fecha inválida,Virtus Verona,Vicenza Virtus,0,0,10,2,4,4,9,14,0,0,3,3,7,0.6,1.4,3,5,5,1,3,2,0.25,0.17,23,7,2,1,15,3,5,0,15,10,1,2.0,0.2,8,1,3,4,1,2,0.83,0.5,4,5,6,6,5,4,-13,-17,8,5,3,91,90,1,1507,1584,-77,57000000,54000000,0,0,1,0
2024,1249689,36,Fecha inválida,Arzignano Valchiampo,Caldiero Terme,0,0,17,4,5,1,12,7,1,0,8,4,4,0.8,0.8,4,5,3,2,2,1,0.5,0.33,2,0,2,8,7,23,0,2,1,4,11,0.8,2.2,0,5,5,0,3,3,0.0,0.0,3,1,0,0,1,3,15,21,19,6,13,90,91,-1,1578,1565,13,58000000,55000000,0,0,0,1
2024,1249687,36,Fecha inválida,Lecco,Albinoleffe,0,0,6,1,3,6,10,19,0,1,2,1,6,0.2,1.2,1,5,5,1,1,1,0.25,0.0,19,5,4,1,11,3,1,0,8,3,1,0.6,0.2,7,2,1,4,0,0,0.4,0.6,1,5,5,5,5,1,-13,-17,20,20,0,91,90,1,1579,1579,0,59000000,59000000,1,0,1,1
2024,1249691,36,Fecha inválida,Pergolettese,Giana Erminio,0,0,12,3,3,4,9,10,1,0,7,7,6,1.4,1.2,3,5,3,1,4,3,0.25,0.33,12,3,3,4,6,9,0,1,7,2,3,0.4,0.6,4,3,2,3,0,0,0.17,0.5,2,6,2,2,6,2,0,2,1,6,-5,96,91,5,1580,1565,15,50000000,55000000,2,1,0,1
2024,1249688,36,Fecha inválida,Clodiense,Atalanta II,0,0,4,0,4,6,8,16,0,2,2,3,6,0.6,1.2,1,6,6,1,2,2,0.0,0.0,17,5,2,3,17,15,0,1,6,7,10,1.4,2.0,3,7,7,1,4,4,0.8,0.2,0,1,1,1,1,0,-13,-10,10,5,5,98,91,7,1569,1504,65,59000000,54000000,1,0,1,0
2024,1249696,36,Fecha inválida,Trento,Renate,0,0,15,4,3,3,12,13,2,0,11,7,3,1.4,0.6,3,5,5,3,2,1,0.4,0.4,15,4,3,3,9,9,0,1,6,5,5,1.0,1.0,5,4,3,2,3,2,0.33,0.5,2,2,4,4,2,2,0,-1,8,16,-8,91,91,0,1547,1575,-28,57000000,55000000,2,2,1,1
2024,1249690,36,Fecha inválida,Alcione,Feralpisalo,0,0,13,4,1,5,8,8,0,2,7,5,4,1.0,0.8,3,2,1,1,2,1,0.25,0.5,20,6,2,2,17,9,2,0,12,11,5,2.2,1.0,3,6,4,2,3,3,0.6,0.6,0,2,0,0,2,0,-7,-8,5,5,0,91,98,-7,1524,1584,-60,54000000,54000000,1,2,0,0
2024,1249703,37,Fecha inválida,Novara,Trento,0,0,15,4,3,3,14,8,1,0,8,6,3,1.2,0.6,5,4,5,3,2,2,0.33,0.5,15,4,3,3,12,13,2,0,11,7,3,1.4,0.6,3,5,5,3,2,1,0.4,0.4,1,3,2,2,3,1,0,7,14,8,6,97,97,0,1513,1547,-34,53000000,57000000,0,2,1,1
2024,1249706,37,Fecha inválida,Giana Erminio,Virtus Verona,0,0,12,3,3,4,6,9,0,1,7,2,3,0.4,0.6,4,3,2,3,0,0,0.17,0.5,10,2,4,4,9,14,0,0,3,3,7,0.6,1.4,3,5,5,1,3,2,0.25,0.17,2,7,0,0,7,2,2,2,6,8,-2,97,97,0,1565,1507,58,55000000,57000000,1,0,1,1
2024,1249705,37,Fecha inválida,Padova,Clodiense,0,0,26,8,2,0,17,5,3,0,13,11,4,2.2,0.8,5,5,5,1,4,4,0.67,1.0,4,0,4,6,8,16,0,2,2,3,6,0.6,1.2,1,6,6,1,2,2,0.0,0.0,2,1,0,0,1,2,22,20,11,10,1,96,104,-8,1570,1569,1,50000000,59000000,0,1,0,1
2024,1249701,37,Fecha inválida,Renate,Pergolettese,0,0,15,4,3,3,9,9,0,1,6,5,5,1.0,1.0,5,4,3,2,3,2,0.33,0.5,12,3,3,4,9,10,1,0,7,7,6,1.4,1.2,3,5,3,1,4,3,0.25,0.33,4,3,5,5,3,4,3,1,16,1,15,97,102,-5,1575,1580,-5,55000000,50000000,2,2,1,0
2024,1249697,37,Fecha inválida,Albinoleffe,Alcione,0,0,19,5,4,1,11,3,1,0,8,3,1,0.6,0.2,7,2,1,4,0,0,0.4,0.6,13,4,1,5,8,8,0,2,7,5,4,1.0,0.8,3,2,1,1,2,1,0.25,0.5,1,1,0,0,1,1,6,8,20,5,15,96,97,-1,1579,1524,55,59000000,54000000,0,1,1,0
2024,1249702,37,Fecha inválida,Feralpisalo,PRO Vercelli,0,0,20,6,2,2,17,9,2,0,12,11,5,2.2,1.0,3,6,4,2,3,3,0.6,0.6,12,3,3,4,8,11,0,0,5,2,5,0.4,1.0,3,3,2,2,1,0,0.5,0.17,1,2,3,3,2,1,8,11,5,7,-2,104,97,7,1584,1526,58,54000000,56000000,2,1,0,0
2024,1249704,37,Fecha inválida,Vicenza Virtus,Triestina,0,0,23,7,2,1,15,3,5,0,15,10,1,2.0,0.2,8,1,3,4,1,2,0.83,0.5,14,4,2,4,11,10,0,0,2,1,5,0.2,1.0,4,2,3,1,1,0,0.5,0.33,4,6,3,3,6,4,9,11,5,18,-13,96,97,-1,1584,1577,7,54000000,57000000,0,1,0,1
2024,1249700,37,Fecha inválida,Pro Patria,Lumezzane,0,0,5,0,5,5,6,12,0,1,2,2,6,0.4,1.2,1,6,2,1,2,1,0.0,0.0,13,3,4,3,14,15,2,0,8,6,6,1.2,1.2,3,5,6,2,3,3,0.4,0.2,1,2,1,1,2,1,-8,-5,7,10,-3,102,97,5,1506,1589,-83,56000000,59000000,2,0,0,1
2024,1249699,37,Fecha inválida,Caldiero Terme,Lecco,0,0,2,0,2,8,7,23,0,2,1,4,11,0.8,2.2,0,5,5,0,3,3,0.0,0.0,6,1,3,6,10,19,0,1,2,1,6,0.2,1.2,1,5,5,1,1,1,0.25,0.0,0,1,1,1,1,0,-4,-7,6,20,-14,97,97,0,1565,1579,-14,55000000,59000000,0,1,1,1
2024,1249698,37,Fecha inválida,Atalanta II,Arzignano Valchiampo,0,0,17,5,2,3,17,15,0,1,6,7,10,1.4,2.0,3,7,7,1,4,4,0.8,0.2,17,4,5,1,12,7,1,0,8,4,4,0.8,0.8,4,5,3,2,2,1,0.5,0.33,0,3,1,1,3,0,0,-3,5,19,-14,97,96,1,1504,1578,-74,54000000,58000000,0,0,0,0
2024,1249716,38,Fecha inválida,PRO Vercelli,Renate,0,0,12,3,3,4,8,11,0,0,5,2,5,0.4,1.0,3,3,2,2,1,0,0.5,0.17,15,4,3,3,9,9,0,1,6,5,5,1.0,1.0,5,4,3,2,3,2,0.33,0.5,1,7,4,4,7,1,-3,-3,7,16,-9,105,105,0,1526,1575,-49,56000000,55000000,1,2,0,1
2024,1249713,38,Fecha inválida,Triestina,Novara,0,0,14,4,2,4,11,10,0,0,2,1,5,0.2,1.0,4,2,3,1,1,0,0.5,0.33,15,4,3,3,14,8,1,0,8,6,3,1.2,0.6,5,4,5,3,2,2,0.33,0.5,3,3,0,0,3,3,-1,-5,18,14,4,105,105,0,1577,1513,64,57000000,53000000,1,0,1,1
2024,1249714,38,Fecha inválida,Lumezzane,Padova,0,0,13,3,4,3,14,15,2,0,8,6,6,1.2,1.2,3,5,6,2,3,3,0.4,0.2,26,8,2,0,17,5,3,0,13,11,4,2.2,0.8,5,5,5,1,4,4,0.67,1.0,0,4,3,3,4,0,-13,-13,10,11,-1,105,104,1,1589,1570,19,59000000,50000000,0,0,1,0
2024,1249707,38,Fecha inválida,Virtus Verona,Albinoleffe,0,0,10,2,4,4,9,14,0,0,3,3,7,0.6,1.4,3,5,5,1,3,2,0.25,0.17,19,5,4,1,11,3,1,0,8,3,1,0.6,0.2,7,2,1,4,0,0,0.4,0.6,2,4,4,4,4,2,-9,-13,8,20,-12,105,104,1,1507,1579,-72,57000000,59000000,0,0,1,1
2024,1249710,38,Fecha inválida,Arzignano Valchiampo,Feralpisalo,0,0,17,4,5,1,12,7,1,0,8,4,4,0.8,0.8,4,5,3,2,2,1,0.5,0.33,20,6,2,2,17,9,2,0,12,11,5,2.2,1.0,3,6,4,2,3,3,0.6,0.6,1,3,2,2,3,1,-3,-3,19,5,14,104,112,-8,1578,1584,-6,58000000,54000000,0,2,0,0
2024,1249708,38,Fecha inválida,Lecco,Atalanta II,0,0,6,1,3,6,10,19,0,1,2,1,6,0.2,1.2,1,5,5,1,1,1,0.25,0.0,17,5,2,3,17,15,0,1,6,7,10,1.4,2.0,3,7,7,1,4,4,0.8,0.2,0,1,1,1,1,0,-11,-11,20,5,15,105,105,0,1579,1504,75,59000000,54000000,1,0,1,0
2024,1249715,38,Fecha inválida,Pergolettese,Pro Patria,0,0,12,3,3,4,9,10,1,0,7,7,6,1.4,1.2,3,5,3,1,4,3,0.25,0.33,5,0,5,5,6,12,0,1,2,2,6,0.4,1.2,1,6,2,1,2,1,0.0,0.0,4,3,6,6,3,4,7,5,1,7,-6,110,110,0,1580,1506,74,50000000,56000000,2,2,0,0
2024,1249709,38,Fecha inválida,Clodiense,Caldiero Terme,0,0,4,0,4,6,8,16,0,2,2,3,6,0.6,1.2,1,6,6,1,2,2,0.0,0.0,2,0,2,8,7,23,0,2,1,4,11,0.8,2.2,0,5,5,0,3,3,0.0,0.0,4,4,1,1,4,4,2,8,10,6,4,112,105,7,1569,1565,4,59000000,55000000,1,0,1,1
2024,1249712,38,Fecha inválida,Trento,Vicenza Virtus,0,0,15,4,3,3,12,13,2,0,11,7,3,1.4,0.6,3,5,5,3,2,1,0.4,0.4,23,7,2,1,15,3,5,0,15,10,1,2.0,0.2,8,1,3,4,1,2,0.83,0.5,1,1,4,4,1,1,-8,-13,8,5,3,105,104,1,1547,1584,-37,57000000,54000000,2,0,1,0
2024,1249711,38,Fecha inválida,Alcione,Giana Erminio,0,0,13,4,1,5,8,8,0,2,7,5,4,1.0,0.8,3,2,1,1,2,1,0.25,0.5,12,3,3,4,6,9,0,1,7,2,3,0.4,0.6,4,3,2,3,0,0,0.17,0.5,1,1,1,1,1,1,1,3,5,6,-1,105,105,0,1524,1565,-41,54000000,55000000,1,1,0,1
