temporada,id_partido,fecha,fecha_partido,nombre_equipo_local,nombre_equipo_visitante,goles_equipo_local,goles_equipo_visitante,puntos_acumulados_local,wins_last10_local,draws_last10_local,losses_last10_local,goles_favor_last10_local,goles_contra_last10_local,current_win_streak_local,current_loss_streak_local,puntos_ultimos5_local,goles_favor_ultimos5_local,goles_contra_ultimos5_local,prom_goles_favor_ultimos5_local,prom_goles_contra_ultimos5_local,clean_sheets_last10_local,btts_last10_local,over25_last10_local,clean_sheets_last5_local,btts_last5_local,over25_last5_local,home_win_rate_local,away_win_rate_local,puntos_acumulados_visitante,wins_last10_visitante,draws_last10_visitante,losses_last10_visitante,goles_favor_last10_visitante,goles_contra_last10_visitante,current_win_streak_visitante,current_loss_streak_visitante,puntos_ultimos5_visitante,goles_favor_ultimos5_visitante,goles_contra_ultimos5_visitante,prom_goles_favor_ultimos5_visitante,prom_goles_contra_ultimos5_visitante,clean_sheets_last10_visitante,btts_last10_visitante,over25_last10_visitante,clean_sheets_last5_visitante,btts_last5_visitante,over25_last5_visitante,home_win_rate_visitante,away_win_rate_visitante,head2head_local_wins,head2head_local_draws,head2head_local_losses,head2head_visitante_wins,head2head_visitante_draws,head2head_visitante_losses,puntos_balance,goles_balance,posicion_tabla_local,posicion_tabla_visitante,diff_posicion_tabla,dias_descanso_local,dias_descanso_visitante,diff_dias_descanso,elo_rating_local,elo_rating_visitante,diff_elo_rating,valor_mercado_local,valor_mercado_visitante,jugadores_lesionados_local,jugadores_lesionados_visitante,titulares_sancionados_local,titulares_sancionados_visitante
2024,1252120,1,16/08/2024,Dijon,Bourg-en-bresse 01,0,1,0,0,0,0,0,0,0,0,0,0,0,0.0,0.0,0,0,0,0,0,0,0.0,0.0,0,0,0,0,0,0,0,0,0,0,0,0.0,0.0,0,0,0,0,0,0,0.0,0.0,2,2,3,3,2,2,0,0,10,11,-1,0,0,0,1589,1530,59,59000000,50000000,2,1,1,0
2024,1252113,1,16/08/2024,Nimes,Orleans,1,2,0,0,0,0,0,0,0,0,0,0,0,0.0,0.0,0,0,0,0,0,0,0.0,0.0,0,0,0,0,0,0,0,0,0,0,0,0.0,0.0,0,0,0,0,0,0,0.0,0.0,4,4,5,5,4,4,0,0,13,4,9,0,0,0,1592,1503,89,52000000,53000000,2,1,0,1
2024,1252114,1,16/08/2024,Valenciennes,Aubagne,1,0,0,0,0,0,0,0,0,0,0,0,0,0.0,0.0,0,0,0,0,0,0,0.0,0.0,0,0,0,0,0,0,0,0,0,0,0,0.0,0.0,0,0,0,0,0,0,0.0,0.0,1,1,0,0,1,1,0,0,6,11,-5,0,0,0,1505,1530,-25,55000000,50000000,0,0,1,0
2024,1252121,1,16/08/2024,Chateauroux,Boulogne,0,1,0,0,0,0,0,0,0,0,0,0,0,0.0,0.0,0,0,0,0,0,0,0.0,0.0,0,0,0,0,0,0,0,0,0,0,0,0.0,0.0,0,0,0,0,0,0,0.0,0.0,5,4,3,3,4,5,0,0,8,20,-12,0,0,0,1507,1599,-92,57000000,59000000,2,0,1,1
2024,1252119,1,16/08/2024,Sochaux,Quevilly,2,0,0,0,0,0,0,0,0,0,0,0,0,0.0,0.0,0,0,0,0,0,0,0.0,0.0,0,0,0,0,0,0,0,0,0,0,0,0.0,0.0,0,0,0,0,0,0,0.0,0.0,2,5,1,1,5,2,0,0,16,12,4,0,0,0,1515,1531,-16,55000000,51000000,1,2,1,1
2024,1252116,1,16/08/2024,Concarneau,Gobelins,2,0,0,0,0,0,0,0,0,0,0,0,0,0.0,0.0,0,0,0,0,0,0,0.0,0.0,0,0,0,0,0,0,0,0,0,0,0,0.0,0.0,0,0,0,0,0,0,0.0,0.0,2,2,0,0,2,2,0,0,1,19,-18,0,0,0,1500,1538,-38,50000000,58000000,1,1,0,0
2024,1252115,1,16/08/2024,Rouen,Nancy,2,2,0,0,0,0,0,0,0,0,0,0,0,0.0,0.0,0,0,0,0,0,0,0.0,0.0,0,0,0,0,0,0,0,0,0,0,0,0.0,0.0,0,0,0,0,0,0,0.0,0.0,0,2,2,2,2,0,0,0,2,3,-1,0,0,0,1521,1502,19,51000000,52000000,2,0,1,0
2024,1252117,1,19/08/2024,Versailles,Le Mans,1,0,0,0,0,0,0,0,0,0,0,0,0,0.0,0.0,0,0,0,0,0,0,0.0,0.0,0,0,0,0,0,0,0,0,0,0,0,0.0,0.0,0,0,0,0,0,0,0.0,0.0,2,4,1,1,4,2,0,0,12,19,-7,0,0,0,1531,1598,-67,51000000,58000000,2,2,1,0
2024,1252130,2,23/08/2024,Nimes,Chateauroux,1,0,0,0,0,1,1,2,0,1,0,1,2,1.0,2.0,0,1,1,0,1,1,0.0,0.0,0,0,0,1,0,1,0,1,0,0,1,0.0,1.0,0,0,0,0,0,0,0.0,0.0,6,4,5,5,4,6,0,0,13,8,5,7,7,0,1592,1507,85,52000000,57000000,2,2,0,1
2024,1252127,2,23/08/2024,Nancy,Concarneau,3,0,1,0,1,0,2,2,0,0,1,2,2,2.0,2.0,0,1,1,0,1,1,0.0,0.0,3,1,0,0,2,0,1,0,3,2,0,2.0,0.0,1,0,0,1,0,0,1.0,0.0,2,1,1,1,1,2,-2,-2,3,1,2,7,7,0,1502,1500,2,52000000,50000000,0,1,0,0
2024,1252123,2,23/08/2024,Quevilly,Dijon,2,1,0,0,0,1,0,2,0,1,0,0,2,0.0,2.0,0,0,0,0,0,0,0.0,0.0,0,0,0,1,0,1,0,1,0,0,1,0.0,1.0,0,0,0,0,0,0,0.0,0.0,3,3,1,1,3,3,0,-1,12,10,2,7,7,0,1531,1589,-58,51000000,59000000,2,2,1,1
2024,1252125,2,23/08/2024,Le Mans,Villefranche,0,0,0,0,0,1,0,1,0,1,0,0,1,0.0,1.0,0,0,0,0,0,0,0.0,0.0,0,0,0,0,0,0,0,0,0,0,0,0.0,0.0,0,0,0,0,0,0,0.0,0.0,4,4,4,4,4,4,0,-1,19,3,16,4,0,4,1598,1502,96,58000000,52000000,2,0,0,0
2024,1252126,2,23/08/2024,Gobelins,Versailles,1,1,0,0,0,1,0,2,0,1,0,0,2,0.0,2.0,0,0,0,0,0,0,0.0,0.0,3,1,0,0,1,0,1,0,3,1,0,1.0,0.0,1,0,0,1,0,0,1.0,0.0,1,2,1,1,2,1,-3,-3,19,12,7,7,4,3,1538,1531,7,58000000,51000000,1,2,0,1
2024,1252128,2,23/08/2024,Aubagne,Rouen,2,1,0,0,0,1,0,1,0,1,0,0,1,0.0,1.0,0,0,0,0,0,0,0.0,0.0,1,0,1,0,2,2,0,0,1,2,2,2.0,2.0,0,1,1,0,1,1,0.0,0.0,1,1,0,0,1,1,-1,-1,11,2,9,7,7,0,1530,1521,9,50000000,51000000,0,2,0,1
2024,1252122,2,24/08/2024,Bourg-en-bresse 01,Boulogne,1,1,3,1,0,0,1,0,1,0,3,1,0,1.0,0.0,1,0,0,1,0,0,0.0,1.0,3,1,0,0,1,0,1,0,3,1,0,1.0,0.0,1,0,0,1,0,0,0.0,1.0,4,6,6,6,6,4,0,0,11,20,-9,7,7,0,1530,1599,-69,50000000,59000000,1,0,0,1
2024,1252131,3,30/08/2024,Valenciennes,Nimes,2,0,3,1,0,0,1,0,1,0,3,1,0,1.0,0.0,1,0,0,1,0,0,1.0,0.0,3,1,0,1,2,2,0,1,3,2,2,1.0,1.0,1,1,1,1,1,1,0.5,0.0,2,4,8,8,4,2,0,1,6,13,-7,14,7,7,1505,1592,-87,55000000,52000000,0,2,1,0
2024,1252139,3,30/08/2024,Chateauroux,Bourg-en-bresse 01,2,0,0,0,0,2,0,2,0,2,0,0,2,0.0,1.0,0,0,0,0,0,0,0.0,0.0,4,1,1,0,2,1,1,0,4,2,1,1.0,0.5,1,1,0,1,1,0,0.0,1.0,3,2,3,3,2,3,-4,-3,8,11,-3,7,6,1,1507,1530,-23,57000000,50000000,2,1,1,0
2024,1252136,3,30/08/2024,Sochaux,Le Mans,0,1,3,1,0,0,2,0,1,0,3,2,0,2.0,0.0,1,0,0,1,0,0,1.0,0.0,1,0,1,1,0,1,0,1,1,0,1,0.0,0.5,1,0,0,1,0,0,0.0,0.0,1,2,3,3,2,1,2,3,16,19,-3,14,7,7,1515,1598,-83,55000000,58000000,1,2,1,0
2024,1252138,3,30/08/2024,Boulogne,Quevilly,2,0,4,1,1,0,2,1,1,0,4,2,1,1.0,0.5,1,1,0,1,1,0,0.0,0.5,3,1,0,1,2,3,0,1,3,2,3,1.0,1.5,0,1,1,0,1,1,1.0,0.0,6,6,1,1,6,6,1,2,20,12,8,6,7,-1,1599,1531,68,59000000,51000000,0,2,1,1
2024,1252133,3,30/08/2024,Concarneau,Aubagne,0,0,3,1,0,1,2,3,1,0,3,2,3,1.0,1.5,1,0,1,1,0,1,1.0,0.0,3,1,0,1,2,2,0,1,3,2,2,1.0,1.0,0,1,1,0,1,1,1.0,0.0,0,2,0,0,2,0,0,-1,1,11,-10,7,7,0,1500,1530,-30,50000000,50000000,1,0,0,0
2024,1252135,3,30/08/2024,Villefranche,Gobelins,1,1,1,0,1,0,0,0,0,0,1,0,0,0.0,0.0,1,0,0,1,0,0,0.0,0.0,1,0,1,1,1,3,0,1,1,1,3,0.5,1.5,0,1,0,0,1,0,0.0,0.0,1,3,0,0,3,1,0,2,3,19,-16,7,7,0,1502,1538,-36,52000000,58000000,0,1,0,0
2024,1252132,3,30/08/2024,Rouen,Orleans,0,2,1,0,1,1,3,4,0,0,1,3,4,1.5,2.0,0,2,2,0,2,2,0.0,0.0,3,1,0,0,2,1,1,0,3,2,1,2.0,1.0,0,1,1,0,1,1,0.0,1.0,3,4,2,2,4,3,-2,-2,2,4,-2,7,14,-7,1521,1503,18,51000000,53000000,2,1,1,1
2024,1252134,3,31/08/2024,Versailles,Nancy,0,0,4,1,1,0,2,1,1,0,4,2,1,1.0,0.5,1,1,0,1,1,0,1.0,0.0,4,1,1,0,5,2,0,0,4,5,2,2.5,1.0,1,1,2,1,1,2,1.0,0.0,1,4,1,1,4,1,0,-2,12,3,9,7,7,0,1531,1502,29,51000000,52000000,2,0,1,0
2024,1252147,4,06/09/2024,Nimes,Rouen,2,2,3,1,0,2,2,4,0,1,3,2,4,0.67,1.33,1,1,1,1,1,1,0.5,0.0,1,0,1,2,3,6,0,0,1,3,6,1.0,2.0,0,2,2,0,2,2,0.0,0.0,2,3,1,1,3,2,2,1,13,2,11,6,6,0,1592,1521,71,52000000,51000000,2,2,0,1
2024,1252144,4,06/09/2024,Nancy,Villefranche,2,0,5,1,2,0,5,2,0,0,5,5,2,1.67,0.67,2,1,2,2,1,2,1.0,0.0,2,0,2,0,1,1,0,0,2,1,1,0.5,0.5,1,1,0,1,1,0,0.0,0.0,2,2,2,2,2,2,3,3,3,3,0,6,6,0,1502,1502,0,52000000,52000000,0,0,0,0
2024,1252146,4,06/09/2024,Orleans,Concarneau,2,3,6,2,0,0,4,1,2,0,6,4,1,2.0,0.5,1,1,1,1,1,1,0.0,1.0,4,1,1,1,2,3,1,0,4,2,3,0.67,1.0,2,0,1,2,0,1,0.5,0.0,3,3,2,2,3,3,2,4,4,1,3,6,6,0,1503,1500,3,53000000,50000000,1,1,1,0
2024,1252148,4,06/09/2024,Valenciennes,Chateauroux,3,1,6,2,0,0,3,0,2,0,6,3,0,1.5,0.0,2,0,0,2,0,0,1.0,0.0,3,1,0,2,2,2,0,2,3,2,2,0.67,0.67,1,0,0,1,0,0,0.5,0.0,4,5,3,3,5,4,3,3,6,8,-2,6,6,0,1505,1507,-2,55000000,57000000,0,2,1,1
2024,1252140,4,06/09/2024,Quevilly,Bourg-en-bresse 01,0,0,3,1,0,2,2,5,0,1,3,2,5,0.67,1.67,0,1,1,0,1,1,1.0,0.0,4,1,1,1,2,3,1,0,4,2,3,0.67,1.0,1,1,0,1,1,0,0.0,0.5,5,5,3,3,5,5,-1,-2,12,11,1,6,6,0,1531,1530,1,51000000,50000000,2,1,1,0
2024,1252142,4,06/09/2024,Le Mans,Dijon,0,0,4,1,1,1,1,1,0,1,4,1,1,0.33,0.33,2,0,0,2,0,0,0.0,0.5,0,0,0,2,1,3,0,2,0,1,3,0.5,1.5,0,1,1,0,1,1,0.0,0.0,0,5,3,3,5,0,4,2,19,10,9,6,13,-7,1598,1589,9,58000000,59000000,2,2,0,1
2024,1252143,4,06/09/2024,Gobelins,Sochaux,1,1,2,0,2,1,2,4,0,1,2,2,4,0.67,1.33,0,2,0,0,2,0,0.0,0.0,3,1,0,1,2,1,1,0,3,2,1,1.0,0.5,1,0,0,1,0,0,0.5,0.0,0,2,0,0,2,0,-1,-3,19,16,3,6,6,0,1538,1515,23,58000000,55000000,1,1,0,1
2024,1252145,4,06/09/2024,Aubagne,Versailles,3,3,4,1,1,1,2,2,0,1,4,2,2,0.67,0.67,1,1,1,1,1,1,1.0,0.0,5,1,2,0,2,1,1,0,5,2,1,0.67,0.33,2,1,0,2,1,0,0.5,0.0,0,2,0,0,2,0,-1,-1,11,12,-1,6,6,0,1530,1531,-1,50000000,51000000,0,2,0,1
2024,1252154,5,13/09/2024,Dijon,Gobelins,2,0,1,0,1,2,1,3,0,2,1,1,3,0.33,1.0,1,1,1,1,1,1,0.0,0.0,3,0,3,1,3,5,0,1,3,3,5,0.75,1.25,0,3,0,0,3,0,0.0,0.0,1,1,0,0,1,1,-2,0,10,19,-9,7,7,0,1589,1538,51,59000000,58000000,2,1,1,0
2024,1252157,5,13/09/2024,Chateauroux,Quevilly,4,3,3,1,0,3,3,5,0,2,3,3,5,0.75,1.25,1,1,1,1,1,1,0.5,0.0,4,1,1,2,2,5,0,1,4,2,5,0.5,1.25,1,1,1,1,1,1,0.5,0.0,3,2,1,1,2,3,-1,1,8,12,-4,7,7,0,1507,1531,-24,57000000,51000000,2,2,1,1
2024,1252153,5,13/09/2024,Sochaux,Nancy,2,3,4,1,1,1,3,2,1,0,4,3,2,1.0,0.67,1,1,0,1,1,0,0.5,0.0,8,2,2,0,7,2,0,0,8,7,2,1.75,0.5,3,1,2,3,1,2,1.0,0.0,9,11,6,6,11,9,-4,-4,16,3,13,7,7,0,1515,1502,13,55000000,52000000,1,0,1,0
2024,1252155,5,13/09/2024,Boulogne,Le Mans,3,2,7,2,1,0,4,1,1,0,7,4,1,1.33,0.33,2,1,0,2,1,0,1.0,0.5,5,1,2,1,1,1,0,1,5,1,1,0.25,0.25,3,0,0,3,0,0,0.0,0.5,4,5,3,3,5,4,2,3,20,19,1,14,7,7,1599,1598,1,59000000,58000000,0,2,1,0
2024,1252150,5,13/09/2024,Concarneau,Nimes,1,0,7,2,1,1,5,5,1,0,7,5,5,1.25,1.25,2,1,2,2,1,2,0.5,0.5,4,1,1,2,4,6,0,1,4,4,6,1.0,1.5,1,2,2,1,2,2,0.33,0.0,1,1,0,0,1,1,3,2,1,13,-12,7,7,0,1500,1592,-92,50000000,52000000,1,2,0,0
2024,1252152,5,13/09/2024,Villefranche,Aubagne,0,1,2,0,2,1,1,3,0,0,2,1,3,0.33,1.0,1,1,0,1,1,0,0.0,0.0,5,1,2,1,5,5,0,1,5,5,5,1.25,1.25,1,2,2,1,2,2,0.5,0.0,0,1,1,1,1,0,-3,-2,3,11,-8,7,7,0,1502,1530,-28,52000000,50000000,0,0,0,0
2024,1252149,5,14/09/2024,Rouen,Valenciennes,1,1,2,0,2,2,5,8,0,0,2,5,8,1.25,2.0,0,3,3,0,3,3,0.0,0.0,9,3,0,0,6,1,3,0,9,6,1,2.0,0.33,2,1,1,2,1,1,1.0,0.0,0,2,1,1,2,0,-7,-8,2,6,-4,7,7,0,1521,1505,16,51000000,55000000,2,0,1,1
2024,1252151,5,15/09/2024,Versailles,Orleans,1,3,6,1,3,0,5,4,1,0,6,5,4,1.25,1.0,2,2,1,2,2,1,0.5,0.0,6,2,0,1,6,4,2,0,6,6,4,2.0,1.33,1,2,2,1,2,2,0.0,1.0,1,3,2,2,3,1,0,-1,12,4,8,8,8,0,1531,1503,28,51000000,53000000,2,1,1,1
2024,1252164,6,20/09/2024,Nimes,Versailles,1,0,4,1,1,3,4,7,0,1,4,4,7,0.8,1.4,1,2,2,1,2,2,0.33,0.0,6,1,3,1,6,7,1,0,6,6,7,1.2,1.4,2,3,2,2,3,2,0.33,0.0,1,1,2,2,1,1,-2,-2,13,12,1,7,5,2,1592,1531,61,52000000,51000000,2,2,0,1
2024,1252161,6,20/09/2024,Nancy,Dijon,0,1,11,3,2,0,10,4,0,0,11,10,4,2.0,0.8,3,2,3,3,2,3,1.0,0.33,4,1,1,2,3,3,0,2,4,3,3,0.75,0.75,2,1,1,2,1,1,0.5,0.0,7,3,7,7,3,7,7,6,3,10,-7,7,7,0,1502,1589,-87,52000000,59000000,0,2,0,1
2024,1252163,6,20/09/2024,Orleans,Villefranche,1,1,9,3,0,1,9,5,2,0,9,9,5,2.25,1.25,1,3,3,1,3,3,0.0,1.0,2,0,2,2,1,4,0,0,2,1,4,0.25,1.0,1,1,0,1,1,0,0.0,0.0,2,3,5,5,3,2,7,7,4,3,1,5,7,-2,1503,1502,1,53000000,52000000,1,0,1,0
2024,1252165,6,20/09/2024,Valenciennes,Concarneau,3,3,10,3,1,0,7,2,3,0,10,7,2,1.75,0.5,2,2,1,2,2,1,1.0,0.0,10,3,1,1,6,5,1,0,10,6,5,1.2,1.0,3,1,2,3,1,2,0.67,0.5,0,2,2,2,2,0,0,4,6,1,5,6,7,-1,1505,1500,5,55000000,50000000,0,1,1,0
2024,1252159,6,20/09/2024,Le Mans,Bourg-en-bresse 01,1,2,5,1,2,2,3,4,0,1,5,3,4,0.6,0.8,3,1,1,3,1,1,0.0,0.33,5,1,2,1,2,3,1,0,5,2,3,0.5,0.75,2,1,0,2,1,0,0.0,0.33,2,4,4,4,4,2,0,0,19,11,8,7,14,-7,1598,1530,68,58000000,50000000,2,1,0,0
2024,1252166,6,20/09/2024,Rouen,Chateauroux,4,0,3,0,3,2,6,9,0,0,3,6,9,1.2,1.8,0,4,3,0,4,3,0.0,0.0,6,2,0,3,7,8,0,2,6,7,8,1.4,1.6,1,2,2,1,2,2,0.67,0.0,2,2,0,0,2,2,-3,-2,2,8,-6,6,7,-1,1521,1507,14,51000000,57000000,2,2,1,1
2024,1252160,6,20/09/2024,Gobelins,Boulogne,0,1,3,0,3,2,3,7,0,1,3,3,7,0.6,1.4,0,3,0,0,3,0,0.0,0.0,10,3,1,0,7,3,1,0,10,7,3,1.75,0.75,2,2,1,2,2,1,1.0,0.5,0,1,1,1,1,0,-7,-8,19,20,-1,7,7,0,1538,1599,-61,58000000,59000000,1,0,0,1
2024,1252162,6,20/09/2024,Aubagne,Sochaux,0,1,8,2,2,1,6,5,0,1,8,6,5,1.2,1.0,2,2,2,2,2,2,0.5,0.33,4,1,1,2,5,5,1,0,4,5,5,1.25,1.25,1,2,1,1,2,1,0.33,0.0,0,1,1,1,1,0,4,1,11,16,-5,7,7,0,1530,1515,15,50000000,55000000,0,1,0,1
2024,1252168,7,26/09/2024,Versailles,Valenciennes,1,1,6,1,3,2,6,8,1,0,6,6,7,1.2,1.4,2,3,2,2,3,2,0.33,0.0,11,3,2,0,10,5,3,0,11,10,5,2.0,1.0,2,3,2,2,3,2,0.75,0.0,0,2,0,0,2,0,-5,-7,12,6,6,6,6,0,1531,1505,26,51000000,55000000,2,0,1,1
2024,1252171,7,27/09/2024,Dijon,Aubagne,1,0,7,2,1,2,4,3,0,2,7,4,3,0.8,0.6,3,1,1,3,1,1,0.5,0.33,8,2,2,2,6,6,0,1,8,6,5,1.2,1.0,2,2,2,2,2,2,0.33,0.33,2,1,0,0,1,2,-1,1,10,11,-1,7,7,0,1589,1530,59,59000000,50000000,2,0,1,0
2024,1252170,7,27/09/2024,Sochaux,Orleans,0,0,7,2,1,2,6,5,1,0,7,6,5,1.2,1.0,2,2,1,2,2,1,0.33,0.5,10,3,1,1,10,6,2,0,10,10,6,2.0,1.2,1,4,3,1,4,3,0.0,1.0,2,6,6,6,6,2,-3,-3,16,4,12,7,7,0,1515,1503,12,55000000,53000000,1,1,1,1
2024,1252173,7,27/09/2024,Bourg-en-bresse 01,Gobelins,0,3,8,2,2,1,4,4,1,0,8,4,4,0.8,0.8,2,2,1,2,2,1,0.0,0.5,3,0,3,3,3,8,0,1,3,3,7,0.6,1.4,0,3,0,0,3,0,0.0,0.0,0,1,3,3,1,0,5,5,11,19,-8,7,7,0,1530,1538,-8,50000000,58000000,1,1,0,0
2024,1252174,7,27/09/2024,Quevilly,Le Mans,1,2,4,1,1,3,5,9,0,1,4,5,9,1.0,1.8,1,2,2,1,2,2,0.5,0.0,5,1,2,3,4,6,0,1,5,3,4,0.6,0.8,3,2,2,3,1,1,0.0,0.33,2,5,3,3,5,2,-1,-2,12,19,-7,14,7,7,1531,1598,-67,51000000,58000000,2,2,1,0
2024,1252172,7,27/09/2024,Boulogne,Nancy,1,1,13,4,1,0,8,3,1,0,13,8,3,1.6,0.6,3,2,1,3,2,1,1.0,0.67,11,3,2,1,10,5,0,0,11,10,4,2.0,0.8,3,2,3,3,2,3,0.67,0.33,0,2,0,0,2,0,2,0,20,3,17,7,7,0,1599,1502,97,59000000,52000000,0,0,1,0
2024,1252167,7,27/09/2024,Concarneau,Rouen,1,1,11,3,2,1,9,8,1,0,10,6,5,1.2,1.0,3,2,3,3,1,2,0.67,0.33,6,1,3,2,10,9,0,0,3,6,9,1.2,1.8,1,4,4,0,4,3,0.25,0.0,0,2,0,0,2,0,5,0,1,2,-1,7,7,0,1500,1521,-21,50000000,51000000,1,2,0,1
2024,1252169,7,27/09/2024,Villefranche,Nimes,0,0,3,0,3,2,2,5,0,0,3,2,5,0.4,1.0,1,2,0,1,2,0,0.0,0.0,7,2,1,3,5,7,0,1,4,4,7,0.8,1.4,2,2,2,1,2,2,0.5,0.0,0,4,0,0,4,0,-4,-1,3,13,-10,7,7,0,1502,1592,-90,52000000,52000000,0,2,0,0
2024,1252181,8,04/10/2024,Nimes,Sochaux,1,1,8,2,2,3,5,7,0,1,4,4,7,0.8,1.4,3,2,2,1,2,2,0.5,0.0,8,2,2,2,6,5,1,0,7,6,5,1.2,1.0,3,2,1,2,2,1,0.25,0.5,4,4,8,8,4,4,0,-3,13,16,-3,7,7,0,1592,1515,77,52000000,55000000,2,1,0,1
2024,1252178,8,04/10/2024,Nancy,Bourg-en-bresse 01,1,0,12,3,3,1,11,6,0,0,11,10,4,2.0,0.8,3,3,3,3,2,3,0.67,0.25,8,2,2,2,4,7,1,0,8,4,4,0.8,0.8,2,2,2,2,2,1,0.0,0.5,3,2,4,4,2,3,4,8,3,11,-8,7,7,0,1502,1530,-28,52000000,50000000,0,1,0,0
2024,1252180,8,04/10/2024,Orleans,Dijon,1,1,11,3,2,1,10,6,2,0,10,10,6,2.0,1.2,2,4,3,1,4,3,0.0,0.75,10,3,1,2,5,3,0,2,7,4,3,0.8,0.6,4,1,1,3,1,1,0.67,0.33,0,2,4,4,2,0,1,2,4,10,-6,7,7,0,1503,1589,-86,53000000,59000000,1,2,1,1
2024,1252182,8,04/10/2024,Valenciennes,Villefranche,2,2,12,3,3,0,11,6,3,0,11,10,5,2.0,1.0,2,4,2,2,3,2,0.75,0.0,4,0,4,2,2,5,0,0,3,2,5,0.4,1.0,2,2,0,1,2,0,0.0,0.0,1,2,0,0,2,1,8,8,6,3,3,8,7,1,1505,1502,3,55000000,52000000,0,0,1,0
2024,1252184,8,04/10/2024,Concarneau,Chateauroux,3,1,12,3,3,1,10,9,1,0,10,6,5,1.2,1.0,3,3,3,3,1,2,0.5,0.33,6,2,0,4,7,12,0,2,6,7,8,1.4,1.6,1,2,3,1,2,2,0.67,0.0,3,3,2,2,3,3,6,6,1,8,-7,7,14,-7,1500,1507,-7,50000000,57000000,1,2,0,1
2024,1252177,8,04/10/2024,Gobelins,Quevilly,0,1,6,1,3,3,6,8,0,1,3,3,7,0.6,1.4,1,3,1,0,3,0,0.0,0.25,4,1,1,4,6,11,0,1,4,5,9,1.0,1.8,1,3,3,1,2,2,0.33,0.0,0,1,1,1,1,0,2,3,19,12,7,7,7,0,1538,1531,7,58000000,51000000,1,2,0,1
2024,1252179,8,04/10/2024,Aubagne,Boulogne,3,0,8,2,2,3,6,7,0,1,8,6,5,1.2,1.0,2,2,2,2,2,2,0.33,0.25,14,4,2,0,9,4,1,0,13,8,3,1.6,0.6,3,3,1,3,2,1,0.67,0.67,1,1,0,0,1,1,-6,-6,11,20,-9,7,7,0,1530,1599,-69,50000000,59000000,0,0,0,1
2024,1252183,8,05/10/2024,Rouen,Versailles,0,0,7,1,4,2,11,10,0,0,3,6,9,1.2,1.8,1,5,4,0,4,3,0.25,0.0,7,1,4,2,7,9,1,0,6,6,7,1.2,1.4,2,4,2,2,3,2,0.25,0.0,0,6,2,2,6,0,0,3,2,12,-10,7,8,-1,1521,1531,-10,51000000,51000000,2,2,1,1
2024,1252129,2,09/10/2024,Orleans,Valenciennes,4,1,12,3,3,1,11,7,2,0,10,10,6,2.0,1.2,2,5,3,1,4,3,0.0,0.75,13,3,4,0,13,8,3,0,11,10,5,2.0,1.0,2,5,3,2,3,2,0.6,0.0,4,2,6,6,2,4,-1,-1,4,6,-2,5,5,0,1503,1505,-2,53000000,55000000,1,0,1,1
2024,1252189,9,18/10/2024,Dijon,Nimes,0,0,11,3,2,2,6,4,0,2,7,4,3,0.8,0.6,4,2,1,3,1,1,0.67,0.25,9,2,3,3,6,8,0,1,4,4,7,0.8,1.4,3,3,2,1,2,2,0.4,0.0,9,10,8,8,10,9,2,4,10,13,-3,14,14,0,1589,1592,-3,59000000,52000000,2,2,1,0
2024,1252193,9,18/10/2024,Chateauroux,Le Mans,1,2,6,2,0,5,8,15,0,2,6,7,8,1.4,1.6,1,3,4,1,2,2,0.67,0.0,8,2,2,3,6,7,0,1,5,3,4,0.6,0.8,3,3,3,3,1,1,0.0,0.5,6,4,7,7,4,6,-2,-6,8,19,-11,14,21,-7,1507,1598,-91,57000000,58000000,2,2,1,0
2024,1252188,9,18/10/2024,Sochaux,Valenciennes,2,0,9,2,3,2,7,6,1,0,7,6,5,1.2,1.0,3,3,1,2,2,1,0.25,0.33,13,3,4,1,14,12,3,0,11,10,5,2.0,1.0,2,6,4,2,3,2,0.6,0.0,8,12,9,9,12,8,-4,-1,16,6,10,14,9,5,1515,1505,10,55000000,55000000,1,0,1,1
2024,1252191,9,18/10/2024,Bourg-en-bresse 01,Aubagne,2,1,8,2,2,3,4,8,1,0,8,4,4,0.8,0.8,2,2,2,2,2,1,0.0,0.4,11,3,2,3,9,7,0,1,8,6,5,1.2,1.0,3,2,3,2,2,2,0.5,0.25,1,1,0,0,1,1,-3,-6,11,11,0,14,14,0,1530,1530,0,50000000,50000000,1,0,0,0
2024,1252192,9,18/10/2024,Quevilly,Nancy,0,1,7,2,1,4,7,11,0,1,4,5,9,1.0,1.8,2,3,3,1,2,2,0.33,0.25,15,4,3,1,12,6,0,0,11,10,4,2.0,0.8,4,3,3,3,2,3,0.75,0.25,4,1,1,1,1,4,-8,-10,12,3,9,14,14,0,1531,1502,29,51000000,52000000,2,0,1,0
2024,1252190,9,18/10/2024,Boulogne,Orleans,3,0,14,4,2,1,9,7,1,0,13,8,3,1.6,0.6,3,3,2,3,2,1,0.67,0.5,15,4,3,1,15,8,2,0,10,10,6,2.0,1.2,2,6,4,1,4,3,0.25,0.75,3,3,6,6,3,3,-1,-5,20,4,16,14,9,5,1599,1503,96,59000000,53000000,0,1,1,1
2024,1252187,9,18/10/2024,Villefranche,Rouen,2,1,5,0,5,2,4,7,0,0,3,2,5,0.4,1.0,2,3,1,1,2,0,0.0,0.0,8,1,5,2,11,10,0,0,3,6,9,1.2,1.8,2,5,4,0,4,3,0.2,0.0,1,2,1,1,2,1,-3,-4,3,2,1,14,13,1,1502,1521,-19,52000000,51000000,0,2,0,1
2024,1252186,9,18/10/2024,Versailles,Concarneau,1,2,8,1,5,2,7,9,1,0,6,6,7,1.2,1.4,3,4,2,2,3,2,0.25,0.0,15,4,3,1,13,10,1,0,10,6,5,1.2,1.0,3,4,4,3,1,2,0.6,0.33,0,1,3,3,1,0,-7,-5,12,1,11,13,14,-1,1531,1500,31,51000000,50000000,2,1,1,0
2024,1252198,10,23/10/2024,Nimes,Boulogne,2,0,10,2,4,3,6,8,0,1,4,4,7,0.8,1.4,4,3,2,1,2,2,0.4,0.0,17,5,2,1,12,7,1,0,13,8,3,1.6,0.6,4,3,3,3,2,1,0.75,0.5,1,1,2,2,1,1,-7,-7,13,20,-7,5,5,0,1592,1599,-7,52000000,59000000,2,0,0,1
2024,1252197,10,23/10/2024,Orleans,Bourg-en-bresse 01,1,0,15,4,3,2,15,11,2,0,10,10,6,2.0,1.2,2,6,5,1,4,3,0.25,0.6,11,3,2,3,6,9,1,0,8,4,4,0.8,0.8,2,3,3,2,2,1,0.33,0.4,8,4,4,4,4,8,4,7,4,11,-7,5,5,0,1503,1530,-27,53000000,50000000,1,1,1,0
2024,1252199,10,23/10/2024,Valenciennes,Dijon,2,0,13,3,4,2,14,14,3,0,11,10,5,2.0,1.0,2,6,4,2,3,2,0.6,0.0,12,3,3,2,6,4,0,2,7,4,3,0.8,0.6,5,2,1,3,1,1,0.5,0.25,4,4,6,6,4,4,1,-2,6,10,-4,5,5,0,1505,1589,-84,55000000,59000000,0,2,1,1
2024,1252201,10,23/10/2024,Concarneau,Villefranche,1,1,18,5,3,1,15,11,1,0,10,6,5,1.2,1.0,3,5,5,3,1,2,0.6,0.5,8,1,5,2,6,8,0,0,3,2,5,0.4,1.0,2,4,2,1,2,0,0.25,0.0,4,7,1,1,7,4,10,6,1,3,-2,5,5,0,1500,1502,-2,50000000,52000000,1,0,0,0
2024,1252202,10,23/10/2024,Versailles,Chateauroux,1,0,8,1,5,3,8,11,1,0,6,6,7,1.2,1.4,3,5,3,2,3,2,0.2,0.0,6,2,0,6,9,17,0,2,6,7,8,1.4,1.6,1,4,5,1,2,2,0.5,0.0,3,2,2,2,2,3,2,5,12,8,4,5,5,0,1531,1507,24,51000000,57000000,2,2,1,1
2024,1252200,10,23/10/2024,Rouen,Sochaux,0,0,8,1,5,3,12,12,0,0,3,6,9,1.2,1.8,2,6,5,0,4,3,0.2,0.0,12,3,3,2,9,6,1,0,7,6,5,1.2,1.0,4,3,1,2,2,1,0.4,0.33,2,2,0,0,2,2,-4,-3,2,16,-14,5,5,0,1521,1515,6,51000000,55000000,2,1,1,1
2024,1252194,10,23/10/2024,Gobelins,Le Mans,2,3,6,1,3,4,6,9,0,1,3,3,7,0.6,1.4,1,3,1,0,3,0,0.0,0.25,11,3,2,3,8,8,0,1,5,3,4,0.6,0.8,3,4,4,3,1,1,0.0,0.6,0,2,2,2,2,0,-5,-3,19,19,0,19,5,14,1538,1598,-60,58000000,58000000,1,2,0,0
2024,1252196,10,23/10/2024,Aubagne,Quevilly,1,1,11,3,2,4,10,9,0,1,8,6,5,1.2,1.0,3,3,4,2,2,2,0.5,0.2,7,2,1,5,7,12,0,1,4,5,9,1.0,1.8,2,3,3,1,2,2,0.25,0.25,0,2,0,0,2,0,4,6,11,12,-1,5,5,0,1530,1531,-1,50000000,51000000,0,2,0,1
2024,1252205,11,01/11/2024,Dijon,Rouen,1,0,12,3,3,3,6,6,0,2,7,4,3,0.8,0.6,5,2,1,3,1,1,0.5,0.2,9,1,6,3,12,12,0,0,3,6,9,1.2,1.8,3,6,5,0,4,3,0.17,0.0,2,2,0,0,2,2,3,0,10,2,8,9,9,0,1589,1521,68,59000000,51000000,2,2,1,1
2024,1252211,11,01/11/2024,Chateauroux,Gobelins,1,1,6,2,0,7,9,18,0,2,6,7,8,1.4,1.6,1,4,5,1,2,2,0.5,0.0,6,1,3,5,8,12,0,1,3,3,7,0.6,1.4,1,4,2,0,3,0,0.0,0.25,1,3,0,0,3,1,0,-5,8,19,-11,9,9,0,1507,1538,-31,57000000,58000000,2,1,1,0
2024,1252204,11,01/11/2024,Sochaux,Concarneau,1,0,13,3,4,2,9,6,1,0,7,6,5,1.2,1.0,5,3,1,2,2,1,0.4,0.25,19,5,4,1,16,12,1,0,10,6,5,1.2,1.0,3,6,5,3,1,2,0.5,0.5,1,1,0,0,1,1,-6,-1,16,1,15,9,9,0,1515,1500,15,55000000,50000000,1,1,1,0
2024,1252207,11,01/11/2024,Bourg-en-bresse 01,Nimes,2,1,11,3,2,4,6,10,1,0,8,4,4,0.8,0.8,2,3,3,2,2,1,0.33,0.33,13,3,4,3,8,8,0,1,4,4,7,0.8,1.4,5,3,2,1,2,2,0.5,0.0,2,4,2,2,4,2,-2,-4,11,13,-2,9,9,0,1530,1592,-62,50000000,52000000,1,2,0,0
2024,1252210,11,01/11/2024,Le Mans,Nancy,0,4,14,4,2,3,11,10,0,1,5,3,4,0.6,0.8,3,5,5,3,1,1,0.0,0.67,18,5,3,1,13,6,0,0,11,10,4,2.0,0.8,5,3,3,3,2,3,0.75,0.4,1,2,5,5,2,1,-4,-6,19,3,16,9,14,-5,1598,1502,96,58000000,52000000,2,0,0,0
2024,1252206,11,01/11/2024,Boulogne,Valenciennes,0,0,17,5,2,2,12,9,1,0,13,8,3,1.6,0.6,4,3,3,3,2,1,0.75,0.4,16,4,4,2,16,14,3,0,11,10,5,2.0,1.0,3,6,4,2,3,2,0.67,0.0,0,2,1,1,2,0,1,1,20,6,14,9,9,0,1599,1505,94,59000000,55000000,0,0,1,1
2024,1252203,11,01/11/2024,Villefranche,Versailles,1,3,9,1,6,2,7,9,0,0,3,2,5,0.4,1.0,2,5,2,1,2,0,0.25,0.0,11,2,5,3,9,11,1,0,6,6,7,1.2,1.4,4,5,3,2,3,2,0.33,0.0,1,1,4,4,1,1,-2,0,3,12,-9,9,9,0,1502,1531,-29,52000000,51000000,0,2,0,1
2024,1252208,11,02/11/2024,Quevilly,Orleans,1,1,8,2,2,5,8,13,0,1,4,5,9,1.0,1.8,2,4,3,1,2,2,0.25,0.2,18,5,3,2,16,11,2,0,10,10,6,2.0,1.2,3,6,5,1,4,3,0.4,0.6,6,3,4,4,3,6,-10,-10,12,4,8,10,10,0,1531,1503,28,51000000,53000000,2,1,1,1
2024,1252215,12,08/11/2024,Nimes,Quevilly,0,2,13,3,4,3,8,8,1,0,7,4,5,0.8,1.0,5,3,2,2,1,1,0.6,0.0,9,2,3,5,9,14,0,1,4,5,9,1.0,1.8,2,5,3,1,2,2,0.2,0.2,7,1,2,2,1,7,4,5,13,12,1,7,6,1,1592,1531,61,52000000,51000000,2,2,0,1
2024,1252212,12,08/11/2024,Nancy,Gobelins,1,2,21,6,3,1,17,6,0,0,11,10,4,2.0,0.8,6,3,4,3,2,3,0.75,0.5,7,1,4,5,9,13,0,1,3,3,7,0.6,1.4,1,5,2,0,3,0,0.0,0.2,1,2,1,1,2,1,14,15,3,19,-16,7,7,0,1502,1538,-36,52000000,58000000,0,1,0,0
2024,1252216,12,08/11/2024,Valenciennes,Bourg-en-bresse 01,1,2,14,3,5,2,15,14,2,0,9,10,6,2.0,1.2,3,6,4,1,4,2,0.6,0.0,14,4,2,4,8,11,1,0,8,4,4,0.8,0.8,2,4,4,2,2,1,0.5,0.33,2,5,1,1,5,2,0,4,6,11,-5,7,7,0,1505,1530,-25,55000000,50000000,0,1,1,0
2024,1252218,12,08/11/2024,Concarneau,Dijon,1,2,16,4,4,2,14,13,0,1,8,7,8,1.4,1.6,2,6,5,2,2,3,0.4,0.4,15,4,3,3,7,6,0,2,7,4,3,0.8,0.6,6,2,1,3,1,1,0.6,0.2,1,1,1,1,1,1,1,0,1,10,-9,7,7,0,1500,1589,-89,50000000,59000000,1,2,0,1
2024,1252220,12,08/11/2024,Villefranche,Chateauroux,2,2,9,1,6,3,8,12,0,0,3,2,5,0.4,1.0,2,6,3,1,2,0,0.2,0.0,7,2,1,7,10,19,0,2,6,7,8,1.4,1.6,1,5,5,1,2,2,0.4,0.0,2,5,1,1,5,2,2,5,3,8,-5,7,7,0,1502,1507,-5,52000000,57000000,0,2,0,1
2024,1252219,12,08/11/2024,Versailles,Sochaux,1,1,11,2,5,3,11,12,0,0,3,5,8,1.0,1.6,3,6,4,1,3,2,0.2,0.2,16,4,4,2,10,6,1,0,7,6,5,1.2,1.0,6,3,1,2,2,1,0.5,0.25,0,4,0,0,4,0,-5,-5,12,16,-4,7,7,0,1531,1515,16,51000000,55000000,2,1,1,1
2024,1252217,12,08/11/2024,Rouen,Boulogne,3,1,8,1,5,4,10,11,0,2,5,8,7,1.6,1.4,3,5,4,1,3,3,0.2,0.0,18,5,3,2,12,9,1,0,13,8,3,1.6,0.6,5,3,3,3,2,1,0.6,0.4,2,3,1,1,3,2,-10,-4,2,20,-18,7,7,0,1521,1599,-78,51000000,59000000,2,0,1,1
2024,1252213,12,08/11/2024,Aubagne,Le Mans,1,0,12,3,3,4,11,10,0,1,8,6,5,1.2,1.0,3,4,4,2,2,2,0.4,0.2,14,4,2,4,11,14,0,1,5,3,4,0.6,0.8,3,5,6,3,1,1,0.0,0.67,1,1,0,0,1,1,-2,4,11,19,-8,16,7,9,1530,1598,-68,50000000,58000000,0,2,0,0
2024,1252222,13,22/11/2024,Dijon,Versailles,2,0,18,5,3,2,9,6,0,1,10,5,2,1.0,0.4,6,3,2,4,1,1,0.75,0.33,11,2,5,3,11,12,0,0,3,5,8,1.0,1.6,3,6,4,1,3,2,0.17,0.25,3,1,1,1,1,3,7,4,10,12,-2,14,14,0,1589,1531,58,59000000,51000000,2,2,1,1
2024,1252229,13,22/11/2024,Chateauroux,Nancy,0,2,8,2,2,6,12,20,0,1,6,7,11,1.4,2.2,1,6,6,1,2,3,0.5,0.0,20,6,2,2,16,6,1,0,10,8,3,1.6,0.6,6,3,4,3,1,2,0.6,0.6,6,2,11,11,2,6,-12,-18,8,3,5,14,14,0,1507,1502,5,57000000,52000000,2,0,1,0
2024,1252221,13,22/11/2024,Sochaux,Villefranche,2,1,14,3,5,2,9,7,0,1,5,4,5,0.8,1.0,5,4,1,2,2,1,0.4,0.2,9,1,6,3,10,14,0,0,3,2,5,0.4,1.0,1,7,4,1,2,0,0.17,0.0,2,3,0,0,3,2,5,6,16,3,13,14,14,0,1515,1502,13,55000000,52000000,1,0,1,0
2024,1252224,13,22/11/2024,Bourg-en-bresse 01,Rouen,0,1,14,4,2,4,9,12,0,0,5,3,7,0.6,1.4,1,5,5,1,2,2,0.5,0.33,11,2,5,3,12,10,0,1,6,8,6,1.6,1.2,3,5,4,1,3,2,0.33,0.0,0,1,3,3,1,0,3,-5,11,2,9,14,14,0,1530,1521,9,50000000,51000000,1,2,0,1
2024,1252225,13,22/11/2024,Quevilly,Valenciennes,2,0,12,3,3,4,11,12,1,0,4,6,9,1.2,1.8,3,5,3,1,3,3,0.2,0.4,11,2,5,3,14,16,1,0,7,10,8,2.0,1.6,2,7,5,0,5,3,0.4,0.0,2,7,1,1,7,2,1,1,12,6,6,14,14,0,1531,1505,26,51000000,55000000,2,0,1,1
2024,1252227,13,22/11/2024,Le Mans,Orleans,0,2,14,4,2,4,11,14,0,0,5,4,5,0.8,1.0,3,5,6,3,2,2,0.0,0.67,16,4,4,2,15,11,1,0,8,8,5,1.6,1.0,3,6,4,2,3,2,0.4,0.4,6,4,4,4,4,6,-2,-7,19,4,15,14,20,-6,1598,1503,95,58000000,53000000,2,1,0,1
2024,1252228,13,22/11/2024,Gobelins,Aubagne,1,0,10,2,4,4,11,12,0,0,3,3,6,0.6,1.2,1,6,3,0,3,0,0.0,0.4,15,4,3,3,12,9,1,0,8,6,5,1.2,1.0,4,4,4,2,2,2,0.5,0.25,1,1,0,0,1,1,-5,-4,19,11,8,14,14,0,1538,1530,8,58000000,50000000,1,0,0,0
2024,1252223,13,23/11/2024,Boulogne,Concarneau,2,1,15,4,3,3,12,12,0,0,11,8,4,1.6,0.8,4,4,4,2,3,1,0.6,0.2,16,4,4,2,15,12,0,0,9,8,6,1.6,1.2,2,7,5,2,3,2,0.33,0.5,6,5,3,3,5,6,-1,-3,20,1,19,15,15,0,1599,1500,99,59000000,50000000,0,1,1,0
2024,1252233,14,06/12/2024,Nimes,Le Mans,0,0,10,2,4,4,7,10,0,1,5,3,5,0.6,1.0,4,3,2,2,1,1,0.4,0.0,13,4,1,5,11,16,1,0,7,6,6,1.2,1.2,2,5,6,2,3,3,0.0,0.67,2,5,1,1,5,2,-3,2,13,19,-6,28,14,14,1592,1598,-6,52000000,58000000,2,2,0,0
2024,1252232,14,06/12/2024,Orleans,Gobelins,3,1,16,4,4,2,15,11,0,1,6,7,6,1.4,1.2,3,6,4,1,4,2,0.4,0.4,12,3,3,4,11,11,0,0,5,5,5,1.0,1.0,2,5,3,1,2,1,0.2,0.4,1,3,0,0,3,1,4,4,4,19,-15,14,14,0,1503,1538,-35,53000000,58000000,1,1,1,0
2024,1252238,14,06/12/2024,Sochaux,Chateauroux,2,2,17,4,5,1,11,7,0,0,6,5,5,1.0,1.0,5,5,2,2,3,1,0.6,0.2,8,2,2,6,12,21,1,0,6,8,13,1.6,2.6,1,6,6,1,3,4,0.4,0.0,2,8,4,4,8,2,9,13,16,8,8,14,14,0,1515,1507,8,55000000,57000000,1,2,1,1
2024,1252235,14,06/12/2024,Concarneau,Bourg-en-bresse 01,2,1,15,4,3,3,16,14,2,0,11,11,7,2.2,1.4,1,8,6,1,4,3,0.4,0.4,13,4,1,5,8,12,0,1,4,2,7,0.4,1.4,1,4,5,1,1,2,0.5,0.33,3,6,3,3,6,3,2,6,1,11,-10,13,14,-1,1500,1530,-30,50000000,50000000,1,1,0,0
2024,1252237,14,06/12/2024,Villefranche,Dijon,1,0,8,1,5,4,10,15,0,2,3,3,6,0.6,1.2,1,7,5,1,2,1,0.2,0.0,21,6,3,1,10,4,0,0,11,5,1,1.0,0.2,7,2,1,4,1,0,0.8,0.4,2,1,2,2,1,2,-13,-11,3,10,-7,14,14,0,1502,1589,-87,52000000,59000000,0,2,0,1
2024,1252236,14,06/12/2024,Versailles,Boulogne,2,3,10,2,4,4,11,14,0,0,3,5,8,1.0,1.6,2,6,4,1,3,2,0.2,0.2,17,5,2,3,13,12,3,0,10,7,6,1.4,1.2,4,4,5,2,2,2,0.67,0.25,0,2,3,3,2,0,-7,-4,12,20,-8,14,13,1,1531,1599,-68,51000000,59000000,2,0,1,1
2024,1252234,14,06/12/2024,Rouen,Quevilly,2,0,14,3,5,2,13,8,0,0,7,8,4,1.6,0.8,4,5,4,2,3,2,0.4,0.2,12,3,3,4,11,11,0,1,4,5,8,1.0,1.6,4,4,2,2,2,2,0.2,0.4,3,2,2,2,2,3,2,5,2,12,-10,14,14,0,1521,1531,-10,51000000,51000000,2,2,1,1
2024,1252231,14,06/12/2024,Aubagne,Nancy,4,0,12,3,3,4,10,9,0,0,5,4,5,0.8,1.0,4,3,3,2,1,1,0.4,0.2,20,6,2,2,15,6,0,0,8,6,4,1.2,0.8,6,3,3,2,2,1,0.5,0.67,2,1,0,0,1,2,-8,-8,11,3,8,14,14,0,1530,1502,28,50000000,52000000,0,0,0,0
2024,1252239,15,13/12/2024,Dijon,Sochaux,0,0,20,6,2,2,10,5,3,0,11,5,1,1.0,0.2,6,2,1,4,1,0,0.8,0.4,17,4,5,1,12,8,0,1,8,6,4,1.2,0.8,5,5,3,3,2,1,0.5,0.25,4,7,6,6,7,4,3,1,10,16,-6,7,7,0,1589,1515,74,59000000,55000000,2,1,1,1
2024,1252246,15,13/12/2024,Nancy,Orleans,1,0,19,6,1,3,15,10,2,0,10,7,4,1.4,0.8,5,3,4,2,2,1,0.5,0.67,19,5,4,1,16,9,1,0,9,9,4,1.8,0.8,3,6,4,1,4,2,0.6,0.4,7,5,4,4,5,7,0,-2,3,4,-1,7,7,0,1502,1503,-1,52000000,53000000,0,1,0,1
2024,1252247,15,13/12/2024,Chateauroux,Aubagne,2,7,6,1,3,6,12,23,0,1,3,7,15,1.4,3.0,0,7,7,0,4,5,0.25,0.0,14,4,2,4,14,9,0,0,7,7,5,1.4,1.0,4,3,4,2,1,2,0.5,0.25,0,1,1,1,1,0,-8,-16,8,11,-3,7,7,0,1507,1530,-23,57000000,50000000,2,0,1,0
2024,1252241,15,13/12/2024,Bourg-en-bresse 01,Versailles,1,0,13,4,1,5,9,12,0,0,7,4,6,0.8,1.2,1,5,6,1,2,3,0.5,0.33,9,2,3,5,10,14,0,2,2,3,7,0.6,1.4,2,6,4,1,3,2,0.17,0.25,2,1,1,1,1,2,4,1,11,12,-1,7,7,0,1530,1531,-1,50000000,51000000,1,2,0,1
2024,1252240,15,13/12/2024,Boulogne,Villefranche,1,0,17,5,2,3,14,14,2,0,10,8,6,1.6,1.2,3,5,6,2,2,3,0.6,0.4,11,2,5,3,11,13,0,1,6,5,5,1.0,1.0,2,7,5,1,3,2,0.33,0.0,1,5,4,4,5,1,6,2,20,3,17,7,7,0,1599,1502,97,59000000,52000000,0,0,1,0
2024,1252245,15,13/12/2024,Gobelins,Nimes,1,1,11,3,2,5,11,13,0,0,4,4,5,0.8,1.0,2,5,4,1,1,1,0.2,0.4,11,2,5,3,7,8,0,0,6,4,4,0.8,0.8,5,3,2,2,2,1,0.33,0.0,0,2,0,0,2,0,0,-1,19,13,6,7,7,0,1538,1592,-54,58000000,52000000,1,2,0,0
2024,1252244,15,13/12/2024,Le Mans,Valenciennes,2,1,11,3,2,5,10,16,0,0,7,7,7,1.4,1.4,2,5,6,1,4,4,0.0,0.5,8,1,5,4,11,17,0,0,4,8,11,1.6,2.2,2,6,4,0,5,3,0.25,0.0,2,1,3,3,1,2,3,0,19,6,13,7,21,-14,1598,1505,93,58000000,55000000,2,0,0,1
2024,1252242,15,14/12/2024,Quevilly,Concarneau,2,1,12,3,3,4,11,11,0,0,4,5,7,1.0,1.4,4,4,2,2,2,2,0.2,0.4,15,4,3,3,15,13,1,0,11,10,6,2.0,1.2,1,8,6,1,4,3,0.5,0.25,3,4,5,5,4,3,-3,-2,12,1,11,7,7,0,1531,1500,31,51000000,50000000,2,1,1,0
2024,1252256,16,10/01/2025,Dijon,Chateauroux,4,0,18,5,3,2,8,5,2,0,8,3,3,0.6,0.6,6,2,1,3,1,0,0.6,0.4,6,1,3,6,13,27,1,0,3,6,13,1.2,2.6,0,7,7,0,3,4,0.2,0.0,5,5,3,3,5,5,12,17,10,8,2,28,28,0,1589,1507,82,59000000,57000000,2,2,1,1
2024,1252250,16,10/01/2025,Nimes,Nancy,1,2,11,2,5,3,6,7,0,1,6,2,2,0.4,0.4,5,3,1,3,1,0,0.4,0.0,19,6,1,3,14,10,1,0,10,6,4,1.2,0.8,5,3,4,2,2,1,0.5,0.67,5,5,4,4,5,5,-8,-5,13,3,10,28,28,0,1592,1502,90,52000000,52000000,2,0,0,0
2024,1252249,16,10/01/2025,Orleans,Aubagne,2,1,16,4,4,2,13,9,0,0,6,6,6,1.2,1.2,3,5,3,1,3,2,0.6,0.2,16,5,1,4,18,8,1,0,6,5,4,1.0,0.8,4,3,4,2,1,2,0.6,0.4,1,1,0,0,1,1,0,-6,4,11,-7,28,28,0,1503,1530,-27,53000000,50000000,1,0,1,0
2024,1252248,16,10/01/2025,Valenciennes,Gobelins,1,1,7,1,4,5,11,18,0,0,3,7,12,1.4,2.4,2,6,5,0,4,3,0.25,0.0,11,3,2,5,11,13,0,2,3,5,7,1.0,1.4,2,5,4,1,1,2,0.2,0.4,0,2,0,0,2,0,-4,-5,6,19,-13,27,28,-1,1505,1538,-33,55000000,58000000,0,1,1,0
2024,1252255,16,10/01/2025,Sochaux,Boulogne,1,1,18,4,6,0,10,5,1,0,9,4,1,0.8,0.2,6,4,2,4,1,0,0.6,0.2,17,5,2,3,12,12,1,0,7,5,6,1.0,1.2,4,4,5,2,1,2,0.6,0.4,0,2,0,0,2,0,1,5,16,20,-4,28,28,0,1515,1599,-84,55000000,59000000,1,0,1,1
2024,1252254,16,10/01/2025,Villefranche,Bourg-en-bresse 01,1,1,11,2,5,3,11,13,0,0,7,6,5,1.2,1.0,2,7,5,1,4,2,0.4,0.0,15,5,0,5,10,12,1,0,6,4,7,0.8,1.4,1,5,6,0,2,3,0.6,0.4,4,5,5,5,5,4,-4,0,3,11,-8,28,28,0,1502,1530,-28,52000000,50000000,0,1,0,0
2024,1252253,16,10/01/2025,Versailles,Quevilly,0,1,9,2,3,5,9,12,0,1,5,3,4,0.6,0.8,2,5,3,2,2,1,0.2,0.2,14,4,2,4,13,12,0,2,4,6,8,1.2,1.6,3,5,3,1,3,2,0.4,0.4,0,3,1,1,3,0,-5,-4,12,12,0,28,27,1,1531,1531,0,51000000,51000000,2,2,1,1
2024,1252251,16,10/01/2025,Rouen,Le Mans,2,2,16,4,4,2,13,6,0,0,6,7,4,1.4,0.8,5,4,3,2,3,2,0.5,0.25,13,4,1,5,12,17,0,2,9,10,9,2.0,1.8,1,6,7,0,5,5,0.25,0.5,1,2,1,1,2,1,3,12,2,19,-17,35,27,8,1521,1598,-77,51000000,58000000,2,2,1,0
2024,1334986,14,14/01/2025,Aubagne,Nancy,2,1,13,4,1,5,18,10,0,2,4,5,5,1.0,1.0,3,4,5,1,2,2,0.6,0.2,19,6,1,3,13,9,0,1,10,7,2,1.4,0.4,5,3,4,3,1,1,0.5,0.67,2,1,0,0,1,2,-6,4,11,3,8,4,4,0,1530,1502,28,50000000,52000000,0,0,0,0
2024,1252265,17,17/01/2025,Orleans,Chateauroux,1,1,18,5,3,2,14,9,0,0,8,6,5,1.2,1.0,3,5,4,2,2,2,0.8,0.2,3,0,3,7,9,28,0,4,1,3,11,0.6,2.2,0,6,7,0,3,3,0.0,0.0,4,13,5,5,13,4,15,24,4,8,-4,7,7,0,1503,1507,-4,53000000,57000000,1,2,1,1
2024,1252257,17,17/01/2025,Boulogne,Dijon,2,2,15,4,3,3,12,13,0,0,5,4,6,0.8,1.2,3,5,5,2,1,2,0.6,0.2,18,5,3,2,11,5,1,0,8,3,3,0.6,0.6,6,2,2,3,1,0,0.67,0.25,0,3,1,1,3,0,-3,-7,20,10,10,7,7,0,1599,1589,10,59000000,59000000,0,2,1,1
2024,1252262,17,17/01/2025,Gobelins,Rouen,1,0,12,3,3,4,12,12,0,1,4,6,6,1.2,1.2,2,6,4,1,2,2,0.2,0.4,16,4,4,2,14,7,1,0,6,6,3,1.2,0.6,5,4,4,3,2,2,0.5,0.25,1,1,2,2,1,1,-4,-7,19,2,17,7,7,0,1538,1521,17,58000000,51000000,1,2,0,1
2024,1252263,17,18/01/2025,Nancy,Valenciennes,0,0,19,6,1,3,14,10,0,0,10,8,3,1.6,0.6,5,4,5,3,2,2,0.67,0.57,7,1,4,5,9,16,0,0,5,6,9,1.2,1.8,2,6,4,1,3,2,0.25,0.0,6,9,7,7,9,6,12,11,3,6,-3,4,8,-4,1502,1505,-3,52000000,55000000,0,0,0,1
2024,1252258,17,18/01/2025,Bourg-en-bresse 01,Sochaux,0,0,13,4,1,5,9,12,0,2,6,4,7,0.8,1.4,1,5,5,0,2,3,0.6,0.2,16,3,7,0,10,6,0,0,9,4,1,0.8,0.2,5,5,2,4,1,0,0.5,0.0,2,6,2,2,6,2,-3,-7,11,16,-5,8,8,0,1530,1515,15,50000000,55000000,1,1,0,1
2024,1252261,17,18/01/2025,Le Mans,Concarneau,0,0,14,4,2,4,12,16,0,1,9,8,10,1.6,2.0,1,6,7,0,4,5,0.25,0.5,12,3,3,4,15,15,0,0,9,10,7,2.0,1.4,0,9,7,0,5,3,0.4,0.2,3,4,3,3,4,3,2,-4,19,1,18,8,35,-27,1598,1500,98,58000000,50000000,2,1,0,0
2024,1252264,17,18/01/2025,Aubagne,Nimes,0,0,16,5,1,4,20,10,0,1,7,6,4,1.2,0.8,3,5,6,2,2,2,0.8,0.2,11,2,5,3,7,8,1,0,9,4,1,0.8,0.2,5,4,2,4,1,0,0.33,0.0,0,3,0,0,3,0,5,11,11,13,-2,4,8,-4,1530,1592,-62,50000000,52000000,0,2,0,0
2024,1252259,17,19/01/2025,Quevilly,Villefranche,0,0,17,5,2,3,11,8,0,1,5,4,5,0.8,1.0,4,4,2,1,3,1,0.4,0.6,11,2,5,3,11,13,0,0,6,6,7,1.2,1.4,2,7,5,1,4,3,0.33,0.0,4,2,4,4,2,4,6,5,12,3,9,8,8,0,1531,1502,29,51000000,52000000,2,0,1,0
2024,1252269,18,24/01/2025,Villefranche,Le Mans,0,0,11,2,5,3,11,13,0,0,6,6,7,1.2,1.4,2,7,5,1,4,3,0.33,0.0,14,4,2,4,12,16,0,1,9,8,10,1.6,2.0,1,6,7,0,4,5,0.25,0.5,4,4,4,4,4,4,-3,2,3,19,-16,13,13,0,1502,1598,-96,52000000,58000000,0,2,0,0
2024,1252267,18,24/01/2025,Dijon,Quevilly,0,0,16,4,4,2,12,7,0,0,8,4,4,0.8,0.8,5,3,3,2,2,1,0.6,0.2,17,5,2,3,11,8,0,1,5,4,5,0.8,1.0,4,4,2,1,3,1,0.4,0.6,1,3,3,3,3,1,-1,2,10,12,-2,7,14,-7,1589,1531,58,59000000,51000000,2,2,1,1
2024,1252273,18,24/01/2025,Valenciennes,Orleans,0,0,7,1,4,5,9,16,0,0,5,6,9,1.2,1.8,2,6,4,1,3,2,0.25,0.0,18,5,3,2,15,10,0,0,8,7,6,1.4,1.2,2,6,4,1,3,2,0.67,0.25,6,2,4,4,2,6,-11,-12,6,4,2,14,7,7,1505,1503,2,55000000,53000000,0,1,1,1
2024,1252274,18,24/01/2025,Chateauroux,Nimes,0,0,4,0,4,6,10,25,0,3,2,5,9,1.0,1.8,0,7,6,0,4,3,0.0,0.0,11,2,5,3,7,8,1,0,9,4,1,0.8,0.2,5,4,2,4,1,0,0.33,0.0,5,4,6,6,4,5,-7,-14,8,13,-5,7,14,-7,1507,1592,-85,57000000,52000000,2,2,1,0
2024,1252266,18,24/01/2025,Boulogne,Bourg-en-bresse 01,0,0,15,4,3,3,13,14,0,1,4,4,8,0.8,1.6,3,5,6,2,1,3,0.6,0.2,13,4,1,5,9,12,0,2,6,4,7,0.8,1.4,1,5,5,0,2,3,0.6,0.2,6,6,4,4,6,6,2,2,20,11,9,7,14,-7,1599,1530,69,59000000,50000000,0,1,1,0
2024,1252271,18,24/01/2025,Concarneau,Nancy,0,0,12,3,3,4,15,15,0,0,9,10,7,2.0,1.4,0,9,7,0,5,3,0.4,0.2,19,6,1,3,14,10,0,0,10,8,3,1.6,0.6,5,4,5,3,2,2,0.67,0.57,1,1,2,2,1,1,-7,-4,1,3,-2,41,10,31,1500,1502,-2,50000000,52000000,1,0,0,0
2024,1252270,18,24/01/2025,Versailles,Gobelins,0,0,9,2,3,5,9,12,0,0,8,6,4,1.2,0.8,2,5,3,2,3,2,0.17,0.25,15,4,3,3,13,11,1,0,7,8,6,1.6,1.2,3,6,4,1,3,3,0.4,0.4,1,2,1,1,2,1,-6,-5,12,19,-7,14,7,7,1531,1538,-7,51000000,58000000,2,1,1,0
2024,1252272,18,24/01/2025,Rouen,Aubagne,0,0,13,3,4,3,10,8,0,0,3,2,4,0.4,0.8,4,4,3,2,2,1,0.4,0.2,16,5,1,4,20,10,0,1,7,6,4,1.2,0.8,3,5,6,2,2,2,0.8,0.2,0,1,1,1,1,0,-3,-8,2,11,-9,7,10,-3,1521,1530,-9,51000000,50000000,2,0,1,0
2024,1252275,19,31/01/2025,Nimes,Valenciennes,0,0,11,2,5,3,7,8,1,0,9,4,1,0.8,0.2,5,4,2,4,1,0,0.33,0.0,7,1,4,5,9,16,0,0,5,6,9,1.2,1.8,2,6,4,1,3,2,0.25,0.0,8,4,2,2,4,8,4,6,13,6,7,21,21,0,1592,1505,87,52000000,55000000,2,0,0,1
2024,1252278,19,31/01/2025,Nancy,Versailles,0,0,19,6,1,3,14,10,0,0,10,8,3,1.6,0.6,5,4,5,3,2,2,0.67,0.57,9,2,3,5,9,12,0,0,8,6,4,1.2,0.8,2,5,3,2,3,2,0.17,0.25,1,4,1,1,4,1,10,7,3,12,-9,17,21,-4,1502,1531,-29,52000000,51000000,0,2,0,1
2024,1252276,19,31/01/2025,Orleans,Rouen,0,0,18,5,3,2,15,10,0,0,8,7,6,1.4,1.2,2,6,4,1,3,2,0.67,0.25,13,3,4,3,10,8,0,0,3,2,4,0.4,0.8,4,4,3,2,2,1,0.4,0.2,2,4,3,3,4,2,5,3,4,2,2,14,14,0,1503,1521,-18,53000000,51000000,1,2,1,1
2024,1252283,19,31/01/2025,Bourg-en-bresse 01,Chateauroux,0,0,13,4,1,5,9,12,0,2,6,4,7,0.8,1.4,1,5,5,0,2,3,0.6,0.2,4,0,4,6,10,25,0,3,2,5,9,1.0,1.8,0,7,6,0,4,3,0.0,0.0,3,2,3,3,2,3,9,12,11,8,3,21,14,7,1530,1507,23,50000000,57000000,1,2,0,1
2024,1252282,19,31/01/2025,Quevilly,Boulogne,0,0,17,5,2,3,11,8,0,1,5,4,5,0.8,1.0,4,4,2,1,3,1,0.4,0.6,15,4,3,3,13,14,0,1,4,4,8,0.8,1.6,3,5,6,2,1,3,0.6,0.2,1,6,6,6,6,1,2,4,12,20,-8,21,14,7,1531,1599,-68,51000000,59000000,2,0,1,1
2024,1252280,19,31/01/2025,Le Mans,Sochaux,0,0,14,4,2,4,12,16,0,1,9,8,10,1.6,2.0,1,6,7,0,4,5,0.25,0.5,16,3,7,0,10,6,0,0,9,4,1,0.8,0.2,5,5,2,4,1,0,0.5,0.0,3,2,1,1,2,3,-2,-8,19,16,3,21,21,0,1598,1515,83,58000000,55000000,2,1,0,1
2024,1252279,19,31/01/2025,Gobelins,Villefranche,0,0,15,4,3,3,13,11,1,0,7,8,6,1.6,1.2,3,6,4,1,3,3,0.4,0.4,11,2,5,3,11,13,0,0,6,6,7,1.2,1.4,2,7,5,1,4,3,0.33,0.0,0,3,1,1,3,0,4,4,19,3,16,14,21,-7,1538,1502,36,58000000,52000000,1,0,0,0
2024,1252277,19,31/01/2025,Aubagne,Concarneau,0,0,16,5,1,4,20,10,0,1,7,6,4,1.2,0.8,3,5,6,2,2,2,0.8,0.2,12,3,3,4,15,15,0,0,9,10,7,2.0,1.4,0,9,7,0,5,3,0.4,0.2,0,2,0,0,2,0,4,10,11,1,10,17,48,-31,1530,1500,30,50000000,50000000,0,1,0,0
2024,1252286,20,07/02/2025,Dijon,Le Mans,0,0,16,4,4,2,12,7,0,0,8,4,4,0.8,0.8,5,3,3,2,2,1,0.6,0.2,14,4,2,4,12,16,0,1,9,8,10,1.6,2.0,1,6,7,0,4,5,0.25,0.5,3,5,0,0,5,3,2,9,10,19,-9,21,28,-7,1589,1598,-9,59000000,58000000,2,2,1,0
2024,1252292,20,07/02/2025,Chateauroux,Valenciennes,0,0,4,0,4,6,10,25,0,3,2,5,9,1.0,1.8,0,7,6,0,4,3,0.0,0.0,7,1,4,5,9,16,0,0,5,6,9,1.2,1.8,2,6,4,1,3,2,0.25,0.0,3,5,4,4,5,3,-3,-8,8,6,2,21,28,-7,1507,1505,2,57000000,55000000,2,0,1,1
2024,1252287,20,07/02/2025,Sochaux,Gobelins,0,0,16,3,7,0,10,6,0,0,9,4,1,0.8,0.2,5,5,2,4,1,0,0.5,0.0,15,4,3,3,13,11,1,0,7,8,6,1.6,1.2,3,6,4,1,3,3,0.4,0.4,0,2,0,0,2,0,1,2,16,19,-3,28,21,7,1515,1538,-23,55000000,58000000,1,1,1,0
2024,1252284,20,07/02/2025,Bourg-en-bresse 01,Quevilly,0,0,13,4,1,5,9,12,0,2,6,4,7,0.8,1.4,1,5,5,0,2,3,0.6,0.2,17,5,2,3,11,8,0,1,5,4,5,0.8,1.0,4,4,2,1,3,1,0.4,0.6,3,5,5,5,5,3,-4,-6,11,12,-1,28,28,0,1530,1531,-1,50000000,51000000,1,2,0,1
2024,1252290,20,07/02/2025,Concarneau,Orleans,0,0,12,3,3,4,15,15,0,0,9,10,7,2.0,1.4,0,9,7,0,5,3,0.4,0.2,18,5,3,2,15,10,0,0,8,7,6,1.4,1.2,2,6,4,1,3,2,0.67,0.25,2,3,3,3,3,2,-6,-5,1,4,-3,55,21,34,1500,1503,-3,50000000,53000000,1,1,0,1
2024,1252288,20,07/02/2025,Villefranche,Nancy,0,0,11,2,5,3,11,13,0,0,6,6,7,1.2,1.4,2,7,5,1,4,3,0.33,0.0,19,6,1,3,14,10,0,0,10,8,3,1.6,0.6,5,4,5,3,2,2,0.67,0.57,2,2,2,2,2,2,-8,-6,3,3,0,28,24,4,1502,1502,0,52000000,52000000,0,0,0,0
2024,1252289,20,07/02/2025,Versailles,Aubagne,0,0,9,2,3,5,9,12,0,0,8,6,4,1.2,0.8,2,5,3,2,3,2,0.17,0.25,16,5,1,4,20,10,0,1,7,6,4,1.2,0.8,3,5,6,2,2,2,0.8,0.2,0,2,0,0,2,0,-7,-13,12,11,1,28,24,4,1531,1530,1,51000000,50000000,2,0,1,0
2024,1252291,20,07/02/2025,Rouen,Nimes,0,0,13,3,4,3,10,8,0,0,3,2,4,0.4,0.8,4,4,3,2,2,1,0.4,0.2,11,2,5,3,7,8,1,0,9,4,1,0.8,0.2,5,4,2,4,1,0,0.33,0.0,1,3,2,2,3,1,2,3,2,13,-11,21,28,-7,1521,1592,-71,51000000,52000000,2,2,1,0
2024,1252294,21,14/02/2025,Nimes,Concarneau,0,0,11,2,5,3,7,8,1,0,9,4,1,0.8,0.2,5,4,2,4,1,0,0.33,0.0,12,3,3,4,15,15,0,0,9,10,7,2.0,1.4,0,9,7,0,5,3,0.4,0.2,0,1,1,1,1,0,-1,-1,13,1,12,35,62,-27,1592,1500,92,52000000,50000000,2,1,0,0
2024,1252297,21,14/02/2025,Nancy,Sochaux,0,0,19,6,1,3,14,10,0,0,10,8,3,1.6,0.6,5,4,5,3,2,2,0.67,0.57,16,3,7,0,10,6,0,0,9,4,1,0.8,0.2,5,5,2,4,1,0,0.5,0.0,6,11,9,9,11,6,3,0,3,16,-13,31,35,-4,1502,1515,-13,52000000,55000000,0,1,0,1
2024,1252295,21,14/02/2025,Orleans,Versailles,0,0,18,5,3,2,15,10,0,0,8,7,6,1.4,1.2,2,6,4,1,3,2,0.67,0.25,9,2,3,5,9,12,0,0,8,6,4,1.2,0.8,2,5,3,2,3,2,0.17,0.25,2,3,1,1,3,2,9,8,4,12,-8,28,35,-7,1503,1531,-28,53000000,51000000,1,2,1,1
2024,1252293,21,14/02/2025,Valenciennes,Rouen,0,0,7,1,4,5,9,16,0,0,5,6,9,1.2,1.8,2,6,4,1,3,2,0.25,0.0,13,3,4,3,10,8,0,0,3,2,4,0.4,0.8,4,4,3,2,2,1,0.4,0.2,1,2,0,0,2,1,-6,-9,6,2,4,35,28,7,1505,1521,-16,55000000,51000000,0,2,1,1
2024,1252301,21,14/02/2025,Quevilly,Chateauroux,0,0,17,5,2,3,11,8,0,1,5,4,5,0.8,1.0,4,4,2,1,3,1,0.4,0.6,4,0,4,6,10,25,0,3,2,5,9,1.0,1.8,0,7,6,0,4,3,0.0,0.0,1,2,3,3,2,1,13,18,12,8,4,35,28,7,1531,1507,24,51000000,57000000,2,2,1,1
2024,1252299,21,14/02/2025,Le Mans,Boulogne,0,0,14,4,2,4,12,16,0,1,9,8,10,1.6,2.0,1,6,7,0,4,5,0.25,0.5,15,4,3,3,13,14,0,1,4,4,8,0.8,1.6,3,5,6,2,1,3,0.6,0.2,3,5,4,4,5,3,-1,-3,19,20,-1,35,28,7,1598,1599,-1,58000000,59000000,2,0,0,1
2024,1252298,21,14/02/2025,Gobelins,Dijon,0,0,15,4,3,3,13,11,1,0,7,8,6,1.6,1.2,3,6,4,1,3,3,0.4,0.4,16,4,4,2,12,7,0,0,8,4,4,0.8,0.8,5,3,3,2,2,1,0.6,0.2,0,1,1,1,1,0,-1,-3,19,10,9,28,28,0,1538,1589,-51,58000000,59000000,1,2,0,1
2024,1252296,21,14/02/2025,Aubagne,Villefranche,0,0,16,5,1,4,20,10,0,1,7,6,4,1.2,0.8,3,5,6,2,2,2,0.8,0.2,11,2,5,3,11,13,0,0,6,6,7,1.2,1.4,2,7,5,1,4,3,0.33,0.0,1,1,0,0,1,1,5,12,11,3,8,31,35,-4,1530,1502,28,50000000,52000000,0,0,0,0
2024,1252305,22,21/02/2025,Dijon,Nancy,0,0,16,4,4,2,12,7,0,0,8,4,4,0.8,0.8,5,3,3,2,2,1,0.6,0.2,19,6,1,3,14,10,0,0,10,8,3,1.6,0.6,5,4,5,3,2,2,0.67,0.57,7,3,7,7,3,7,-3,1,10,3,7,35,38,-3,1589,1502,87,59000000,52000000,2,0,1,0
2024,1252310,22,21/02/2025,Chateauroux,Rouen,0,0,4,0,4,6,10,25,0,3,2,5,9,1.0,1.8,0,7,6,0,4,3,0.0,0.0,13,3,4,3,10,8,0,0,3,2,4,0.4,0.8,4,4,3,2,2,1,0.4,0.2,0,2,2,2,2,0,-9,-17,8,2,6,35,35,0,1507,1521,-14,57000000,51000000,2,2,1,1
2024,1252306,22,21/02/2025,Sochaux,Aubagne,0,0,16,3,7,0,10,6,0,0,9,4,1,0.8,0.2,5,5,2,4,1,0,0.5,0.0,16,5,1,4,20,10,0,1,7,6,4,1.2,0.8,3,5,6,2,2,2,0.8,0.2,1,1,0,0,1,1,0,-6,16,11,5,42,38,4,1515,1530,-15,55000000,50000000,1,0,1,0
2024,1252303,22,21/02/2025,Bourg-en-bresse 01,Le Mans,0,0,13,4,1,5,9,12,0,2,6,4,7,0.8,1.4,1,5,5,0,2,3,0.6,0.2,14,4,2,4,12,16,0,1,9,8,10,1.6,2.0,1,6,7,0,4,5,0.25,0.5,4,4,2,2,4,4,-1,1,11,19,-8,42,42,0,1530,1598,-68,50000000,58000000,1,2,0,0
2024,1252304,22,21/02/2025,Boulogne,Gobelins,0,0,15,4,3,3,13,14,0,1,4,4,8,0.8,1.6,3,5,6,2,1,3,0.6,0.2,15,4,3,3,13,11,1,0,7,8,6,1.6,1.2,3,6,4,1,3,3,0.4,0.4,1,1,0,0,1,1,0,-3,20,19,1,35,35,0,1599,1538,61,59000000,58000000,0,1,1,0
2024,1252309,22,21/02/2025,Concarneau,Valenciennes,0,0,12,3,3,4,15,15,0,0,9,10,7,2.0,1.4,0,9,7,0,5,3,0.4,0.2,7,1,4,5,9,16,0,0,5,6,9,1.2,1.8,2,6,4,1,3,2,0.25,0.0,2,2,0,0,2,2,5,7,1,6,-5,69,42,27,1500,1505,-5,50000000,55000000,1,0,0,1
2024,1252307,22,21/02/2025,Villefranche,Orleans,0,0,11,2,5,3,11,13,0,0,6,6,7,1.2,1.4,2,7,5,1,4,3,0.33,0.0,18,5,3,2,15,10,0,0,8,7,6,1.4,1.2,2,6,4,1,3,2,0.67,0.25,5,3,2,2,3,5,-7,-7,3,4,-1,42,35,7,1502,1503,-1,52000000,53000000,0,1,0,1
2024,1252308,22,21/02/2025,Versailles,Nimes,0,0,9,2,3,5,9,12,0,0,8,6,4,1.2,0.8,2,5,3,2,3,2,0.17,0.25,11,2,5,3,7,8,1,0,9,4,1,0.8,0.2,5,4,2,4,1,0,0.33,0.0,2,1,1,1,1,2,-2,-2,12,13,-1,42,42,0,1531,1592,-61,51000000,52000000,2,2,1,0
2024,1252313,23,28/02/2025,Nimes,Villefranche,0,0,11,2,5,3,7,8,1,0,9,4,1,0.8,0.2,5,4,2,4,1,0,0.33,0.0,11,2,5,3,11,13,0,0,6,6,7,1.2,1.4,2,7,5,1,4,3,0.33,0.0,0,4,0,0,4,0,0,1,13,3,10,49,49,0,1592,1502,90,52000000,52000000,2,0,0,0
2024,1252316,23,28/02/2025,Nancy,Boulogne,0,0,19,6,1,3,14,10,0,0,10,8,3,1.6,0.6,5,4,5,3,2,2,0.67,0.57,15,4,3,3,13,14,0,1,4,4,8,0.8,1.6,3,5,6,2,1,3,0.6,0.2,0,2,0,0,2,0,4,5,3,20,-17,45,42,3,1502,1599,-97,52000000,59000000,0,0,0,1
2024,1252314,23,28/02/2025,Orleans,Sochaux,0,0,18,5,3,2,15,10,0,0,8,7,6,1.4,1.2,2,6,4,1,3,2,0.67,0.25,16,3,7,0,10,6,0,0,9,4,1,0.8,0.2,5,5,2,4,1,0,0.5,0.0,6,6,2,2,6,6,2,1,4,16,-12,42,49,-7,1503,1515,-12,53000000,55000000,1,1,1,1
2024,1252312,23,28/02/2025,Valenciennes,Versailles,0,0,7,1,4,5,9,16,0,0,5,6,9,1.2,1.8,2,6,4,1,3,2,0.25,0.0,9,2,3,5,9,12,0,0,8,6,4,1.2,0.8,2,5,3,2,3,2,0.17,0.25,0,2,0,0,2,0,-2,-4,6,12,-6,49,49,0,1505,1531,-26,55000000,51000000,0,2,1,1
2024,1252318,23,28/02/2025,Le Mans,Quevilly,0,0,14,4,2,4,12,16,0,1,9,8,10,1.6,2.0,1,6,7,0,4,5,0.25,0.5,17,5,2,3,11,8,0,1,5,4,5,0.8,1.0,4,4,2,1,3,1,0.4,0.6,3,5,2,2,5,3,-3,-7,19,12,7,49,49,0,1598,1531,67,58000000,51000000,2,2,0,1
2024,1252311,23,28/02/2025,Rouen,Concarneau,0,0,13,3,4,3,10,8,0,0,3,2,4,0.4,0.8,4,4,3,2,2,1,0.4,0.2,12,3,3,4,15,15,0,0,9,10,7,2.0,1.4,0,9,7,0,5,3,0.4,0.2,0,2,0,0,2,0,1,2,2,1,1,42,76,-34,1521,1500,21,51000000,50000000,2,1,1,0
2024,1252317,23,28/02/2025,Gobelins,Bourg-en-bresse 01,0,0,15,4,3,3,13,11,1,0,7,8,6,1.6,1.2,3,6,4,1,3,3,0.4,0.4,13,4,1,5,9,12,0,2,6,4,7,0.8,1.4,1,5,5,0,2,3,0.6,0.2,3,1,0,0,1,3,2,5,19,11,8,42,49,-7,1538,1530,8,58000000,50000000,1,1,0,0
2024,1252315,23,28/02/2025,Aubagne,Dijon,0,0,16,5,1,4,20,10,0,1,7,6,4,1.2,0.8,3,5,6,2,2,2,0.8,0.2,16,4,4,2,12,7,0,0,8,4,4,0.8,0.8,5,3,3,2,2,1,0.6,0.2,0,1,2,2,1,0,0,5,11,10,1,45,42,3,1530,1589,-59,50000000,59000000,0,2,0,1
2024,1252324,24,07/03/2025,Dijon,Orleans,0,0,16,4,4,2,12,7,0,0,8,4,4,0.8,0.8,5,3,3,2,2,1,0.6,0.2,18,5,3,2,15,10,0,0,8,7,6,1.4,1.2,2,6,4,1,3,2,0.67,0.25,4,2,0,0,2,4,-2,0,10,4,6,49,49,0,1589,1503,86,59000000,53000000,2,1,1,1
2024,1252328,24,07/03/2025,Chateauroux,Concarneau,0,0,4,0,4,6,10,25,0,3,2,5,9,1.0,1.8,0,7,6,0,4,3,0.0,0.0,12,3,3,4,15,15,0,0,9,10,7,2.0,1.4,0,9,7,0,5,3,0.4,0.2,2,3,3,3,3,2,-8,-15,8,1,7,49,83,-34,1507,1500,7,57000000,50000000,2,1,1,0
2024,1252325,24,07/03/2025,Sochaux,Nimes,0,0,16,3,7,0,10,6,0,0,9,4,1,0.8,0.2,5,5,2,4,1,0,0.5,0.0,11,2,5,3,7,8,1,0,9,4,1,0.8,0.2,5,4,2,4,1,0,0.33,0.0,8,4,4,4,4,8,5,5,16,13,3,56,56,0,1515,1592,-77,55000000,52000000,1,2,1,0
2024,1252322,24,07/03/2025,Bourg-en-bresse 01,Nancy,0,0,13,4,1,5,9,12,0,2,6,4,7,0.8,1.4,1,5,5,0,2,3,0.6,0.2,19,6,1,3,14,10,0,0,10,8,3,1.6,0.6,5,4,5,3,2,2,0.67,0.57,4,2,3,3,2,4,-6,-7,11,3,8,56,52,4,1530,1502,28,50000000,52000000,1,0,0,0
2024,1252321,24,07/03/2025,Quevilly,Gobelins,0,0,17,5,2,3,11,8,0,1,5,4,5,0.8,1.0,4,4,2,1,3,1,0.4,0.6,15,4,3,3,13,11,1,0,7,8,6,1.6,1.2,3,6,4,1,3,3,0.4,0.4,1,1,0,0,1,1,2,1,12,19,-7,56,49,7,1531,1538,-7,51000000,58000000,2,1,1,0
2024,1252323,24,07/03/2025,Boulogne,Aubagne,0,0,15,4,3,3,13,14,0,1,4,4,8,0.8,1.6,3,5,6,2,1,3,0.6,0.2,16,5,1,4,20,10,0,1,7,6,4,1.2,0.8,3,5,6,2,2,2,0.8,0.2,0,1,1,1,1,0,-1,-11,20,11,9,49,52,-3,1599,1530,69,59000000,50000000,0,0,1,0
2024,1252326,24,07/03/2025,Villefranche,Valenciennes,0,0,11,2,5,3,11,13,0,0,6,6,7,1.2,1.4,2,7,5,1,4,3,0.33,0.0,7,1,4,5,9,16,0,0,5,6,9,1.2,1.8,2,6,4,1,3,2,0.25,0.0,0,2,1,1,2,0,4,5,3,6,-3,56,56,0,1502,1505,-3,52000000,55000000,0,0,0,1
2024,1252327,24,07/03/2025,Versailles,Rouen,0,0,9,2,3,5,9,12,0,0,8,6,4,1.2,0.8,2,5,3,2,3,2,0.17,0.25,13,3,4,3,10,8,0,0,3,2,4,0.4,0.8,4,4,3,2,2,1,0.4,0.2,2,6,0,0,6,2,-4,-5,12,2,10,56,49,7,1531,1521,10,51000000,51000000,2,2,1,1
2024,1252333,25,14/03/2025,Nimes,Dijon,0,0,11,2,5,3,7,8,1,0,9,4,1,0.8,0.2,5,4,2,4,1,0,0.33,0.0,16,4,4,2,12,7,0,0,8,4,4,0.8,0.8,5,3,3,2,2,1,0.6,0.2,8,10,9,9,10,8,-5,-6,13,10,3,63,56,7,1592,1589,3,52000000,59000000,2,2,0,1
2024,1252336,25,14/03/2025,Nancy,Quevilly,0,0,19,6,1,3,14,10,0,0,10,8,3,1.6,0.6,5,4,5,3,2,2,0.67,0.57,17,5,2,3,11,8,0,1,5,4,5,0.8,1.0,4,4,2,1,3,1,0.4,0.6,1,1,4,4,1,1,2,1,3,12,-9,59,63,-4,1502,1531,-29,52000000,51000000,0,2,0,1
2024,1252334,25,14/03/2025,Orleans,Boulogne,0,0,18,5,3,2,15,10,0,0,8,7,6,1.4,1.2,2,6,4,1,3,2,0.67,0.25,15,4,3,3,13,14,0,1,4,4,8,0.8,1.6,3,5,6,2,1,3,0.6,0.2,6,3,3,3,3,6,3,6,4,20,-16,56,56,0,1503,1599,-96,53000000,59000000,1,0,1,1
2024,1252332,25,14/03/2025,Valenciennes,Sochaux,0,0,7,1,4,5,9,16,0,0,5,6,9,1.2,1.8,2,6,4,1,3,2,0.25,0.0,16,3,7,0,10,6,0,0,9,4,1,0.8,0.2,5,5,2,4,1,0,0.5,0.0,9,12,8,8,12,9,-9,-11,6,16,-10,63,63,0,1505,1515,-10,55000000,55000000,0,1,1,1
2024,1252337,25,14/03/2025,Le Mans,Chateauroux,0,0,14,4,2,4,12,16,0,1,9,8,10,1.6,2.0,1,6,7,0,4,5,0.25,0.5,4,0,4,6,10,25,0,3,2,5,9,1.0,1.8,0,7,6,0,4,3,0.0,0.0,7,4,6,6,4,7,10,11,19,8,11,63,56,7,1598,1507,91,58000000,57000000,2,2,0,1
2024,1252330,25,14/03/2025,Concarneau,Versailles,0,0,12,3,3,4,15,15,0,0,9,10,7,2.0,1.4,0,9,7,0,5,3,0.4,0.2,9,2,3,5,9,12,0,0,8,6,4,1.2,0.8,2,5,3,2,3,2,0.17,0.25,3,1,0,0,1,3,3,3,1,12,-11,90,63,27,1500,1531,-31,50000000,51000000,1,2,0,1
2024,1252331,25,14/03/2025,Rouen,Villefranche,0,0,13,3,4,3,10,8,0,0,3,2,4,0.4,0.8,4,4,3,2,2,1,0.4,0.2,11,2,5,3,11,13,0,0,6,6,7,1.2,1.4,2,7,5,1,4,3,0.33,0.0,1,2,1,1,2,1,2,4,2,3,-1,56,63,-7,1521,1502,19,51000000,52000000,2,0,1,0
2024,1252335,25,14/03/2025,Aubagne,Bourg-en-bresse 01,0,0,16,5,1,4,20,10,0,1,7,6,4,1.2,0.8,3,5,6,2,2,2,0.8,0.2,13,4,1,5,9,12,0,2,6,4,7,0.8,1.4,1,5,5,0,2,3,0.6,0.2,0,1,1,1,1,0,3,13,11,11,0,59,63,-4,1530,1530,0,50000000,50000000,0,1,0,0
2024,1252343,26,21/03/2025,Dijon,Valenciennes,0,0,16,4,4,2,12,7,0,0,8,4,4,0.8,0.8,5,3,3,2,2,1,0.6,0.2,7,1,4,5,9,16,0,0,5,6,9,1.2,1.8,2,6,4,1,3,2,0.25,0.0,6,4,4,4,4,6,9,12,10,6,4,63,70,-7,1589,1505,84,59000000,55000000,2,0,1,1
2024,1252346,26,21/03/2025,Chateauroux,Versailles,0,0,4,0,4,6,10,25,0,3,2,5,9,1.0,1.8,0,7,6,0,4,3,0.0,0.0,9,2,3,5,9,12,0,0,8,6,4,1.2,0.8,2,5,3,2,3,2,0.17,0.25,2,2,3,3,2,2,-5,-12,8,12,-4,63,70,-7,1507,1531,-24,57000000,51000000,2,2,1,1
2024,1252344,26,21/03/2025,Sochaux,Rouen,0,0,16,3,7,0,10,6,0,0,9,4,1,0.8,0.2,5,5,2,4,1,0,0.5,0.0,13,3,4,3,10,8,0,0,3,2,4,0.4,0.8,4,4,3,2,2,1,0.4,0.2,0,2,2,2,2,0,3,2,16,2,14,70,63,7,1515,1521,-6,55000000,51000000,1,2,1,1
2024,1252341,26,21/03/2025,Bourg-en-bresse 01,Orleans,0,0,13,4,1,5,9,12,0,2,6,4,7,0.8,1.4,1,5,5,0,2,3,0.6,0.2,18,5,3,2,15,10,0,0,8,7,6,1.4,1.2,2,6,4,1,3,2,0.67,0.25,4,4,8,8,4,4,-5,-8,11,4,7,70,63,7,1530,1503,27,50000000,53000000,1,1,0,1
2024,1252340,26,21/03/2025,Quevilly,Aubagne,0,0,17,5,2,3,11,8,0,1,5,4,5,0.8,1.0,4,4,2,1,3,1,0.4,0.6,16,5,1,4,20,10,0,1,7,6,4,1.2,0.8,3,5,6,2,2,2,0.8,0.2,0,2,0,0,2,0,1,-7,12,11,1,70,66,4,1531,1530,1,51000000,50000000,2,0,1,0
2024,1252338,26,21/03/2025,Le Mans,Gobelins,0,0,14,4,2,4,12,16,0,1,9,8,10,1.6,2.0,1,6,7,0,4,5,0.25,0.5,15,4,3,3,13,11,1,0,7,8,6,1.6,1.2,3,6,4,1,3,3,0.4,0.4,2,2,0,0,2,2,-1,-6,19,19,0,70,63,7,1598,1538,60,58000000,58000000,2,1,0,0
2024,1252342,26,21/03/2025,Boulogne,Nimes,0,0,15,4,3,3,13,14,0,1,4,4,8,0.8,1.6,3,5,6,2,1,3,0.6,0.2,11,2,5,3,7,8,1,0,9,4,1,0.8,0.2,5,4,2,4,1,0,0.33,0.0,2,1,1,1,1,2,4,0,20,13,7,63,70,-7,1599,1592,7,59000000,52000000,0,2,1,0
2024,1252345,26,21/03/2025,Villefranche,Concarneau,0,0,11,2,5,3,11,13,0,0,6,6,7,1.2,1.4,2,7,5,1,4,3,0.33,0.0,12,3,3,4,15,15,0,0,9,10,7,2.0,1.4,0,9,7,0,5,3,0.4,0.2,1,7,4,4,7,1,-1,-2,3,1,2,70,97,-27,1502,1500,2,52000000,50000000,0,1,0,0
2024,1252351,27,28/03/2025,Nimes,Bourg-en-bresse 01,0,0,11,2,5,3,7,8,1,0,9,4,1,0.8,0.2,5,4,2,4,1,0,0.33,0.0,13,4,1,5,9,12,0,2,6,4,7,0.8,1.4,1,5,5,0,2,3,0.6,0.2,2,4,2,2,4,2,-2,2,13,11,2,77,77,0,1592,1530,62,52000000,50000000,2,1,0,0
2024,1252354,27,28/03/2025,Nancy,Le Mans,0,0,19,6,1,3,14,10,0,0,10,8,3,1.6,0.6,5,4,5,3,2,2,0.67,0.57,14,4,2,4,12,16,0,1,9,8,10,1.6,2.0,1,6,7,0,4,5,0.25,0.5,5,2,1,1,2,5,5,8,3,19,-16,73,77,-4,1502,1598,-96,52000000,58000000,0,2,0,0
2024,1252352,27,28/03/2025,Orleans,Quevilly,0,0,18,5,3,2,15,10,0,0,8,7,6,1.4,1.2,2,6,4,1,3,2,0.67,0.25,17,5,2,3,11,8,0,1,5,4,5,0.8,1.0,4,4,2,1,3,1,0.4,0.6,4,3,6,6,3,4,1,2,4,12,-8,70,77,-7,1503,1531,-28,53000000,51000000,1,2,1,1
2024,1252350,27,28/03/2025,Valenciennes,Boulogne,0,0,7,1,4,5,9,16,0,0,5,6,9,1.2,1.8,2,6,4,1,3,2,0.25,0.0,15,4,3,3,13,14,0,1,4,4,8,0.8,1.6,3,5,6,2,1,3,0.6,0.2,1,2,0,0,2,1,-8,-6,6,20,-14,77,70,7,1505,1599,-94,55000000,59000000,0,0,1,1
2024,1252348,27,28/03/2025,Concarneau,Sochaux,0,0,12,3,3,4,15,15,0,0,9,10,7,2.0,1.4,0,9,7,0,5,3,0.4,0.2,16,3,7,0,10,6,0,0,9,4,1,0.8,0.2,5,5,2,4,1,0,0.5,0.0,0,1,1,1,1,0,-4,-4,1,16,-15,104,77,27,1500,1515,-15,50000000,55000000,1,1,0,1
2024,1252347,27,28/03/2025,Versailles,Villefranche,0,0,9,2,3,5,9,12,0,0,8,6,4,1.2,0.8,2,5,3,2,3,2,0.17,0.25,11,2,5,3,11,13,0,0,6,6,7,1.2,1.4,2,7,5,1,4,3,0.33,0.0,4,1,1,1,1,4,-2,-1,12,3,9,77,77,0,1531,1502,29,51000000,52000000,2,0,1,0
2024,1252349,27,28/03/2025,Rouen,Dijon,0,0,13,3,4,3,10,8,0,0,3,2,4,0.4,0.8,4,4,3,2,2,1,0.4,0.2,16,4,4,2,12,7,0,0,8,4,4,0.8,0.8,5,3,3,2,2,1,0.6,0.2,0,2,2,2,2,0,-3,-3,2,10,-8,70,70,0,1521,1589,-68,51000000,59000000,2,2,1,1
2024,1252355,27,28/03/2025,Gobelins,Chateauroux,0,0,15,4,3,3,13,11,1,0,7,8,6,1.6,1.2,3,6,4,1,3,3,0.4,0.4,4,0,4,6,10,25,0,3,2,5,9,1.0,1.8,0,7,6,0,4,3,0.0,0.0,0,3,1,1,3,0,11,17,19,8,11,70,70,0,1538,1507,31,58000000,57000000,1,2,0,1
2024,1252362,28,04/04/2025,Dijon,Concarneau,0,0,16,4,4,2,12,7,0,0,8,4,4,0.8,0.8,5,3,3,2,2,1,0.6,0.2,12,3,3,4,15,15,0,0,9,10,7,2.0,1.4,0,9,7,0,5,3,0.4,0.2,1,1,1,1,1,1,4,5,10,1,9,76,111,-35,1589,1500,89,59000000,50000000,2,1,1,0
2024,1252364,28,04/04/2025,Chateauroux,Villefranche,0,0,4,0,4,6,10,25,0,3,2,5,9,1.0,1.8,0,7,6,0,4,3,0.0,0.0,11,2,5,3,11,13,0,0,6,6,7,1.2,1.4,2,7,5,1,4,3,0.33,0.0,1,5,2,2,5,1,-7,-13,8,3,5,76,83,-7,1507,1502,5,57000000,52000000,2,0,1,0
2024,1252363,28,04/04/2025,Sochaux,Versailles,0,0,16,3,7,0,10,6,0,0,9,4,1,0.8,0.2,5,5,2,4,1,0,0.5,0.0,9,2,3,5,9,12,0,0,8,6,4,1.2,0.8,2,5,3,2,3,2,0.17,0.25,0,4,0,0,4,0,7,7,16,12,4,83,83,0,1515,1531,-16,55000000,51000000,1,2,1,1
2024,1252360,28,04/04/2025,Bourg-en-bresse 01,Valenciennes,0,0,13,4,1,5,9,12,0,2,6,4,7,0.8,1.4,1,5,5,0,2,3,0.6,0.2,7,1,4,5,9,16,0,0,5,6,9,1.2,1.8,2,6,4,1,3,2,0.25,0.0,1,5,2,2,5,1,6,4,11,6,5,83,83,0,1530,1505,25,50000000,55000000,1,0,0,1
2024,1252359,28,04/04/2025,Quevilly,Nimes,0,0,17,5,2,3,11,8,0,1,5,4,5,0.8,1.0,4,4,2,1,3,1,0.4,0.6,11,2,5,3,7,8,1,0,9,4,1,0.8,0.2,5,4,2,4,1,0,0.33,0.0,2,1,7,7,1,2,6,4,12,13,-1,83,83,0,1531,1592,-61,51000000,52000000,2,2,1,0
2024,1252357,28,04/04/2025,Le Mans,Aubagne,0,0,14,4,2,4,12,16,0,1,9,8,10,1.6,2.0,1,6,7,0,4,5,0.25,0.5,16,5,1,4,20,10,0,1,7,6,4,1.2,0.8,3,5,6,2,2,2,0.8,0.2,0,1,1,1,1,0,-2,-14,19,11,8,83,79,4,1598,1530,68,58000000,50000000,2,0,0,0
2024,1252361,28,04/04/2025,Boulogne,Rouen,0,0,15,4,3,3,13,14,0,1,4,4,8,0.8,1.6,3,5,6,2,1,3,0.6,0.2,13,3,4,3,10,8,0,0,3,2,4,0.4,0.8,4,4,3,2,2,1,0.4,0.2,1,3,2,2,3,1,2,-3,20,2,18,76,76,0,1599,1521,78,59000000,51000000,0,2,1,1
2024,1252356,28,04/04/2025,Gobelins,Nancy,0,0,15,4,3,3,13,11,1,0,7,8,6,1.6,1.2,3,6,4,1,3,3,0.4,0.4,19,6,1,3,14,10,0,0,10,8,3,1.6,0.6,5,4,5,3,2,2,0.67,0.57,1,2,1,1,2,1,-4,-2,19,3,16,76,79,-3,1538,1502,36,58000000,52000000,1,0,0,0
2024,1252373,29,11/04/2025,Nancy,Chateauroux,0,0,19,6,1,3,14,10,0,0,10,8,3,1.6,0.6,5,4,5,3,2,2,0.67,0.57,4,0,4,6,10,25,0,3,2,5,9,1.0,1.8,0,7,6,0,4,3,0.0,0.0,11,2,6,6,2,11,15,19,3,8,-5,86,83,3,1502,1507,-5,52000000,57000000,0,2,0,1
2024,1252371,29,11/04/2025,Orleans,Le Mans,0,0,18,5,3,2,15,10,0,0,8,7,6,1.4,1.2,2,6,4,1,3,2,0.67,0.25,14,4,2,4,12,16,0,1,9,8,10,1.6,2.0,1,6,7,0,4,5,0.25,0.5,4,4,6,6,4,4,4,9,4,19,-15,83,90,-7,1503,1598,-95,53000000,58000000,1,2,1,0
2024,1252369,29,11/04/2025,Valenciennes,Quevilly,0,0,7,1,4,5,9,16,0,0,5,6,9,1.2,1.8,2,6,4,1,3,2,0.25,0.0,17,5,2,3,11,8,0,1,5,4,5,0.8,1.0,4,4,2,1,3,1,0.4,0.6,1,7,2,2,7,1,-10,-10,6,12,-6,90,90,0,1505,1531,-26,55000000,51000000,0,2,1,1
2024,1252367,29,11/04/2025,Concarneau,Boulogne,0,0,12,3,3,4,15,15,0,0,9,10,7,2.0,1.4,0,9,7,0,5,3,0.4,0.2,15,4,3,3,13,14,0,1,4,4,8,0.8,1.6,3,5,6,2,1,3,0.6,0.2,3,5,6,6,5,3,-3,1,1,20,-19,118,83,35,1500,1599,-99,50000000,59000000,1,0,0,1
2024,1252365,29,11/04/2025,Villefranche,Sochaux,0,0,11,2,5,3,11,13,0,0,6,6,7,1.2,1.4,2,7,5,1,4,3,0.33,0.0,16,3,7,0,10,6,0,0,9,4,1,0.8,0.2,5,5,2,4,1,0,0.5,0.0,0,3,2,2,3,0,-5,-6,3,16,-13,90,90,0,1502,1515,-13,52000000,55000000,0,1,0,1
2024,1252366,29,11/04/2025,Versailles,Dijon,0,0,9,2,3,5,9,12,0,0,8,6,4,1.2,0.8,2,5,3,2,3,2,0.17,0.25,16,4,4,2,12,7,0,0,8,4,4,0.8,0.8,5,3,3,2,2,1,0.6,0.2,1,1,3,3,1,1,-7,-8,12,10,2,90,83,7,1531,1589,-58,51000000,59000000,2,2,1,1
2024,1252368,29,11/04/2025,Rouen,Bourg-en-bresse 01,0,0,13,3,4,3,10,8,0,0,3,2,4,0.4,0.8,4,4,3,2,2,1,0.4,0.2,13,4,1,5,9,12,0,2,6,4,7,0.8,1.4,1,5,5,0,2,3,0.6,0.2,3,1,0,0,1,3,0,5,2,11,-9,83,90,-7,1521,1530,-9,51000000,50000000,2,1,1,0
2024,1252372,29,11/04/2025,Aubagne,Gobelins,0,0,16,5,1,4,20,10,0,1,7,6,4,1.2,0.8,3,5,6,2,2,2,0.8,0.2,15,4,3,3,13,11,1,0,7,8,6,1.6,1.2,3,6,4,1,3,3,0.4,0.4,0,1,1,1,1,0,1,8,11,19,-8,86,83,3,1530,1538,-8,50000000,58000000,0,1,0,0
2024,1252381,30,18/04/2025,Dijon,Villefranche,0,0,16,4,4,2,12,7,0,0,8,4,4,0.8,0.8,5,3,3,2,2,1,0.6,0.2,11,2,5,3,11,13,0,0,6,6,7,1.2,1.4,2,7,5,1,4,3,0.33,0.0,2,1,2,2,1,2,5,7,10,3,7,90,97,-7,1589,1502,87,59000000,52000000,2,0,1,0
2024,1252375,30,18/04/2025,Nancy,Aubagne,0,0,19,6,1,3,14,10,0,0,10,8,3,1.6,0.6,5,4,5,3,2,2,0.67,0.57,16,5,1,4,20,10,0,1,7,6,4,1.2,0.8,3,5,6,2,2,2,0.8,0.2,0,1,2,2,1,0,3,-6,3,11,-8,93,93,0,1502,1530,-28,52000000,50000000,0,0,0,0
2024,1252382,30,18/04/2025,Chateauroux,Sochaux,0,0,4,0,4,6,10,25,0,3,2,5,9,1.0,1.8,0,7,6,0,4,3,0.0,0.0,16,3,7,0,10,6,0,0,9,4,1,0.8,0.2,5,5,2,4,1,0,0.5,0.0,4,8,2,2,8,4,-12,-19,8,16,-8,90,97,-7,1507,1515,-8,57000000,55000000,2,1,1,1
2024,1252379,30,18/04/2025,Bourg-en-bresse 01,Concarneau,0,0,13,4,1,5,9,12,0,2,6,4,7,0.8,1.4,1,5,5,0,2,3,0.6,0.2,12,3,3,4,15,15,0,0,9,10,7,2.0,1.4,0,9,7,0,5,3,0.4,0.2,3,6,3,3,6,3,1,-3,11,1,10,97,125,-28,1530,1500,30,50000000,50000000,1,1,0,0
2024,1252378,30,18/04/2025,Quevilly,Rouen,0,0,17,5,2,3,11,8,0,1,5,4,5,0.8,1.0,4,4,2,1,3,1,0.4,0.6,13,3,4,3,10,8,0,0,3,2,4,0.4,0.8,4,4,3,2,2,1,0.4,0.2,2,2,3,3,2,2,4,1,12,2,10,97,90,7,1531,1521,10,51000000,51000000,2,2,1,1
2024,1252377,30,18/04/2025,Le Mans,Nimes,0,0,14,4,2,4,12,16,0,1,9,8,10,1.6,2.0,1,6,7,0,4,5,0.25,0.5,11,2,5,3,7,8,1,0,9,4,1,0.8,0.2,5,4,2,4,1,0,0.33,0.0,1,5,2,2,5,1,3,-3,19,13,6,97,97,0,1598,1592,6,58000000,52000000,2,2,0,0
2024,1252380,30,18/04/2025,Boulogne,Versailles,0,0,15,4,3,3,13,14,0,1,4,4,8,0.8,1.6,3,5,6,2,1,3,0.6,0.2,9,2,3,5,9,12,0,0,8,6,4,1.2,0.8,2,5,3,2,3,2,0.17,0.25,3,2,0,0,2,3,6,2,20,12,8,90,97,-7,1599,1531,68,59000000,51000000,0,2,1,1
2024,1252376,30,18/04/2025,Gobelins,Orleans,0,0,15,4,3,3,13,11,1,0,7,8,6,1.6,1.2,3,6,4,1,3,3,0.4,0.4,18,5,3,2,15,10,0,0,8,7,6,1.4,1.2,2,6,4,1,3,2,0.67,0.25,0,3,1,1,3,0,-3,-3,19,4,15,90,90,0,1538,1503,35,58000000,53000000,1,1,0,1
2024,1252389,31,25/04/2025,Nimes,Gobelins,0,0,11,2,5,3,7,8,1,0,9,4,1,0.8,0.2,5,4,2,4,1,0,0.33,0.0,15,4,3,3,13,11,1,0,7,8,6,1.6,1.2,3,6,4,1,3,3,0.4,0.4,0,2,0,0,2,0,-4,-3,13,19,-6,104,97,7,1592,1538,54,52000000,58000000,2,1,0,0
2024,1252390,31,25/04/2025,Orleans,Nancy,0,0,18,5,3,2,15,10,0,0,8,7,6,1.4,1.2,2,6,4,1,3,2,0.67,0.25,19,6,1,3,14,10,0,0,10,8,3,1.6,0.6,5,4,5,3,2,2,0.67,0.57,4,5,7,7,5,4,-1,1,4,3,1,97,100,-3,1503,1502,1,53000000,52000000,1,0,1,0
2024,1252388,31,25/04/2025,Valenciennes,Le Mans,0,0,7,1,4,5,9,16,0,0,5,6,9,1.2,1.8,2,6,4,1,3,2,0.25,0.0,14,4,2,4,12,16,0,1,9,8,10,1.6,2.0,1,6,7,0,4,5,0.25,0.5,3,1,2,2,1,3,-7,-3,6,19,-13,104,104,0,1505,1598,-93,55000000,58000000,0,2,1,0
2024,1252383,31,25/04/2025,Sochaux,Dijon,0,0,16,3,7,0,10,6,0,0,9,4,1,0.8,0.2,5,5,2,4,1,0,0.5,0.0,16,4,4,2,12,7,0,0,8,4,4,0.8,0.8,5,3,3,2,2,1,0.6,0.2,6,7,4,4,7,6,0,-1,16,10,6,104,97,7,1515,1589,-74,55000000,59000000,1,2,1,1
2024,1252386,31,25/04/2025,Concarneau,Quevilly,0,0,12,3,3,4,15,15,0,0,9,10,7,2.0,1.4,0,9,7,0,5,3,0.4,0.2,17,5,2,3,11,8,0,1,5,4,5,0.8,1.0,4,4,2,1,3,1,0.4,0.6,5,4,3,3,4,5,-5,-3,1,12,-11,132,104,28,1500,1531,-31,50000000,51000000,1,2,0,1
2024,1252384,31,25/04/2025,Villefranche,Boulogne,0,0,11,2,5,3,11,13,0,0,6,6,7,1.2,1.4,2,7,5,1,4,3,0.33,0.0,15,4,3,3,13,14,0,1,4,4,8,0.8,1.6,3,5,6,2,1,3,0.6,0.2,4,5,1,1,5,4,-4,-1,3,20,-17,104,97,7,1502,1599,-97,52000000,59000000,0,0,0,1
2024,1252385,31,25/04/2025,Versailles,Bourg-en-bresse 01,0,0,9,2,3,5,9,12,0,0,8,6,4,1.2,0.8,2,5,3,2,3,2,0.17,0.25,13,4,1,5,9,12,0,2,6,4,7,0.8,1.4,1,5,5,0,2,3,0.6,0.2,1,1,2,2,1,1,-4,0,12,11,1,104,104,0,1531,1530,1,51000000,50000000,2,1,1,0
2024,1252391,31,25/04/2025,Aubagne,Chateauroux,0,0,16,5,1,4,20,10,0,1,7,6,4,1.2,0.8,3,5,6,2,2,2,0.8,0.2,4,0,4,6,10,25,0,3,2,5,9,1.0,1.8,0,7,6,0,4,3,0.0,0.0,1,1,0,0,1,1,12,25,11,8,3,100,97,3,1530,1507,23,50000000,57000000,0,2,0,1
2024,1252394,32,02/05/2025,Nancy,Nimes,0,0,19,6,1,3,14,10,0,0,10,8,3,1.6,0.6,5,4,5,3,2,2,0.67,0.57,11,2,5,3,7,8,1,0,9,4,1,0.8,0.2,5,4,2,4,1,0,0.33,0.0,4,5,5,5,5,4,8,5,3,13,-10,107,111,-4,1502,1592,-90,52000000,52000000,0,2,0,0
2024,1252400,32,02/05/2025,Chateauroux,Dijon,0,0,4,0,4,6,10,25,0,3,2,5,9,1.0,1.8,0,7,6,0,4,3,0.0,0.0,16,4,4,2,12,7,0,0,8,4,4,0.8,0.8,5,3,3,2,2,1,0.6,0.2,3,5,5,5,5,3,-12,-20,8,10,-2,104,104,0,1507,1589,-82,57000000,59000000,2,2,1,1
2024,1252398,32,02/05/2025,Bourg-en-bresse 01,Villefranche,0,0,13,4,1,5,9,12,0,2,6,4,7,0.8,1.4,1,5,5,0,2,3,0.6,0.2,11,2,5,3,11,13,0,0,6,6,7,1.2,1.4,2,7,5,1,4,3,0.33,0.0,5,5,4,4,5,5,2,-1,11,3,8,111,111,0,1530,1502,28,50000000,52000000,1,0,0,0
2024,1252397,32,02/05/2025,Quevilly,Versailles,0,0,17,5,2,3,11,8,0,1,5,4,5,0.8,1.0,4,4,2,1,3,1,0.4,0.6,9,2,3,5,9,12,0,0,8,6,4,1.2,0.8,2,5,3,2,3,2,0.17,0.25,1,3,0,0,3,1,8,6,12,12,0,111,111,0,1531,1531,0,51000000,51000000,2,2,1,1
2024,1252395,32,02/05/2025,Le Mans,Rouen,0,0,14,4,2,4,12,16,0,1,9,8,10,1.6,2.0,1,6,7,0,4,5,0.25,0.5,13,3,4,3,10,8,0,0,3,2,4,0.4,0.8,4,4,3,2,2,1,0.4,0.2,1,2,1,1,2,1,1,-6,19,2,17,111,104,7,1598,1521,77,58000000,51000000,2,2,0,1
2024,1252399,32,02/05/2025,Boulogne,Sochaux,0,0,15,4,3,3,13,14,0,1,4,4,8,0.8,1.6,3,5,6,2,1,3,0.6,0.2,16,3,7,0,10,6,0,0,9,4,1,0.8,0.2,5,5,2,4,1,0,0.5,0.0,0,2,0,0,2,0,-1,-5,20,16,4,104,111,-7,1599,1515,84,59000000,55000000,0,1,1,1
2024,1252392,32,02/05/2025,Gobelins,Valenciennes,0,0,15,4,3,3,13,11,1,0,7,8,6,1.6,1.2,3,6,4,1,3,3,0.4,0.4,7,1,4,5,9,16,0,0,5,6,9,1.2,1.8,2,6,4,1,3,2,0.25,0.0,0,2,0,0,2,0,8,9,19,6,13,104,111,-7,1538,1505,33,58000000,55000000,1,0,0,1
2024,1252393,32,02/05/2025,Aubagne,Orleans,0,0,16,5,1,4,20,10,0,1,7,6,4,1.2,0.8,3,5,6,2,2,2,0.8,0.2,18,5,3,2,15,10,0,0,8,7,6,1.4,1.2,2,6,4,1,3,2,0.67,0.25,0,1,1,1,1,0,-2,5,11,4,7,107,104,3,1530,1503,27,50000000,53000000,0,1,0,1
2024,1252401,33,09/05/2025,Dijon,Boulogne,0,0,16,4,4,2,12,7,0,0,8,4,4,0.8,0.8,5,3,3,2,2,1,0.6,0.2,15,4,3,3,13,14,0,1,4,4,8,0.8,1.6,3,5,6,2,1,3,0.6,0.2,1,3,0,0,3,1,1,6,10,20,-10,111,111,0,1589,1599,-10,59000000,59000000,2,0,1,1
2024,1252408,33,09/05/2025,Nimes,Aubagne,0,0,11,2,5,3,7,8,1,0,9,4,1,0.8,0.2,5,4,2,4,1,0,0.33,0.0,16,5,1,4,20,10,0,1,7,6,4,1.2,0.8,3,5,6,2,2,2,0.8,0.2,0,3,0,0,3,0,-5,-11,13,11,2,118,114,4,1592,1530,62,52000000,50000000,2,0,0,0
2024,1252407,33,09/05/2025,Valenciennes,Nancy,0,0,7,1,4,5,9,16,0,0,5,6,9,1.2,1.8,2,6,4,1,3,2,0.25,0.0,19,6,1,3,14,10,0,0,10,8,3,1.6,0.6,5,4,5,3,2,2,0.67,0.57,7,9,6,6,9,7,-12,-11,6,3,3,118,114,4,1505,1502,3,55000000,52000000,0,0,1,0
2024,1252409,33,09/05/2025,Chateauroux,Orleans,0,0,4,0,4,6,10,25,0,3,2,5,9,1.0,1.8,0,7,6,0,4,3,0.0,0.0,18,5,3,2,15,10,0,0,8,7,6,1.4,1.2,2,6,4,1,3,2,0.67,0.25,5,13,4,4,13,5,-14,-20,8,4,4,111,111,0,1507,1503,4,57000000,53000000,2,1,1,1
2024,1252402,33,09/05/2025,Sochaux,Bourg-en-bresse 01,0,0,16,3,7,0,10,6,0,0,9,4,1,0.8,0.2,5,5,2,4,1,0,0.5,0.0,13,4,1,5,9,12,0,2,6,4,7,0.8,1.4,1,5,5,0,2,3,0.6,0.2,2,6,2,2,6,2,3,7,16,11,5,118,118,0,1515,1530,-15,55000000,50000000,1,1,1,0
2024,1252405,33,09/05/2025,Concarneau,Le Mans,0,0,12,3,3,4,15,15,0,0,9,10,7,2.0,1.4,0,9,7,0,5,3,0.4,0.2,14,4,2,4,12,16,0,1,9,8,10,1.6,2.0,1,6,7,0,4,5,0.25,0.5,3,4,3,3,4,3,-2,4,1,19,-18,146,118,28,1500,1598,-98,50000000,58000000,1,2,0,0
2024,1252403,33,09/05/2025,Villefranche,Quevilly,0,0,11,2,5,3,11,13,0,0,6,6,7,1.2,1.4,2,7,5,1,4,3,0.33,0.0,17,5,2,3,11,8,0,1,5,4,5,0.8,1.0,4,4,2,1,3,1,0.4,0.6,4,2,4,4,2,4,-6,-5,3,12,-9,118,118,0,1502,1531,-29,52000000,51000000,0,2,0,1
2024,1252406,33,09/05/2025,Rouen,Gobelins,0,0,13,3,4,3,10,8,0,0,3,2,4,0.4,0.8,4,4,3,2,2,1,0.4,0.2,15,4,3,3,13,11,1,0,7,8,6,1.6,1.2,3,6,4,1,3,3,0.4,0.4,2,1,1,1,1,2,-2,0,2,19,-17,111,111,0,1521,1538,-17,51000000,58000000,2,1,1,0
2024,1252412,34,16/05/2025,Nancy,Rouen,0,0,19,6,1,3,14,10,0,0,10,8,3,1.6,0.6,5,4,5,3,2,2,0.67,0.57,13,3,4,3,10,8,0,0,3,2,4,0.4,0.8,4,4,3,2,2,1,0.4,0.2,2,2,0,0,2,2,6,2,3,2,1,121,118,3,1502,1521,-19,52000000,51000000,0,2,0,1
2024,1252410,34,16/05/2025,Orleans,Nimes,0,0,18,5,3,2,15,10,0,0,8,7,6,1.4,1.2,2,6,4,1,3,2,0.67,0.25,11,2,5,3,7,8,1,0,9,4,1,0.8,0.2,5,4,2,4,1,0,0.33,0.0,5,4,4,4,4,5,7,6,4,13,-9,118,125,-7,1503,1592,-89,53000000,52000000,1,2,1,0
2024,1252417,34,16/05/2025,Bourg-en-bresse 01,Dijon,0,0,13,4,1,5,9,12,0,2,6,4,7,0.8,1.4,1,5,5,0,2,3,0.6,0.2,16,4,4,2,12,7,0,0,8,4,4,0.8,0.8,5,3,3,2,2,1,0.6,0.2,3,2,2,2,2,3,-3,-8,11,10,1,125,118,7,1530,1589,-59,50000000,59000000,1,2,0,1
2024,1252416,34,16/05/2025,Quevilly,Sochaux,0,0,17,5,2,3,11,8,0,1,5,4,5,0.8,1.0,4,4,2,1,3,1,0.4,0.6,16,3,7,0,10,6,0,0,9,4,1,0.8,0.2,5,5,2,4,1,0,0.5,0.0,1,5,2,2,5,1,1,-1,12,16,-4,125,125,0,1531,1515,16,51000000,55000000,2,1,1,1
2024,1252414,34,16/05/2025,Le Mans,Versailles,0,0,14,4,2,4,12,16,0,1,9,8,10,1.6,2.0,1,6,7,0,4,5,0.25,0.5,9,2,3,5,9,12,0,0,8,6,4,1.2,0.8,2,5,3,2,3,2,0.17,0.25,1,4,2,2,4,1,5,-1,19,12,7,125,125,0,1598,1531,67,58000000,51000000,2,2,0,1
2024,1252418,34,16/05/2025,Boulogne,Chateauroux,0,0,15,4,3,3,13,14,0,1,4,4,8,0.8,1.6,3,5,6,2,1,3,0.6,0.2,4,0,4,6,10,25,0,3,2,5,9,1.0,1.8,0,7,6,0,4,3,0.0,0.0,3,4,5,5,4,3,11,14,20,8,12,118,118,0,1599,1507,92,59000000,57000000,0,2,1,1
2024,1252413,34,16/05/2025,Gobelins,Concarneau,0,0,15,4,3,3,13,11,1,0,7,8,6,1.6,1.2,3,6,4,1,3,3,0.4,0.4,12,3,3,4,15,15,0,0,9,10,7,2.0,1.4,0,9,7,0,5,3,0.4,0.2,0,2,2,2,2,0,3,2,19,1,18,118,153,-35,1538,1500,38,58000000,50000000,1,1,0,0
2024,1252411,34,16/05/2025,Aubagne,Valenciennes,0,0,16,5,1,4,20,10,0,1,7,6,4,1.2,0.8,3,5,6,2,2,2,0.8,0.2,7,1,4,5,9,16,0,0,5,6,9,1.2,1.8,2,6,4,1,3,2,0.25,0.0,0,1,1,1,1,0,9,17,11,6,5,121,125,-4,1530,1505,25,50000000,55000000,0,0,0,1
